module_id,model,fold,subject,truth,score
depression,Logistic Regression,1,83733,0,0.513861742767704
depression,Logistic Regression,1,83741,0,0.43207001749871743
depression,Logistic Regression,1,83752,0,0.28993729534824075
depression,Logistic Regression,1,83759,1,0.5364575245550891
depression,Logistic Regression,1,83775,0,0.7099042451207379
depression,Logistic Regression,1,83787,0,0.6385925375377517
depression,Logistic Regression,1,83801,0,0.48668517917026216
depression,Logistic Regression,1,83817,0,0.24479328105962833
depression,Logistic Regression,1,83827,0,0.2843928032485037
depression,Logistic Regression,1,83836,1,0.4541939666108809
depression,Logistic Regression,1,83847,0,0.22467528266411807
depression,Logistic Regression,1,83857,0,0.2690524556977458
depression,Logistic Regression,1,83866,0,0.26424297702607963
depression,Logistic Regression,1,83875,0,0.5113485057116426
depression,Logistic Regression,1,83885,0,0.4093059461151212
depression,Logistic Regression,1,83891,0,0.29115537281015563
depression,Logistic Regression,1,83899,0,0.5600326627445638
depression,Logistic Regression,1,83910,0,0.2845089978029741
depression,Logistic Regression,1,83919,1,0.45162232028380866
depression,Logistic Regression,1,83928,0,0.5411026269166755
depression,Logistic Regression,1,83941,1,0.4521429961578411
depression,Logistic Regression,1,83950,0,0.6008539048414808
depression,Logistic Regression,1,83958,0,0.6900748641698979
depression,Logistic Regression,1,83964,0,0.42992272932269154
depression,Logistic Regression,1,83975,0,0.37622894546654434
depression,Logistic Regression,1,83987,1,0.6378447930251646
depression,Logistic Regression,1,83994,0,0.2653047246181719
depression,Logistic Regression,1,84002,0,0.22124475529582507
depression,Logistic Regression,1,84011,1,0.4772267959916676
depression,Logistic Regression,1,84019,0,0.34389431758776695
depression,Logistic Regression,1,84026,0,0.5623863865048363
depression,Logistic Regression,1,84033,0,0.4331961940736853
depression,Logistic Regression,1,84041,0,0.2888450121159282
depression,Logistic Regression,1,84051,0,0.41908806213688377
depression,Logistic Regression,1,84065,0,0.511829202093015
depression,Logistic Regression,1,84072,0,0.45972516671819563
depression,Logistic Regression,1,84082,0,0.6660735237448298
depression,Logistic Regression,1,84090,0,0.5336129224911325
depression,Logistic Regression,1,84105,0,0.4867843919573511
depression,Logistic Regression,1,84112,0,0.6027958871481292
depression,Logistic Regression,1,84119,0,0.5080903311516473
depression,Logistic Regression,1,84128,1,0.6226656166125423
depression,Logistic Regression,1,84140,1,0.663701445052509
depression,Logistic Regression,1,84166,0,0.2650357747759093
depression,Logistic Regression,1,84171,0,0.29443551944515367
depression,Logistic Regression,1,84178,0,0.45407675439898365
depression,Logistic Regression,1,84189,0,0.4992338323439766
depression,Logistic Regression,1,84197,0,0.19932397025892173
depression,Logistic Regression,1,84208,0,0.6871881751437491
depression,Logistic Regression,1,84217,0,0.45402251924045484
depression,Logistic Regression,1,84224,1,0.5474797911505114
depression,Logistic Regression,1,84231,0,0.49241473017223036
depression,Logistic Regression,1,84239,0,0.1977485760936934
depression,Logistic Regression,1,84256,1,0.47701890999544144
depression,Logistic Regression,1,84271,0,0.40807275358713124
depression,Logistic Regression,1,84285,1,0.6368919015122487
depression,Logistic Regression,1,84293,0,0.24435128333608047
depression,Logistic Regression,1,84301,0,0.5334077432923164
depression,Logistic Regression,1,84315,0,0.21617486988183715
depression,Logistic Regression,1,84322,0,0.4991959487781513
depression,Logistic Regression,1,84338,0,0.31357543720291253
depression,Logistic Regression,1,84357,0,0.29147801288998987
depression,Logistic Regression,1,84368,0,0.3985648207240964
depression,Logistic Regression,1,84377,0,0.4631034854483153
depression,Logistic Regression,1,84385,0,0.47872403371697625
depression,Logistic Regression,1,84392,0,0.5694175478702509
depression,Logistic Regression,1,84398,0,0.4127498579987482
depression,Logistic Regression,1,84402,0,0.6682794787953567
depression,Logistic Regression,1,84410,1,0.6865810627784071
depression,Logistic Regression,1,84420,0,0.4640951022208049
depression,Logistic Regression,1,84427,0,0.3482666038470044
depression,Logistic Regression,1,84437,0,0.5285781461371699
depression,Logistic Regression,1,84451,0,0.3226823647577954
depression,Logistic Regression,1,84457,0,0.4753257316118416
depression,Logistic Regression,1,84470,0,0.5245315969856678
depression,Logistic Regression,1,84479,0,0.5443581033977023
depression,Logistic Regression,1,84490,0,0.31501098315511333
depression,Logistic Regression,1,84496,0,0.6661106041264193
depression,Logistic Regression,1,84503,1,0.22044971646473624
depression,Logistic Regression,1,84522,0,0.522504231265444
depression,Logistic Regression,1,84539,0,0.5579151638061619
depression,Logistic Regression,1,84546,0,0.5456646535923244
depression,Logistic Regression,1,84555,1,0.564504785303392
depression,Logistic Regression,1,84564,1,0.6625178072000073
depression,Logistic Regression,1,84575,0,0.4033349144584625
depression,Logistic Regression,1,84582,0,0.43289438256908963
depression,Logistic Regression,1,84592,0,0.5733066347392272
depression,Logistic Regression,1,84597,0,0.6923047906574886
depression,Logistic Regression,1,84608,0,0.19473434622073943
depression,Logistic Regression,1,84615,0,0.4460650952085857
depression,Logistic Regression,1,84623,0,0.5221001155234091
depression,Logistic Regression,1,84629,1,0.5259681460094385
depression,Logistic Regression,1,84642,1,0.6282255522392047
depression,Logistic Regression,1,84658,0,0.559349240645076
depression,Logistic Regression,1,84663,0,0.22106925703353528
depression,Logistic Regression,1,84673,0,0.42821664612094873
depression,Logistic Regression,1,84683,0,0.5754467970408332
depression,Logistic Regression,1,84688,0,0.6798527371660839
depression,Logistic Regression,1,84702,0,0.3128078942123341
depression,Logistic Regression,1,84709,0,0.47445081122084176
depression,Logistic Regression,1,84716,0,0.6547193548097849
depression,Logistic Regression,1,84726,0,0.21280290777753236
depression,Logistic Regression,1,84736,0,0.6100318069504712
depression,Logistic Regression,1,84751,0,0.43825656365138876
depression,Logistic Regression,1,84756,0,0.212471386556557
depression,Logistic Regression,1,84764,0,0.2119196896071511
depression,Logistic Regression,1,84771,0,0.32376185562226956
depression,Logistic Regression,1,84776,0,0.47614148924369776
depression,Logistic Regression,1,84784,0,0.4378957831874383
depression,Logistic Regression,1,84791,1,0.3232966398992409
depression,Logistic Regression,1,84800,0,0.5445048682092015
depression,Logistic Regression,1,84808,0,0.21147908663471734
depression,Logistic Regression,1,84820,0,0.2254757144715309
depression,Logistic Regression,1,84830,0,0.5530689930507737
depression,Logistic Regression,1,84837,0,0.6005514079201295
depression,Logistic Regression,1,84847,0,0.507114477165935
depression,Logistic Regression,1,84852,0,0.5594009805744594
depression,Logistic Regression,1,84866,0,0.45339306129922685
depression,Logistic Regression,1,84872,0,0.5303371021883067
depression,Logistic Regression,1,84885,0,0.5264394838909737
depression,Logistic Regression,1,84896,0,0.5416767742365725
depression,Logistic Regression,1,84904,0,0.4621764523049154
depression,Logistic Regression,1,84913,0,0.5536126105233092
depression,Logistic Regression,1,84919,0,0.5803952038017026
depression,Logistic Regression,1,84926,0,0.5297456515804914
depression,Logistic Regression,1,84933,0,0.5531005221355244
depression,Logistic Regression,1,84940,0,0.2620142496406553
depression,Logistic Regression,1,84949,0,0.49287862923926284
depression,Logistic Regression,1,84956,0,0.292656100020567
depression,Logistic Regression,1,84970,0,0.6694981713333349
depression,Logistic Regression,1,84980,0,0.5548266228041502
depression,Logistic Regression,1,84992,0,0.44816283993649175
depression,Logistic Regression,1,85001,0,0.5333451142341553
depression,Logistic Regression,1,85014,0,0.3405717169052927
depression,Logistic Regression,1,85022,0,0.4252000380236112
depression,Logistic Regression,1,85039,0,0.6475021531813253
depression,Logistic Regression,1,85048,0,0.4181757986858568
depression,Logistic Regression,1,85054,0,0.4282090213558238
depression,Logistic Regression,1,85061,0,0.566664696111618
depression,Logistic Regression,1,85067,0,0.29296681467166175
depression,Logistic Regression,1,85077,0,0.5903331803116468
depression,Logistic Regression,1,85101,0,0.4560921311369738
depression,Logistic Regression,1,85107,0,0.6020982516870831
depression,Logistic Regression,1,85114,0,0.5009638515771446
depression,Logistic Regression,1,85126,0,0.293202941983403
depression,Logistic Regression,1,85137,0,0.39322309109249987
depression,Logistic Regression,1,85148,0,0.5115982693149242
depression,Logistic Regression,1,85157,0,0.6184920107398966
depression,Logistic Regression,1,85163,0,0.5484901083526744
depression,Logistic Regression,1,85176,0,0.3398572546249802
depression,Logistic Regression,1,85187,0,0.5232597625547281
depression,Logistic Regression,1,85198,0,0.4104828403282198
depression,Logistic Regression,1,85209,0,0.46250566284416
depression,Logistic Regression,1,85215,0,0.6141004736848262
depression,Logistic Regression,1,85222,0,0.5317542441056364
depression,Logistic Regression,1,85231,0,0.6887275706154813
depression,Logistic Regression,1,85238,0,0.5227829956220483
depression,Logistic Regression,1,85245,1,0.5193667345468093
depression,Logistic Regression,1,85253,0,0.4032709446197006
depression,Logistic Regression,1,85261,1,0.46441664750000977
depression,Logistic Regression,1,85274,1,0.6267799743970897
depression,Logistic Regression,1,85283,0,0.6045180206797852
depression,Logistic Regression,1,85288,1,0.532927651156919
depression,Logistic Regression,1,85296,1,0.5545022254181535
depression,Logistic Regression,1,85308,0,0.5826842434094428
depression,Logistic Regression,1,85316,0,0.20080282572082528
depression,Logistic Regression,1,85322,0,0.5641654340883059
depression,Logistic Regression,1,85335,1,0.5132404423108519
depression,Logistic Regression,1,85343,0,0.6374825308518717
depression,Logistic Regression,1,85352,0,0.6220249283391659
depression,Logistic Regression,1,85360,0,0.39338405976864055
depression,Logistic Regression,1,85368,0,0.47736189302892523
depression,Logistic Regression,1,85376,0,0.5860883929371801
depression,Logistic Regression,1,85388,0,0.4617754586347
depression,Logistic Regression,1,85394,0,0.4547530021734525
depression,Logistic Regression,1,85400,0,0.40350126445654305
depression,Logistic Regression,1,85408,0,0.4840262543658397
depression,Logistic Regression,1,85422,0,0.5857176968063851
depression,Logistic Regression,1,85429,0,0.5815550179384706
depression,Logistic Regression,1,85441,0,0.2774219858665007
depression,Logistic Regression,1,85448,0,0.5017378117169068
depression,Logistic Regression,1,85464,0,0.5096358593079113
depression,Logistic Regression,1,85470,0,0.7311081438894738
depression,Logistic Regression,1,85483,0,0.5809838572995386
depression,Logistic Regression,1,85489,0,0.4129081004727318
depression,Logistic Regression,1,85499,1,0.5849950773993599
depression,Logistic Regression,1,85511,0,0.3252416042499697
depression,Logistic Regression,1,85522,0,0.4729263243658776
depression,Logistic Regression,1,85529,0,0.49467854977103876
depression,Logistic Regression,1,85537,0,0.33044406760652417
depression,Logistic Regression,1,85545,0,0.21830209467027162
depression,Logistic Regression,1,85553,0,0.5461255877749108
depression,Logistic Regression,1,85571,0,0.4457602297616921
depression,Logistic Regression,1,85580,0,0.6102031257167102
depression,Logistic Regression,1,85588,0,0.34555984796448563
depression,Logistic Regression,1,85599,0,0.616953633657036
depression,Logistic Regression,1,85604,0,0.602844517187585
depression,Logistic Regression,1,85625,0,0.19712105100394392
depression,Logistic Regression,1,85631,1,0.4150712538341798
depression,Logistic Regression,1,85644,0,0.6098468381005921
depression,Logistic Regression,1,85655,0,0.5752757396911604
depression,Logistic Regression,1,85662,0,0.6834096571395872
depression,Logistic Regression,1,85669,0,0.3656937567896991
depression,Logistic Regression,1,85676,1,0.4988486688659479
depression,Logistic Regression,1,85684,0,0.3929116312531579
depression,Logistic Regression,1,85701,0,0.6805792402069563
depression,Logistic Regression,1,85707,0,0.2677563626880489
depression,Logistic Regression,1,85722,0,0.6997880409958871
depression,Logistic Regression,1,85728,1,0.57392704304866
depression,Logistic Regression,1,85736,0,0.5370400623662733
depression,Logistic Regression,1,85745,0,0.4431368308588833
depression,Logistic Regression,1,85756,1,0.5778637979636226
depression,Logistic Regression,1,85772,0,0.6198007330419912
depression,Logistic Regression,1,85778,0,0.5968448861866573
depression,Logistic Regression,1,85785,0,0.6753198766126053
depression,Logistic Regression,1,85791,0,0.5607043248369817
depression,Logistic Regression,1,85801,0,0.19932397025892173
depression,Logistic Regression,1,85810,0,0.44091822333694697
depression,Logistic Regression,1,85816,0,0.26236223697516775
depression,Logistic Regression,1,85827,0,0.5425553975644072
depression,Logistic Regression,1,85834,0,0.6939822945135454
depression,Logistic Regression,1,85846,0,0.2828793476518173
depression,Logistic Regression,1,85855,0,0.5444310035287487
depression,Logistic Regression,1,85863,0,0.7162873048773143
depression,Logistic Regression,1,85870,0,0.5561174035788948
depression,Logistic Regression,1,85880,0,0.46198258873282677
depression,Logistic Regression,1,85898,0,0.5756003141746053
depression,Logistic Regression,1,85904,0,0.5045788310234677
depression,Logistic Regression,1,85918,0,0.3695445348303233
depression,Logistic Regression,1,85922,0,0.5084579081552578
depression,Logistic Regression,1,85935,0,0.519675695848214
depression,Logistic Regression,1,85943,0,0.43885411860728624
depression,Logistic Regression,1,85949,0,0.5654135457181183
depression,Logistic Regression,1,85960,0,0.4824827201520319
depression,Logistic Regression,1,85966,0,0.28100856194464896
depression,Logistic Regression,1,85977,0,0.31205311759782556
depression,Logistic Regression,1,85986,0,0.4694420641647994
depression,Logistic Regression,1,85995,0,0.4631614118810065
depression,Logistic Regression,1,86007,0,0.2800760005635805
depression,Logistic Regression,1,86014,0,0.2829535126165745
depression,Logistic Regression,1,86026,0,0.5016699559630625
depression,Logistic Regression,1,86032,0,0.6883342116857096
depression,Logistic Regression,1,86035,0,0.20165156734554737
depression,Logistic Regression,1,86041,0,0.5420789445654871
depression,Logistic Regression,1,86053,0,0.46114394399438635
depression,Logistic Regression,1,86059,0,0.5651592983368207
depression,Logistic Regression,1,86065,0,0.4538453498845806
depression,Logistic Regression,1,86072,0,0.5193667345468093
depression,Logistic Regression,1,86086,0,0.581948147750279
depression,Logistic Regression,1,86093,0,0.28952339921900183
depression,Logistic Regression,1,86103,0,0.46704443424407227
depression,Logistic Regression,1,86112,0,0.5069794483125429
depression,Logistic Regression,1,86121,0,0.595950646916204
depression,Logistic Regression,1,86132,0,0.5920068286756913
depression,Logistic Regression,1,86149,0,0.4859303313824609
depression,Logistic Regression,1,86156,0,0.6289207454494374
depression,Logistic Regression,1,86163,0,0.2636355748853544
depression,Logistic Regression,1,86173,0,0.2803677166168828
depression,Logistic Regression,1,86181,0,0.3818266983085088
depression,Logistic Regression,1,86189,0,0.6344820114688386
depression,Logistic Regression,1,86196,1,0.539753013254702
depression,Logistic Regression,1,86208,0,0.19995676167615914
depression,Logistic Regression,1,86213,0,0.5581910489643798
depression,Logistic Regression,1,86219,0,0.6790552497209769
depression,Logistic Regression,1,86226,0,0.5498118336814003
depression,Logistic Regression,1,86238,0,0.5774584675569031
depression,Logistic Regression,1,86245,0,0.6726945007795382
depression,Logistic Regression,1,86255,1,0.7290388338676023
depression,Logistic Regression,1,86262,0,0.27335139879981074
depression,Logistic Regression,1,86276,1,0.43405112711727645
depression,Logistic Regression,1,86282,0,0.5709091765041157
depression,Logistic Regression,1,86291,0,0.47380584993506364
depression,Logistic Regression,1,86299,0,0.6675769876939964
depression,Logistic Regression,1,86312,0,0.20292466508411972
depression,Logistic Regression,1,86324,0,0.4283621960682984
depression,Logistic Regression,1,86329,0,0.5161986160235011
depression,Logistic Regression,1,86338,0,0.5856673610209574
depression,Logistic Regression,1,86350,0,0.31309220436779583
depression,Logistic Regression,1,86357,0,0.25918132920847503
depression,Logistic Regression,1,86364,0,0.32282460903890176
depression,Logistic Regression,1,86372,0,0.32514237540538526
depression,Logistic Regression,1,86386,0,0.6038216085689797
depression,Logistic Regression,1,86400,0,0.6702474518702385
depression,Logistic Regression,1,86406,0,0.38090049980982
depression,Logistic Regression,1,86418,0,0.2239807537628431
depression,Logistic Regression,1,86432,0,0.5349574754483899
depression,Logistic Regression,1,86443,0,0.19932397025892173
depression,Logistic Regression,1,86451,1,0.3845365369029386
depression,Logistic Regression,1,86460,0,0.6334576752750529
depression,Logistic Regression,1,86473,0,0.6878971589750557
depression,Logistic Regression,1,86485,0,0.5251228966410585
depression,Logistic Regression,1,86494,0,0.5102650649673844
depression,Logistic Regression,1,86505,0,0.2668406737386666
depression,Logistic Regression,1,86515,0,0.6061885358008375
depression,Logistic Regression,1,86521,0,0.5011019587921716
depression,Logistic Regression,1,86530,0,0.6076731306112214
depression,Logistic Regression,1,86540,1,0.6309354526818768
depression,Logistic Regression,1,86546,0,0.1987882121709416
depression,Logistic Regression,1,86555,1,0.5411404291001415
depression,Logistic Regression,1,86565,0,0.2192045140255142
depression,Logistic Regression,1,86569,0,0.33708964753224147
depression,Logistic Regression,1,86579,0,0.20059105872095062
depression,Logistic Regression,1,86588,1,0.4445839365445984
depression,Logistic Regression,1,86598,0,0.496233584666046
depression,Logistic Regression,1,86607,1,0.38731535685673846
depression,Logistic Regression,1,86617,0,0.6671507709144341
depression,Logistic Regression,1,86626,0,0.2833663726945043
depression,Logistic Regression,1,86637,0,0.32428717344057895
depression,Logistic Regression,1,86644,0,0.5239719582497112
depression,Logistic Regression,1,86656,0,0.6573538731579384
depression,Logistic Regression,1,86665,0,0.5049748666676057
depression,Logistic Regression,1,86670,0,0.5686876423065362
depression,Logistic Regression,1,86679,0,0.24683529078554228
depression,Logistic Regression,1,86695,0,0.7096569243851045
depression,Logistic Regression,1,86703,1,0.6278111122702317
depression,Logistic Regression,1,86712,0,0.28922139129784413
depression,Logistic Regression,1,86727,0,0.35803732187483217
depression,Logistic Regression,1,86733,0,0.2367540747100709
depression,Logistic Regression,1,86742,0,0.5202528845725196
depression,Logistic Regression,1,86747,0,0.22135849967853188
depression,Logistic Regression,1,86754,0,0.5478808896991487
depression,Logistic Regression,1,86767,1,0.5558417603262411
depression,Logistic Regression,1,86777,0,0.5175426501373344
depression,Logistic Regression,1,86785,1,0.4836009927078041
depression,Logistic Regression,1,86798,0,0.2245603254884708
depression,Logistic Regression,1,86809,0,0.21999632943884428
depression,Logistic Regression,1,86816,0,0.2245603254884708
depression,Logistic Regression,1,86829,0,0.3678182639014897
depression,Logistic Regression,1,86842,0,0.433520861150706
depression,Logistic Regression,1,86859,0,0.5076563073934377
depression,Logistic Regression,1,86871,0,0.44315167607645994
depression,Logistic Regression,1,86879,0,0.6871873515653102
depression,Logistic Regression,1,86888,0,0.501789207705652
depression,Logistic Regression,1,86897,0,0.20485313664404528
depression,Logistic Regression,1,86908,0,0.31005494013506846
depression,Logistic Regression,1,86922,0,0.28180940397588383
depression,Logistic Regression,1,86934,0,0.21595654470445172
depression,Logistic Regression,1,86950,0,0.5489433794433871
depression,Logistic Regression,1,86961,0,0.3639956500393731
depression,Logistic Regression,1,86969,0,0.2754483003694655
depression,Logistic Regression,1,86974,0,0.5457870076178969
depression,Logistic Regression,1,86983,0,0.4720500434248159
depression,Logistic Regression,1,86991,0,0.5185428593749752
depression,Logistic Regression,1,86999,0,0.45246991226856875
depression,Logistic Regression,1,87007,0,0.43413929192935613
depression,Logistic Regression,1,87018,0,0.3568241793891596
depression,Logistic Regression,1,87031,0,0.4245023740107046
depression,Logistic Regression,1,87049,0,0.36152734175446444
depression,Logistic Regression,1,87055,0,0.34642934557297067
depression,Logistic Regression,1,87066,0,0.5627034947196056
depression,Logistic Regression,1,87078,0,0.604831851128796
depression,Logistic Regression,1,87086,0,0.6909548366935332
depression,Logistic Regression,1,87107,0,0.5933680651744476
depression,Logistic Regression,1,87115,0,0.6067250989908097
depression,Logistic Regression,1,87122,1,0.545971382612935
depression,Logistic Regression,1,87129,0,0.34364870195007335
depression,Logistic Regression,1,87140,0,0.2559576495222474
depression,Logistic Regression,1,87149,0,0.4976417397658814
depression,Logistic Regression,1,87158,0,0.6251503724847085
depression,Logistic Regression,1,87164,0,0.29147175632371536
depression,Logistic Regression,1,87169,0,0.2680152642068651
depression,Logistic Regression,1,87176,0,0.4446711757828449
depression,Logistic Regression,1,87186,0,0.42305311221200237
depression,Logistic Regression,1,87194,0,0.3220430189756082
depression,Logistic Regression,1,87201,0,0.537622268379925
depression,Logistic Regression,1,87211,0,0.2636659568123713
depression,Logistic Regression,1,87221,0,0.22329315435641545
depression,Logistic Regression,1,87229,0,0.35677600407018345
depression,Logistic Regression,1,87237,0,0.3847704458068845
depression,Logistic Regression,1,87244,0,0.3240505877363418
depression,Logistic Regression,1,87253,0,0.43533423228277063
depression,Logistic Regression,1,87258,0,0.47132450740510773
depression,Logistic Regression,1,87265,0,0.5027855564402358
depression,Logistic Regression,1,87276,0,0.6034042002165614
depression,Logistic Regression,1,87284,0,0.6364365890313894
depression,Logistic Regression,1,87292,0,0.2119196896071511
depression,Logistic Regression,1,87308,0,0.6400295590028773
depression,Logistic Regression,1,87315,0,0.2822103446132847
depression,Logistic Regression,1,87322,0,0.2655621153050606
depression,Logistic Regression,1,87333,0,0.4152035227500981
depression,Logistic Regression,1,87341,0,0.3815723248454767
depression,Logistic Regression,1,87350,0,0.561146513683381
depression,Logistic Regression,1,87360,0,0.2644051133047129
depression,Logistic Regression,1,87372,0,0.3083631155179583
depression,Logistic Regression,1,87383,0,0.4908998383475712
depression,Logistic Regression,1,87391,0,0.3695221718842576
depression,Logistic Regression,1,87413,0,0.265078642839237
depression,Logistic Regression,1,87422,0,0.5330328771105337
depression,Logistic Regression,1,87428,0,0.22386604934259946
depression,Logistic Regression,1,87436,0,0.6740292220351233
depression,Logistic Regression,1,87447,0,0.27293446596150056
depression,Logistic Regression,1,87459,0,0.7458225637392495
depression,Logistic Regression,1,87466,0,0.7144058413570589
depression,Logistic Regression,1,87477,0,0.42337535326612336
depression,Logistic Regression,1,87486,1,0.6154737593320538
depression,Logistic Regression,1,87490,0,0.28116115258180013
depression,Logistic Regression,1,87500,0,0.534846125723116
depression,Logistic Regression,1,87508,0,0.6079613599142628
depression,Logistic Regression,1,87519,0,0.20196551673330032
depression,Logistic Regression,1,87524,0,0.41392021462451833
depression,Logistic Regression,1,87533,0,0.4332184910512877
depression,Logistic Regression,1,87551,0,0.4855636793103352
depression,Logistic Regression,1,87564,0,0.38830671894603186
depression,Logistic Regression,1,87580,0,0.5501605255626264
depression,Logistic Regression,1,87587,0,0.3208203657716353
depression,Logistic Regression,1,87596,0,0.2653047246181719
depression,Logistic Regression,1,87605,0,0.7061692705684219
depression,Logistic Regression,1,87626,0,0.6027743327405739
depression,Logistic Regression,1,87634,0,0.2691822828270641
depression,Logistic Regression,1,87640,0,0.5949528911714574
depression,Logistic Regression,1,87661,0,0.5528626052331441
depression,Logistic Regression,1,87669,0,0.5449049702026738
depression,Logistic Regression,1,87687,0,0.5676286577699803
depression,Logistic Regression,1,87696,0,0.6729593590403892
depression,Logistic Regression,1,87712,1,0.6550304458317535
depression,Logistic Regression,1,87721,0,0.5290715375004651
depression,Logistic Regression,1,87739,0,0.5438644912984659
depression,Logistic Regression,1,87749,0,0.5186777116290086
depression,Logistic Regression,1,87758,0,0.4296641308936573
depression,Logistic Regression,1,87772,0,0.688430861125152
depression,Logistic Regression,1,87777,0,0.672781856663839
depression,Logistic Regression,1,87784,0,0.523116501908814
depression,Logistic Regression,1,87798,0,0.5741432871321124
depression,Logistic Regression,1,87803,0,0.5664521033481028
depression,Logistic Regression,1,87810,0,0.4704130388031323
depression,Logistic Regression,1,87821,0,0.6194037302194741
depression,Logistic Regression,1,87839,1,0.6285057276287367
depression,Logistic Regression,1,87848,0,0.5166102254360412
depression,Logistic Regression,1,87853,0,0.6231409406009288
depression,Logistic Regression,1,87859,0,0.6429275931991071
depression,Logistic Regression,1,87874,0,0.44534486168501425
depression,Logistic Regression,1,87891,1,0.6798011939441574
depression,Logistic Regression,1,87897,0,0.2002737219703429
depression,Logistic Regression,1,87906,0,0.5617436666982009
depression,Logistic Regression,1,87918,0,0.6106884151052505
depression,Logistic Regression,1,87922,0,0.5202893070797983
depression,Logistic Regression,1,87944,0,0.5036659341086875
depression,Logistic Regression,1,87951,0,0.19816776173494546
depression,Logistic Regression,1,87962,0,0.309335887092314
depression,Logistic Regression,1,87974,0,0.477803117581193
depression,Logistic Regression,1,87984,0,0.5589062459315617
depression,Logistic Regression,1,87994,0,0.3003647493493135
depression,Logistic Regression,1,88003,0,0.3035297955604274
depression,Logistic Regression,1,88019,0,0.24047240790550192
depression,Logistic Regression,1,88027,0,0.5246155671840799
depression,Logistic Regression,1,88040,0,0.2012268617814141
depression,Logistic Regression,1,88048,0,0.4882895998079485
depression,Logistic Regression,1,88058,0,0.5984399764545364
depression,Logistic Regression,1,88065,0,0.35362230181894344
depression,Logistic Regression,1,88073,0,0.5172400032078166
depression,Logistic Regression,1,88083,0,0.3825137603050505
depression,Logistic Regression,1,88092,0,0.5750819034606565
depression,Logistic Regression,1,88100,0,0.1931913284648178
depression,Logistic Regression,1,88111,0,0.303267048993475
depression,Logistic Regression,1,88119,0,0.2644051133047129
depression,Logistic Regression,1,88128,1,0.6049689993480845
depression,Logistic Regression,1,88137,0,0.672245865386105
depression,Logistic Regression,1,88148,0,0.6947533914778827
depression,Logistic Regression,1,88156,0,0.39365726208568186
depression,Logistic Regression,1,88164,0,0.39506835445704025
depression,Logistic Regression,1,88172,0,0.3191034571046339
depression,Logistic Regression,1,88181,0,0.4432861279838951
depression,Logistic Regression,1,88191,0,0.4546179124368329
depression,Logistic Regression,1,88199,0,0.6212416679544117
depression,Logistic Regression,1,88208,0,0.23789966495479153
depression,Logistic Regression,1,88218,0,0.22056316787417352
depression,Logistic Regression,1,88228,0,0.4937568454888482
depression,Logistic Regression,1,88233,0,0.5614059144095392
depression,Logistic Regression,1,88243,0,0.6520150731469058
depression,Logistic Regression,1,88256,0,0.5858470054228292
depression,Logistic Regression,1,88262,0,0.30961700755225563
depression,Logistic Regression,1,88274,0,0.4475767517363319
depression,Logistic Regression,1,88291,0,0.39907804508681455
depression,Logistic Regression,1,88302,0,0.4637215075637944
depression,Logistic Regression,1,88307,0,0.31258178524012037
depression,Logistic Regression,1,88317,0,0.4737924243604088
depression,Logistic Regression,1,88327,0,0.334836518358389
depression,Logistic Regression,1,88335,0,0.6531433676393672
depression,Logistic Regression,1,88344,0,0.6340362295811668
depression,Logistic Regression,1,88351,1,0.5834794699128656
depression,Logistic Regression,1,88361,1,0.6370107886097843
depression,Logistic Regression,1,88370,0,0.5484389647709745
depression,Logistic Regression,1,88386,0,0.30704577346221595
depression,Logistic Regression,1,88395,0,0.26466194561892187
depression,Logistic Regression,1,88404,0,0.40957457609637565
depression,Logistic Regression,1,88414,1,0.6420241848039961
depression,Logistic Regression,1,88427,0,0.47402633971398117
depression,Logistic Regression,1,88433,0,0.3555396202936126
depression,Logistic Regression,1,88445,1,0.33439196299983637
depression,Logistic Regression,1,88455,0,0.3146607674793071
depression,Logistic Regression,1,88468,0,0.5195683311352285
depression,Logistic Regression,1,88477,0,0.39265508821389566
depression,Logistic Regression,1,88482,0,0.5359739951847233
depression,Logistic Regression,1,88496,0,0.5370690239724754
depression,Logistic Regression,1,88514,0,0.5646669395238849
depression,Logistic Regression,1,88524,0,0.5044516937935144
depression,Logistic Regression,1,88533,0,0.38435167955179683
depression,Logistic Regression,1,88540,1,0.6962142636582381
depression,Logistic Regression,1,88547,0,0.5629642456379017
depression,Logistic Regression,1,88562,0,0.3449973544728767
depression,Logistic Regression,1,88572,0,0.5406334642033992
depression,Logistic Regression,1,88584,0,0.5763622451347604
depression,Logistic Regression,1,88593,0,0.28857392173008917
depression,Logistic Regression,1,88605,0,0.510023568936456
depression,Logistic Regression,1,88611,0,0.28696330383032487
depression,Logistic Regression,1,88619,1,0.6862200333325291
depression,Logistic Regression,1,88627,0,0.5438494616560314
depression,Logistic Regression,1,88634,0,0.4987233148195978
depression,Logistic Regression,1,88643,0,0.22295531414364914
depression,Logistic Regression,1,88652,0,0.5172400032078166
depression,Logistic Regression,1,88660,0,0.22056316787417352
depression,Logistic Regression,1,88673,0,0.5013752622897256
depression,Logistic Regression,1,88680,0,0.5350619370896902
depression,Logistic Regression,1,88691,0,0.40845712005114865
depression,Logistic Regression,1,88700,0,0.6796968883658473
depression,Logistic Regression,1,88707,1,0.6605487012371031
depression,Logistic Regression,1,88720,0,0.601385082407821
depression,Logistic Regression,1,88728,1,0.4318707049603483
depression,Logistic Regression,1,88732,0,0.3751029393154974
depression,Logistic Regression,1,88743,0,0.20928613291938916
depression,Logistic Regression,1,88755,0,0.4153037102574889
depression,Logistic Regression,1,88764,0,0.3197026248987269
depression,Logistic Regression,1,88780,0,0.24495540713887654
depression,Logistic Regression,1,88790,0,0.3729801580915303
depression,Logistic Regression,1,88796,0,0.28979501822597514
depression,Logistic Regression,1,88806,1,0.2619047844791571
depression,Logistic Regression,1,88827,0,0.44744225340446975
depression,Logistic Regression,1,88836,0,0.45689550899714376
depression,Logistic Regression,1,88842,0,0.282745470238547
depression,Logistic Regression,1,88848,0,0.27874705529032506
depression,Logistic Regression,1,88858,0,0.5335093889236128
depression,Logistic Regression,1,88868,0,0.6691716446695312
depression,Logistic Regression,1,88876,0,0.6343907771157921
depression,Logistic Regression,1,88883,0,0.19795808534446602
depression,Logistic Regression,1,88890,0,0.6303272321535329
depression,Logistic Regression,1,88894,0,0.5023311633192696
depression,Logistic Regression,1,88900,1,0.38059620606456684
depression,Logistic Regression,1,88908,0,0.618116337441928
depression,Logistic Regression,1,88916,1,0.61827817366567
depression,Logistic Regression,1,88925,0,0.21151971465646432
depression,Logistic Regression,1,88937,0,0.4231113449871794
depression,Logistic Regression,1,88945,0,0.45659006308040156
depression,Logistic Regression,1,88961,0,0.5875079345318809
depression,Logistic Regression,1,88974,0,0.3703403281622716
depression,Logistic Regression,1,88984,0,0.6793585838758824
depression,Logistic Regression,1,89000,0,0.507323076312792
depression,Logistic Regression,1,89006,0,0.5845529940628821
depression,Logistic Regression,1,89015,0,0.2139464345663902
depression,Logistic Regression,1,89026,0,0.26840391387606205
depression,Logistic Regression,1,89036,0,0.4591726716910382
depression,Logistic Regression,1,89043,0,0.23656500206374917
depression,Logistic Regression,1,89063,0,0.3441856839591227
depression,Logistic Regression,1,89070,0,0.5417902149184742
depression,Logistic Regression,1,89079,0,0.4261093929313869
depression,Logistic Regression,1,89091,0,0.534644122588473
depression,Logistic Regression,1,89099,0,0.3897406719849763
depression,Logistic Regression,1,89107,0,0.5559224665113388
depression,Logistic Regression,1,89119,0,0.20282296060086455
depression,Logistic Regression,1,89126,0,0.30354035352467107
depression,Logistic Regression,1,89131,0,0.533241768977732
depression,Logistic Regression,1,89149,1,0.5267400488042442
depression,Logistic Regression,1,89158,0,0.46015850450893925
depression,Logistic Regression,1,89166,0,0.22135849967853188
depression,Logistic Regression,1,89173,0,0.20239138627471814
depression,Logistic Regression,1,89181,0,0.21005175932144424
depression,Logistic Regression,1,89186,0,0.4871606646593226
depression,Logistic Regression,1,89197,0,0.3694027166685042
depression,Logistic Regression,1,89207,0,0.5598894798474537
depression,Logistic Regression,1,89223,0,0.4241442630029201
depression,Logistic Regression,1,89234,0,0.4655738181185827
depression,Logistic Regression,1,89248,0,0.43525317903019617
depression,Logistic Regression,1,89259,0,0.40294622869518765
depression,Logistic Regression,1,89267,0,0.2406199571629987
depression,Logistic Regression,1,89273,0,0.501458885282405
depression,Logistic Regression,1,89284,0,0.6627180338384254
depression,Logistic Regression,1,89293,0,0.19712105100394392
depression,Logistic Regression,1,89303,0,0.5183115998547665
depression,Logistic Regression,1,89311,0,0.40607542341610825
depression,Logistic Regression,1,89320,0,0.20928613291938916
depression,Logistic Regression,1,89329,1,0.6633529976911064
depression,Logistic Regression,1,89339,0,0.4512438477951883
depression,Logistic Regression,1,89350,0,0.5123457873747062
depression,Logistic Regression,1,89357,0,0.4372745825086572
depression,Logistic Regression,1,89364,0,0.326792064798521
depression,Logistic Regression,1,89376,0,0.5725032120377644
depression,Logistic Regression,1,89389,0,0.4832308508273451
depression,Logistic Regression,1,89399,0,0.2822103446132847
depression,Logistic Regression,1,89408,0,0.4889534373956952
depression,Logistic Regression,1,89422,0,0.3460838735156656
depression,Logistic Regression,1,89436,0,0.3700463744809752
depression,Logistic Regression,1,89443,0,0.4665289637858777
depression,Logistic Regression,1,89455,0,0.6494456842775326
depression,Logistic Regression,1,89470,0,0.417906246685918
depression,Logistic Regression,1,89475,0,0.4815380328527285
depression,Logistic Regression,1,89488,0,0.20819594396663477
depression,Logistic Regression,1,89496,0,0.5844113695537547
depression,Logistic Regression,1,89504,0,0.500071255670621
depression,Logistic Regression,1,89519,0,0.5414158720243701
depression,Logistic Regression,1,89536,0,0.5099935016182103
depression,Logistic Regression,1,89545,0,0.6593695566910094
depression,Logistic Regression,1,89551,0,0.28342900178082525
depression,Logistic Regression,1,89562,0,0.7276016883577981
depression,Logistic Regression,1,89570,0,0.3716912615178725
depression,Logistic Regression,1,89578,0,0.45352492600078537
depression,Logistic Regression,1,89584,0,0.5710197549378528
depression,Logistic Regression,1,89589,0,0.4505437062975426
depression,Logistic Regression,1,89596,0,0.5178836864169393
depression,Logistic Regression,1,89604,0,0.5817875594102536
depression,Logistic Regression,1,89609,0,0.6949951089224327
depression,Logistic Regression,1,89616,0,0.44958663370221963
depression,Logistic Regression,1,89623,1,0.5591817040168882
depression,Logistic Regression,1,89635,0,0.5726950239871065
depression,Logistic Regression,1,89642,0,0.2934765870705784
depression,Logistic Regression,1,89648,0,0.21038051372645175
depression,Logistic Regression,1,89654,0,0.5503984125783831
depression,Logistic Regression,1,89662,0,0.38070874975099794
depression,Logistic Regression,1,89672,0,0.40871187875406295
depression,Logistic Regression,1,89680,0,0.5318303927229912
depression,Logistic Regression,1,89692,1,0.6207391691424625
depression,Logistic Regression,1,89702,0,0.641382717729655
depression,Logistic Regression,1,89709,0,0.3409273073331303
depression,Logistic Regression,1,89719,0,0.5823668142795271
depression,Logistic Regression,1,89725,0,0.30049809036979713
depression,Logistic Regression,1,89731,0,0.20197053594254222
depression,Logistic Regression,1,89741,0,0.21716267956190805
depression,Logistic Regression,1,89751,0,0.44065098997580776
depression,Logistic Regression,1,89770,0,0.5690506410947818
depression,Logistic Regression,1,89786,0,0.6795023456253588
depression,Logistic Regression,1,89792,0,0.28547998713323663
depression,Logistic Regression,1,89799,0,0.48002761414487954
depression,Logistic Regression,1,89802,0,0.2828793476518173
depression,Logistic Regression,1,89807,0,0.6361934149897791
depression,Logistic Regression,1,89820,0,0.415994633305995
depression,Logistic Regression,1,89829,0,0.7134931814795593
depression,Logistic Regression,1,89839,0,0.48627427821878366
depression,Logistic Regression,1,89846,0,0.4693452535611759
depression,Logistic Regression,1,89853,0,0.5954576364131323
depression,Logistic Regression,1,89864,0,0.5900641519094082
depression,Logistic Regression,1,89883,0,0.31393737559634777
depression,Logistic Regression,1,89892,0,0.7057413061502551
depression,Logistic Regression,1,89902,0,0.4858397221752454
depression,Logistic Regression,1,89913,0,0.38912710222027336
depression,Logistic Regression,1,89927,0,0.6161307291824715
depression,Logistic Regression,1,89939,0,0.4503435410703522
depression,Logistic Regression,1,89950,0,0.42307395929437347
depression,Logistic Regression,1,89957,0,0.5180796933348226
depression,Logistic Regression,1,89964,0,0.2854736350006833
depression,Logistic Regression,1,89975,0,0.5449763590627996
depression,Logistic Regression,1,89981,0,0.5693716280421732
depression,Logistic Regression,1,89993,0,0.3456705411117499
depression,Logistic Regression,1,90001,0,0.58473586281602
depression,Logistic Regression,1,90008,0,0.2012268617814141
depression,Logistic Regression,1,90017,0,0.5386129531204186
depression,Logistic Regression,1,90030,0,0.5604073125877986
depression,Logistic Regression,1,90036,0,0.2814088096410481
depression,Logistic Regression,1,90050,0,0.40127165830527545
depression,Logistic Regression,1,90061,0,0.5968022784724097
depression,Logistic Regression,1,90068,0,0.6258812646000795
depression,Logistic Regression,1,90073,0,0.6621418566174925
depression,Logistic Regression,1,90078,0,0.19753923396519188
depression,Logistic Regression,1,90089,0,0.649315219043849
depression,Logistic Regression,1,90096,0,0.44162629231745026
depression,Logistic Regression,1,90107,0,0.5942148304042024
depression,Logistic Regression,1,90115,0,0.43579104992295187
depression,Logistic Regression,1,90122,0,0.309854711965711
depression,Logistic Regression,1,90138,0,0.5661498885736156
depression,Logistic Regression,1,90144,0,0.40493146390085455
depression,Logistic Regression,1,90153,0,0.6485493802932126
depression,Logistic Regression,1,90163,0,0.5166557020844413
depression,Logistic Regression,1,90174,0,0.5079405036224798
depression,Logistic Regression,1,90184,0,0.6166911396562508
depression,Logistic Regression,1,90190,0,0.5041446425225652
depression,Logistic Regression,1,90204,0,0.4227740437759206
depression,Logistic Regression,1,90221,0,0.2130241315261616
depression,Logistic Regression,1,90240,0,0.6273444908327453
depression,Logistic Regression,1,90247,0,0.2662062890735498
depression,Logistic Regression,1,90257,0,0.7044372160569781
depression,Logistic Regression,1,90263,0,0.1972255340879098
depression,Logistic Regression,1,90276,0,0.3126017542161264
depression,Logistic Regression,1,90282,1,0.7435637197494853
depression,Logistic Regression,1,90294,0,0.6426596541567647
depression,Logistic Regression,1,90303,0,0.3099452280213633
depression,Logistic Regression,1,90315,0,0.5203574588115919
depression,Logistic Regression,1,90322,0,0.5269721205660229
depression,Logistic Regression,1,90328,0,0.5245237421759859
depression,Logistic Regression,1,90338,0,0.5178836864169393
depression,Logistic Regression,1,90346,0,0.34937784196067057
depression,Logistic Regression,1,90353,1,0.5702132198810752
depression,Logistic Regression,1,90361,0,0.624426312377144
depression,Logistic Regression,1,90369,0,0.5468024588596442
depression,Logistic Regression,1,90380,0,0.45487953230534733
depression,Logistic Regression,1,90393,0,0.5303211635404271
depression,Logistic Regression,1,90399,0,0.3307109871153941
depression,Logistic Regression,1,90413,0,0.5744789786841308
depression,Logistic Regression,1,90426,0,0.6937394950969135
depression,Logistic Regression,1,90439,0,0.48686678757805507
depression,Logistic Regression,1,90454,0,0.6319457962145744
depression,Logistic Regression,1,90463,0,0.5939827340998117
depression,Logistic Regression,1,90470,0,0.5158097894682503
depression,Logistic Regression,1,90482,0,0.2810577864032471
depression,Logistic Regression,1,90495,0,0.3213038215425462
depression,Logistic Regression,1,90502,0,0.5266117950255991
depression,Logistic Regression,1,90514,0,0.4041154332914328
depression,Logistic Regression,1,90519,0,0.5635682827772167
depression,Logistic Regression,1,90526,0,0.3924258713824725
depression,Logistic Regression,1,90533,0,0.6165980473303159
depression,Logistic Regression,1,90542,0,0.2966277059865513
depression,Logistic Regression,1,90555,0,0.455607622825057
depression,Logistic Regression,1,90566,0,0.2245603254884708
depression,Logistic Regression,1,90577,0,0.5824143677320256
depression,Logistic Regression,1,90586,0,0.5883344847708996
depression,Logistic Regression,1,90594,0,0.45397734246354116
depression,Logistic Regression,1,90607,0,0.6189096250886285
depression,Logistic Regression,1,90613,0,0.25459016997846
depression,Logistic Regression,1,90624,0,0.6482741147842868
depression,Logistic Regression,1,90633,0,0.6002040810653545
depression,Logistic Regression,1,90642,0,0.6581168166817752
depression,Logistic Regression,1,90650,0,0.43402901170572095
depression,Logistic Regression,1,90655,0,0.47306629303460557
depression,Logistic Regression,1,90664,0,0.5458136862832292
depression,Logistic Regression,1,90671,1,0.633466192008252
depression,Logistic Regression,1,90677,0,0.2727795520390699
depression,Logistic Regression,1,90688,0,0.5932664544608927
depression,Logistic Regression,1,90696,0,0.21158917449520936
depression,Logistic Regression,1,90707,1,0.521209315516289
depression,Logistic Regression,1,90718,0,0.3722227247508599
depression,Logistic Regression,1,90724,0,0.48121037938902317
depression,Logistic Regression,1,90744,0,0.5269558689717257
depression,Logistic Regression,1,90752,0,0.6280454442786321
depression,Logistic Regression,1,90768,0,0.38187624800250264
depression,Logistic Regression,1,90783,0,0.4846568640142234
depression,Logistic Regression,1,90789,0,0.267109803384034
depression,Logistic Regression,1,90796,0,0.3330523890396814
depression,Logistic Regression,1,90804,0,0.5489279554271962
depression,Logistic Regression,1,90813,0,0.2436207805589808
depression,Logistic Regression,1,90824,0,0.5135009514873529
depression,Logistic Regression,1,90835,0,0.6394774178583564
depression,Logistic Regression,1,90846,0,0.7321677029552082
depression,Logistic Regression,1,90852,0,0.2816758340362497
depression,Logistic Regression,1,90863,0,0.5338311203079902
depression,Logistic Regression,1,90873,0,0.27138923123104264
depression,Logistic Regression,1,90886,0,0.5149130189066754
depression,Logistic Regression,1,90892,0,0.29395506049549014
depression,Logistic Regression,1,90902,0,0.5228863547202403
depression,Logistic Regression,1,90911,0,0.6343907771157921
depression,Logistic Regression,1,90917,0,0.2959460949833328
depression,Logistic Regression,1,90925,0,0.5528703034453869
depression,Logistic Regression,1,90931,0,0.43898674088270034
depression,Logistic Regression,1,90941,0,0.4714152819015623
depression,Logistic Regression,1,90951,0,0.212471386556557
depression,Logistic Regression,1,90964,0,0.2690524556977458
depression,Logistic Regression,1,90971,0,0.5295871942943888
depression,Logistic Regression,1,90980,0,0.672370790114105
depression,Logistic Regression,1,90990,1,0.4636848822484314
depression,Logistic Regression,1,90995,0,0.4657666143859791
depression,Logistic Regression,1,91008,0,0.5751300959828107
depression,Logistic Regression,1,91018,0,0.4480665025618662
depression,Logistic Regression,1,91028,0,0.6862780926059247
depression,Logistic Regression,1,91039,0,0.3560694543651432
depression,Logistic Regression,1,91046,0,0.2663352432449509
depression,Logistic Regression,1,91054,0,0.6287247602632435
depression,Logistic Regression,1,91065,0,0.5194942201378383
depression,Logistic Regression,1,91077,0,0.6184792386244004
depression,Logistic Regression,1,91087,0,0.5252738505958603
depression,Logistic Regression,1,91099,0,0.48363773718592395
depression,Logistic Regression,1,91111,0,0.6046832556309761
depression,Logistic Regression,1,91126,0,0.5697412857348592
depression,Logistic Regression,1,91133,0,0.6366551589580063
depression,Logistic Regression,1,91146,0,0.666462868348909
depression,Logistic Regression,1,91159,0,0.2036730139124854
depression,Logistic Regression,1,91166,0,0.3011228283681827
depression,Logistic Regression,1,91176,0,0.4870326445525335
depression,Logistic Regression,1,91187,0,0.5061162438709396
depression,Logistic Regression,1,91197,0,0.5194429707956811
depression,Logistic Regression,1,91211,0,0.45702139624181176
depression,Logistic Regression,1,91220,0,0.517613505263576
depression,Logistic Regression,1,91232,0,0.4027370512520253
depression,Logistic Regression,1,91247,0,0.2720184777090475
depression,Logistic Regression,1,91258,0,0.5094749853482893
depression,Logistic Regression,1,91267,0,0.41695083578475456
depression,Logistic Regression,1,91275,0,0.4543724076603873
depression,Logistic Regression,1,91285,0,0.4194127768502224
depression,Logistic Regression,1,91295,0,0.5075259985322432
depression,Logistic Regression,1,91310,0,0.19869268405940288
depression,Logistic Regression,1,91319,0,0.5645791318998702
depression,Logistic Regression,1,91328,0,0.26723903583459263
depression,Logistic Regression,1,91336,0,0.6420241848039961
depression,Logistic Regression,1,91344,0,0.6741402084178981
depression,Logistic Regression,1,91353,0,0.36714775543978867
depression,Logistic Regression,1,91359,0,0.31605370725498505
depression,Logistic Regression,1,91365,0,0.5111203283552516
depression,Logistic Regression,1,91373,0,0.48286602307077486
depression,Logistic Regression,1,91391,0,0.30167793632399686
depression,Logistic Regression,1,91399,0,0.26646423719973095
depression,Logistic Regression,1,91408,1,0.6930266021056524
depression,Logistic Regression,1,91420,0,0.5080805443057608
depression,Logistic Regression,1,91428,0,0.4647677273641437
depression,Logistic Regression,1,91438,0,0.6607916551039258
depression,Logistic Regression,1,91447,0,0.5765751872080235
depression,Logistic Regression,1,91453,0,0.6103415344075503
depression,Logistic Regression,1,91469,0,0.22316827125135485
depression,Logistic Regression,1,91478,0,0.34900084238499024
depression,Logistic Regression,1,91485,1,0.29525891285014344
depression,Logistic Regression,1,91493,0,0.6209096089610624
depression,Logistic Regression,1,91507,0,0.7209101549274131
depression,Logistic Regression,1,91518,0,0.500994232317177
depression,Logistic Regression,1,91529,0,0.280475438141684
depression,Logistic Regression,1,91538,0,0.5823446085843025
depression,Logistic Regression,1,91550,0,0.6220942454583778
depression,Logistic Regression,1,91560,0,0.61133223289865
depression,Logistic Regression,1,91568,1,0.7400989386579837
depression,Logistic Regression,1,91582,0,0.266851457667238
depression,Logistic Regression,1,91589,0,0.5417879075273733
depression,Logistic Regression,1,91599,0,0.48121174325844446
depression,Logistic Regression,1,91609,0,0.6363742916927664
depression,Logistic Regression,1,91618,0,0.5382575339989603
depression,Logistic Regression,1,91626,0,0.42409432605673897
depression,Logistic Regression,1,91632,1,0.5506899921216817
depression,Logistic Regression,1,91638,0,0.4043038599765704
depression,Logistic Regression,1,91654,0,0.5582713352125376
depression,Logistic Regression,1,91667,0,0.36094677704078454
depression,Logistic Regression,1,91673,1,0.5481209965298766
depression,Logistic Regression,1,91681,0,0.6560078615793824
depression,Logistic Regression,1,91699,0,0.4710995348627332
depression,Logistic Regression,1,91711,0,0.3282109250424693
depression,Logistic Regression,1,91716,0,0.532209545649064
depression,Logistic Regression,1,91726,0,0.461267575840567
depression,Logistic Regression,1,91730,0,0.47281357521232054
depression,Logistic Regression,1,91738,0,0.5090934448407834
depression,Logistic Regression,1,91747,0,0.5879794586762258
depression,Logistic Regression,1,91756,0,0.4936212084484867
depression,Logistic Regression,1,91771,0,0.705479586161345
depression,Logistic Regression,1,91784,0,0.28762629744225077
depression,Logistic Regression,1,91790,0,0.5834887968437668
depression,Logistic Regression,1,91796,0,0.5461789909893278
depression,Logistic Regression,1,91807,0,0.4852317211255575
depression,Logistic Regression,1,91814,0,0.5451225997540897
depression,Logistic Regression,1,91820,0,0.2176270393042653
depression,Logistic Regression,1,91830,0,0.3408598191618692
depression,Logistic Regression,1,91837,0,0.22325083249295555
depression,Logistic Regression,1,91843,0,0.47742787636534895
depression,Logistic Regression,1,91853,1,0.6552345192327637
depression,Logistic Regression,1,91862,0,0.5335093889236128
depression,Logistic Regression,1,91871,0,0.5937812259850056
depression,Logistic Regression,1,91887,0,0.6483228516793966
depression,Logistic Regression,1,91894,0,0.2169734979155376
depression,Logistic Regression,1,91903,0,0.5181694954575976
depression,Logistic Regression,1,91915,0,0.45819156159211955
depression,Logistic Regression,1,91924,0,0.42885558497862475
depression,Logistic Regression,1,91932,0,0.5895563040296583
depression,Logistic Regression,1,91947,0,0.3174382133888665
depression,Logistic Regression,1,91957,0,0.5849361377417406
depression,Logistic Regression,1,91968,0,0.4850327261686295
depression,Logistic Regression,1,91976,0,0.5709905775819346
depression,Logistic Regression,1,91985,0,0.4704308892751044
depression,Logistic Regression,1,91995,0,0.374674309538721
depression,Logistic Regression,1,92003,0,0.5049166102338134
depression,Logistic Regression,1,92019,0,0.25029165822167015
depression,Logistic Regression,1,92026,0,0.5873322690739675
depression,Logistic Regression,1,92041,1,0.43355030441031983
depression,Logistic Regression,1,92049,0,0.5847838543916863
depression,Logistic Regression,1,92058,0,0.29649569481900895
depression,Logistic Regression,1,92069,0,0.49860246469889624
depression,Logistic Regression,1,92083,0,0.6807874351462229
depression,Logistic Regression,1,92090,0,0.4620732424415778
depression,Logistic Regression,1,92101,0,0.5636134064286626
depression,Logistic Regression,1,92106,0,0.45493878092117174
depression,Logistic Regression,1,92116,0,0.6746878050148437
depression,Logistic Regression,1,92124,0,0.5616844244451358
depression,Logistic Regression,1,92132,0,0.3214616219240098
depression,Logistic Regression,1,92139,0,0.1978533098276999
depression,Logistic Regression,1,92149,0,0.5074447330547673
depression,Logistic Regression,1,92159,0,0.5335093889236128
depression,Logistic Regression,1,92174,1,0.2574353793844739
depression,Logistic Regression,1,92188,1,0.4924666484338783
depression,Logistic Regression,1,92200,0,0.6314384239835586
depression,Logistic Regression,1,92210,0,0.6543581513521329
depression,Logistic Regression,1,92219,0,0.2944597941507664
depression,Logistic Regression,1,92226,0,0.424883706034523
depression,Logistic Regression,1,92239,0,0.3887901537445237
depression,Logistic Regression,1,92252,1,0.5293404824149811
depression,Logistic Regression,1,92255,0,0.40514933372465184
depression,Logistic Regression,1,92262,0,0.5505835996953201
depression,Logistic Regression,1,92277,0,0.6884749727873255
depression,Logistic Regression,1,92287,0,0.5610788670952266
depression,Logistic Regression,1,92298,0,0.6134093706410585
depression,Logistic Regression,1,92312,1,0.604546361359596
depression,Logistic Regression,1,92331,0,0.5257977031173358
depression,Logistic Regression,1,92345,0,0.5171888432503365
depression,Logistic Regression,1,92353,1,0.45541367107720027
depression,Logistic Regression,1,92362,0,0.4373854516648079
depression,Logistic Regression,1,92369,1,0.4715557325547075
depression,Logistic Regression,1,92377,0,0.5591601243780581
depression,Logistic Regression,1,92394,1,0.5225328702830992
depression,Logistic Regression,1,92403,0,0.26569087041489814
depression,Logistic Regression,1,92409,0,0.5866620018068884
depression,Logistic Regression,1,92417,0,0.6206215164998906
depression,Logistic Regression,1,92424,0,0.6262496169422533
depression,Logistic Regression,1,92435,0,0.5667974346966742
depression,Logistic Regression,1,92443,0,0.32765676512118824
depression,Logistic Regression,1,92455,0,0.6149157380485163
depression,Logistic Regression,1,92475,0,0.29183695933704085
depression,Logistic Regression,1,92486,0,0.20133297540238795
depression,Logistic Regression,1,92496,0,0.46782746007338366
depression,Logistic Regression,1,92504,0,0.3266256513341737
depression,Logistic Regression,1,92511,0,0.5423339609037585
depression,Logistic Regression,1,92524,0,0.5424135162656541
depression,Logistic Regression,1,92531,0,0.3710187304577185
depression,Logistic Regression,1,92539,0,0.5155838835537296
depression,Logistic Regression,1,92545,0,0.2690524556977458
depression,Logistic Regression,1,92555,1,0.6498884203503016
depression,Logistic Regression,1,92562,0,0.4969050422266361
depression,Logistic Regression,1,92570,1,0.47066059910113905
depression,Logistic Regression,1,92586,0,0.2981447758655231
depression,Logistic Regression,1,92595,0,0.6105738867328917
depression,Logistic Regression,1,92604,0,0.544780094485225
depression,Logistic Regression,1,92614,0,0.43128234494247036
depression,Logistic Regression,1,92622,1,0.6032522628652888
depression,Logistic Regression,1,92631,0,0.5081703343772547
depression,Logistic Regression,1,92644,0,0.45250817312345804
depression,Logistic Regression,1,92656,0,0.24168572854017076
depression,Logistic Regression,1,92664,0,0.3253484482619242
depression,Logistic Regression,1,92675,0,0.45303391282603844
depression,Logistic Regression,1,92684,0,0.6015782766969731
depression,Logistic Regression,1,92692,0,0.2587507974842648
depression,Logistic Regression,1,92702,0,0.22147228590798634
depression,Logistic Regression,1,92714,0,0.35397901315123337
depression,Logistic Regression,1,92724,0,0.4810536773682761
depression,Logistic Regression,1,92732,0,0.6699002473068623
depression,Logistic Regression,1,92744,0,0.446381923859611
depression,Logistic Regression,1,92758,0,0.6554987566439826
depression,Logistic Regression,1,92768,0,0.7146386477913091
depression,Logistic Regression,1,92782,0,0.6739037810204168
depression,Logistic Regression,1,92793,0,0.47684509844553075
depression,Logistic Regression,1,92804,0,0.4907344739541147
depression,Logistic Regression,1,92815,0,0.5918694488129841
depression,Logistic Regression,1,92819,0,0.5632658172241622
depression,Logistic Regression,1,92827,0,0.6796117968908388
depression,Logistic Regression,1,92835,0,0.5073463042193794
depression,Logistic Regression,1,92847,0,0.4739420934110212
depression,Logistic Regression,1,92856,0,0.5117383744669097
depression,Logistic Regression,1,92874,0,0.3105102852289622
depression,Logistic Regression,1,92884,0,0.4101787071106155
depression,Logistic Regression,1,92893,0,0.4979859649964408
depression,Logistic Regression,1,92900,0,0.5676085314104605
depression,Logistic Regression,1,92907,0,0.27636472888113683
depression,Logistic Regression,1,92914,0,0.47783145742954275
depression,Logistic Regression,1,92920,0,0.4044395303404191
depression,Logistic Regression,1,92923,0,0.49934411183247474
depression,Logistic Regression,1,92936,0,0.2902027294245336
depression,Logistic Regression,1,92946,0,0.5491068052581496
depression,Logistic Regression,1,92953,0,0.6240344900866632
depression,Logistic Regression,1,92961,0,0.5324411056141027
depression,Logistic Regression,1,92974,0,0.5272503359525957
depression,Logistic Regression,1,92984,0,0.4594873696215955
depression,Logistic Regression,1,92989,0,0.4951543115489214
depression,Logistic Regression,1,92995,1,0.19985119189328374
depression,Logistic Regression,1,93003,0,0.7100647522173609
depression,Logistic Regression,1,93011,0,0.6204870950900568
depression,Logistic Regression,1,93016,0,0.2622345188815038
depression,Logistic Regression,1,93026,0,0.6696547972901615
depression,Logistic Regression,1,93039,0,0.6785346668700858
depression,Logistic Regression,1,93049,0,0.43832399806908706
depression,Logistic Regression,1,93054,0,0.41747067927746634
depression,Logistic Regression,1,93070,0,0.26581966535626
depression,Logistic Regression,1,93076,0,0.4272472564627279
depression,Logistic Regression,1,93086,0,0.266851457667238
depression,Logistic Regression,1,93094,0,0.6234084275293141
depression,Logistic Regression,1,93101,0,0.42493633737570013
depression,Logistic Regression,1,93113,0,0.31728821013117164
depression,Logistic Regression,1,93122,0,0.23666249249181248
depression,Logistic Regression,1,93139,0,0.20830477423922916
depression,Logistic Regression,1,93146,0,0.5956920265429857
depression,Logistic Regression,1,93161,0,0.4688497931715589
depression,Logistic Regression,1,93173,1,0.5906999749863394
depression,Logistic Regression,1,93183,0,0.4269380314494
depression,Logistic Regression,1,93192,0,0.4577736314302896
depression,Logistic Regression,1,93203,0,0.19712105100394392
depression,Logistic Regression,1,93210,0,0.552602073089359
depression,Logistic Regression,1,93222,1,0.5019698069045873
depression,Logistic Regression,1,93238,0,0.5088302988385535
depression,Logistic Regression,1,93245,0,0.5860216354583829
depression,Logistic Regression,1,93261,1,0.632146238399629
depression,Logistic Regression,1,93268,1,0.6358581893654583
depression,Logistic Regression,1,93276,0,0.4986148628328062
depression,Logistic Regression,1,93282,0,0.26311447618265676
depression,Logistic Regression,1,93290,1,0.5188532235046824
depression,Logistic Regression,1,93303,1,0.6223230912396754
depression,Logistic Regression,1,93310,0,0.4652376255642573
depression,Logistic Regression,1,93324,0,0.20207694251634076
depression,Logistic Regression,1,93327,0,0.40179313235953673
depression,Logistic Regression,1,93337,0,0.4011130901118168
depression,Logistic Regression,1,93348,0,0.26337938183382864
depression,Logistic Regression,1,93355,0,0.45965722383060503
depression,Logistic Regression,1,93366,0,0.5059211805544244
depression,Logistic Regression,1,93373,0,0.2562219777951618
depression,Logistic Regression,1,93390,0,0.5382866787772723
depression,Logistic Regression,1,93407,0,0.24204310989609018
depression,Logistic Regression,1,93419,0,0.2245603254884708
depression,Logistic Regression,1,93430,0,0.6215231346579798
depression,Logistic Regression,1,93442,0,0.3813047459048999
depression,Logistic Regression,1,93445,0,0.5415044326845417
depression,Logistic Regression,1,93456,0,0.33538200991942846
depression,Logistic Regression,1,93473,0,0.5231632043532025
depression,Logistic Regression,1,93483,0,0.3418518215067143
depression,Logistic Regression,1,93492,0,0.4562336465192306
depression,Logistic Regression,1,93498,1,0.42950239154168357
depression,Logistic Regression,1,93509,0,0.6340845405249895
depression,Logistic Regression,1,93518,0,0.27674347059237325
depression,Logistic Regression,1,93531,0,0.5255335725304885
depression,Logistic Regression,1,93540,0,0.49887968955357304
depression,Logistic Regression,1,93554,0,0.22167922392207504
depression,Logistic Regression,1,93562,0,0.6339592034231424
depression,Logistic Regression,1,93568,0,0.6767709507349402
depression,Logistic Regression,1,93578,0,0.20217836778793638
depression,Logistic Regression,1,93591,0,0.43143660879830403
depression,Logistic Regression,1,93600,0,0.47525933230207307
depression,Logistic Regression,1,93610,0,0.5318663208575464
depression,Logistic Regression,1,93621,0,0.48403582265649553
depression,Logistic Regression,1,93631,0,0.5158160797844278
depression,Logistic Regression,1,93640,0,0.39883189100572536
depression,Logistic Regression,1,93653,0,0.4163591297769716
depression,Logistic Regression,1,93661,0,0.6192976098836096
depression,Logistic Regression,1,93671,0,0.20431608895998887
depression,Logistic Regression,1,93679,0,0.5060651726553069
depression,Logistic Regression,1,93691,0,0.4506703318293797
depression,Logistic Regression,1,93695,0,0.5932090211413198
depression,RBF SVM,1,83733,0,0.6849985244995705
depression,RBF SVM,1,83741,0,0.3428344500104477
depression,RBF SVM,1,83752,0,0.277417644661045
depression,RBF SVM,1,83759,1,0.39423952254632993
depression,RBF SVM,1,83775,0,0.7421717428583711
depression,RBF SVM,1,83787,0,0.7089920563969485
depression,RBF SVM,1,83801,0,0.2689227464983155
depression,RBF SVM,1,83817,0,0.2782431273413964
depression,RBF SVM,1,83827,0,0.29127916257390146
depression,RBF SVM,1,83836,1,0.32567831424938415
depression,RBF SVM,1,83847,0,0.2592699093383203
depression,RBF SVM,1,83857,0,0.2690870926948671
depression,RBF SVM,1,83866,0,0.24737947518780742
depression,RBF SVM,1,83875,0,0.36512254056282817
depression,RBF SVM,1,83885,0,0.18041844050395622
depression,RBF SVM,1,83891,0,0.30420100729827004
depression,RBF SVM,1,83899,0,0.7262408523626774
depression,RBF SVM,1,83910,0,0.2848203206895461
depression,RBF SVM,1,83919,1,0.20741692939174206
depression,RBF SVM,1,83928,0,0.5740831922227214
depression,RBF SVM,1,83941,1,0.34172978458644776
depression,RBF SVM,1,83950,0,0.7874410834429316
depression,RBF SVM,1,83958,0,0.6642006114063503
depression,RBF SVM,1,83964,0,0.05532065364083053
depression,RBF SVM,1,83975,0,0.39234997238901337
depression,RBF SVM,1,83987,1,0.7437000735279897
depression,RBF SVM,1,83994,0,0.29815843225110356
depression,RBF SVM,1,84002,0,0.2455366848409626
depression,RBF SVM,1,84011,1,0.4901580538099619
depression,RBF SVM,1,84019,0,0.3291158521030792
depression,RBF SVM,1,84026,0,0.7790900310170255
depression,RBF SVM,1,84033,0,0.4620032436453185
depression,RBF SVM,1,84041,0,0.28079363398416596
depression,RBF SVM,1,84051,0,0.2547898955882348
depression,RBF SVM,1,84065,0,0.6166077315238412
depression,RBF SVM,1,84072,0,0.47278001356600974
depression,RBF SVM,1,84082,0,0.639797726435179
depression,RBF SVM,1,84090,0,0.5146964664506999
depression,RBF SVM,1,84105,0,0.4890177747094595
depression,RBF SVM,1,84112,0,0.7115521976401338
depression,RBF SVM,1,84119,0,0.4030497762066109
depression,RBF SVM,1,84128,1,0.6108175725841771
depression,RBF SVM,1,84140,1,0.766768215505143
depression,RBF SVM,1,84166,0,0.28311963632062975
depression,RBF SVM,1,84171,0,0.26916046362996726
depression,RBF SVM,1,84178,0,0.32599215331575415
depression,RBF SVM,1,84189,0,0.2949920058640351
depression,RBF SVM,1,84197,0,0.26832343321365937
depression,RBF SVM,1,84208,0,0.7297215838245136
depression,RBF SVM,1,84217,0,0.25766237173744627
depression,RBF SVM,1,84224,1,0.749019446137373
depression,RBF SVM,1,84231,0,0.47276705072136316
depression,RBF SVM,1,84239,0,0.26900050635827555
depression,RBF SVM,1,84256,1,0.6307183095295562
depression,RBF SVM,1,84271,0,0.35176817989780657
depression,RBF SVM,1,84285,1,0.7582724933379011
depression,RBF SVM,1,84293,0,0.23019069161555894
depression,RBF SVM,1,84301,0,0.6807723606906217
depression,RBF SVM,1,84315,0,0.23638272764306084
depression,RBF SVM,1,84322,0,0.6793316881083183
depression,RBF SVM,1,84338,0,0.32531538059113685
depression,RBF SVM,1,84357,0,0.26634666336992663
depression,RBF SVM,1,84368,0,0.2563551402222174
depression,RBF SVM,1,84377,0,0.3801081661043952
depression,RBF SVM,1,84385,0,0.44127297598991055
depression,RBF SVM,1,84392,0,0.11908136885791479
depression,RBF SVM,1,84398,0,0.4601949507884061
depression,RBF SVM,1,84402,0,0.7132595160502222
depression,RBF SVM,1,84410,1,0.7136727954927369
depression,RBF SVM,1,84420,0,0.3659611746032309
depression,RBF SVM,1,84427,0,0.3205325003935913
depression,RBF SVM,1,84437,0,0.41048264931908013
depression,RBF SVM,1,84451,0,0.11124345685442837
depression,RBF SVM,1,84457,0,0.46298420597847545
depression,RBF SVM,1,84470,0,0.25443179379892145
depression,RBF SVM,1,84479,0,0.1369112224501699
depression,RBF SVM,1,84490,0,0.23488907935427877
depression,RBF SVM,1,84496,0,0.5613650556741228
depression,RBF SVM,1,84503,1,0.2544859311225773
depression,RBF SVM,1,84522,0,0.5207891383348725
depression,RBF SVM,1,84539,0,0.5882786470456285
depression,RBF SVM,1,84546,0,0.5357589769896812
depression,RBF SVM,1,84555,1,0.6046724578072616
depression,RBF SVM,1,84564,1,0.8232840131130534
depression,RBF SVM,1,84575,0,0.2752482462525154
depression,RBF SVM,1,84582,0,0.32223620869634345
depression,RBF SVM,1,84592,0,0.7794157447710499
depression,RBF SVM,1,84597,0,0.13395506392955497
depression,RBF SVM,1,84608,0,0.2602808262139451
depression,RBF SVM,1,84615,0,0.6066909860574623
depression,RBF SVM,1,84623,0,0.5047552653848483
depression,RBF SVM,1,84629,1,0.5038876854091553
depression,RBF SVM,1,84642,1,0.762529417979029
depression,RBF SVM,1,84658,0,0.5462688814819242
depression,RBF SVM,1,84663,0,0.25779458023021595
depression,RBF SVM,1,84673,0,0.3480555586221175
depression,RBF SVM,1,84683,0,0.7324684091278392
depression,RBF SVM,1,84688,0,0.7798615841111081
depression,RBF SVM,1,84702,0,0.3308650803322572
depression,RBF SVM,1,84709,0,0.42407097020510953
depression,RBF SVM,1,84716,0,0.7516058897359278
depression,RBF SVM,1,84726,0,0.27697889453838964
depression,RBF SVM,1,84736,0,0.5715510075824181
depression,RBF SVM,1,84751,0,0.5144346596560162
depression,RBF SVM,1,84756,0,0.27800390614593434
depression,RBF SVM,1,84764,0,0.2773118082578411
depression,RBF SVM,1,84771,0,0.24747042543664274
depression,RBF SVM,1,84776,0,0.3900408090116914
depression,RBF SVM,1,84784,0,0.28473843933723125
depression,RBF SVM,1,84791,1,0.30453432114343487
depression,RBF SVM,1,84800,0,0.24131838335285455
depression,RBF SVM,1,84808,0,0.2750621470776796
depression,RBF SVM,1,84820,0,0.24588648861415974
depression,RBF SVM,1,84830,0,0.5679983164926741
depression,RBF SVM,1,84837,0,0.5294315148604257
depression,RBF SVM,1,84847,0,0.34367464324380825
depression,RBF SVM,1,84852,0,0.6185557858493321
depression,RBF SVM,1,84866,0,0.24533720618524296
depression,RBF SVM,1,84872,0,0.24882224332449876
depression,RBF SVM,1,84885,0,0.3650930133683501
depression,RBF SVM,1,84896,0,0.3093425745782223
depression,RBF SVM,1,84904,0,0.2242454398248497
depression,RBF SVM,1,84913,0,0.43896260027728967
depression,RBF SVM,1,84919,0,0.4912391696115896
depression,RBF SVM,1,84926,0,0.6701879222780677
depression,RBF SVM,1,84933,0,0.6699703631579715
depression,RBF SVM,1,84940,0,0.23582953123090772
depression,RBF SVM,1,84949,0,0.21832101534501544
depression,RBF SVM,1,84956,0,0.291851966535316
depression,RBF SVM,1,84970,0,0.6666016496212394
depression,RBF SVM,1,84980,0,0.6804583330062358
depression,RBF SVM,1,84992,0,0.37915907568475643
depression,RBF SVM,1,85001,0,0.48343835746218705
depression,RBF SVM,1,85014,0,0.3231810665398195
depression,RBF SVM,1,85022,0,0.46699195745174255
depression,RBF SVM,1,85039,0,0.792345998774749
depression,RBF SVM,1,85048,0,0.19528908115944524
depression,RBF SVM,1,85054,0,0.46563567649306514
depression,RBF SVM,1,85061,0,0.2636791087968277
depression,RBF SVM,1,85067,0,0.23067002063611347
depression,RBF SVM,1,85077,0,0.6610511899147817
depression,RBF SVM,1,85101,0,0.2657472024743927
depression,RBF SVM,1,85107,0,0.5131158570878444
depression,RBF SVM,1,85114,0,0.5010364035808909
depression,RBF SVM,1,85126,0,0.2846795450788167
depression,RBF SVM,1,85137,0,0.12506628381640664
depression,RBF SVM,1,85148,0,0.39550651840784096
depression,RBF SVM,1,85157,0,0.8242547870655662
depression,RBF SVM,1,85163,0,0.35187731616371337
depression,RBF SVM,1,85176,0,0.2598852966142426
depression,RBF SVM,1,85187,0,0.6229976547291687
depression,RBF SVM,1,85198,0,0.2379666314534861
depression,RBF SVM,1,85209,0,0.5160840246299876
depression,RBF SVM,1,85215,0,0.6504910934169945
depression,RBF SVM,1,85222,0,0.5919800596122156
depression,RBF SVM,1,85231,0,0.6687533545151576
depression,RBF SVM,1,85238,0,0.46805790713895207
depression,RBF SVM,1,85245,1,0.5851652642729117
depression,RBF SVM,1,85253,0,0.43316377835535297
depression,RBF SVM,1,85261,1,0.43876100404826224
depression,RBF SVM,1,85274,1,0.7811846664113671
depression,RBF SVM,1,85283,0,0.7322196638611904
depression,RBF SVM,1,85288,1,0.6689726828021458
depression,RBF SVM,1,85296,1,0.5778535218637498
depression,RBF SVM,1,85308,0,0.4122325328508291
depression,RBF SVM,1,85316,0,0.26802915053418214
depression,RBF SVM,1,85322,0,0.6154983739287113
depression,RBF SVM,1,85335,1,0.46420176050924733
depression,RBF SVM,1,85343,0,0.582616785587814
depression,RBF SVM,1,85352,0,0.6235679424595705
depression,RBF SVM,1,85360,0,0.40075767359889186
depression,RBF SVM,1,85368,0,0.2753575979831095
depression,RBF SVM,1,85376,0,0.5734014912405668
depression,RBF SVM,1,85388,0,0.4147748787993491
depression,RBF SVM,1,85394,0,0.5111708620827423
depression,RBF SVM,1,85400,0,0.2889486148633146
depression,RBF SVM,1,85408,0,0.4935475876161205
depression,RBF SVM,1,85422,0,0.24315580227279307
depression,RBF SVM,1,85429,0,0.6492588025875108
depression,RBF SVM,1,85441,0,0.42102438412298715
depression,RBF SVM,1,85448,0,0.37183669764625965
depression,RBF SVM,1,85464,0,0.32235273339142434
depression,RBF SVM,1,85470,0,0.7244880569136065
depression,RBF SVM,1,85483,0,0.6642308609084434
depression,RBF SVM,1,85489,0,0.27867108632651105
depression,RBF SVM,1,85499,1,0.7354756591109093
depression,RBF SVM,1,85511,0,0.2525516809331144
depression,RBF SVM,1,85522,0,0.5010695767216413
depression,RBF SVM,1,85529,0,0.6491845289092663
depression,RBF SVM,1,85537,0,0.2880968779004408
depression,RBF SVM,1,85545,0,0.2689040262434595
depression,RBF SVM,1,85553,0,0.6075741620153156
depression,RBF SVM,1,85571,0,0.46052267679355646
depression,RBF SVM,1,85580,0,0.5980809079505764
depression,RBF SVM,1,85588,0,0.2665812495720224
depression,RBF SVM,1,85599,0,0.7011013224332368
depression,RBF SVM,1,85604,0,0.7483457662695141
depression,RBF SVM,1,85625,0,0.26891352622875714
depression,RBF SVM,1,85631,1,0.3480007964224155
depression,RBF SVM,1,85644,0,0.30553213236167553
depression,RBF SVM,1,85655,0,0.49455679120766244
depression,RBF SVM,1,85662,0,0.7360966281615856
depression,RBF SVM,1,85669,0,0.23748858353933003
depression,RBF SVM,1,85676,1,0.3724420247420665
depression,RBF SVM,1,85684,0,0.3763842432539218
depression,RBF SVM,1,85701,0,0.10206858737111307
depression,RBF SVM,1,85707,0,0.2897971898237802
depression,RBF SVM,1,85722,0,0.6186856922060529
depression,RBF SVM,1,85728,1,0.7126879986246752
depression,RBF SVM,1,85736,0,0.7178350588633714
depression,RBF SVM,1,85745,0,0.2994307267431329
depression,RBF SVM,1,85756,1,0.7292985192554947
depression,RBF SVM,1,85772,0,0.7088698296492949
depression,RBF SVM,1,85778,0,0.47457921746633364
depression,RBF SVM,1,85785,0,0.4760703599084828
depression,RBF SVM,1,85791,0,0.2555464331448507
depression,RBF SVM,1,85801,0,0.26832343321365937
depression,RBF SVM,1,85810,0,0.21963930463607828
depression,RBF SVM,1,85816,0,0.3157947281421579
depression,RBF SVM,1,85827,0,0.5962839391476285
depression,RBF SVM,1,85834,0,0.7821830388500502
depression,RBF SVM,1,85846,0,0.24401349767133196
depression,RBF SVM,1,85855,0,0.5677979828572559
depression,RBF SVM,1,85863,0,0.08649336311987978
depression,RBF SVM,1,85870,0,0.525420798616945
depression,RBF SVM,1,85880,0,0.2530665474642213
depression,RBF SVM,1,85898,0,0.6572493814911128
depression,RBF SVM,1,85904,0,0.43115228641745007
depression,RBF SVM,1,85918,0,0.26840100286375623
depression,RBF SVM,1,85922,0,0.28716677374450866
depression,RBF SVM,1,85935,0,0.21444067211117965
depression,RBF SVM,1,85943,0,0.37999361235134627
depression,RBF SVM,1,85949,0,0.6640553505844006
depression,RBF SVM,1,85960,0,0.5799826973361488
depression,RBF SVM,1,85966,0,0.3375874009810466
depression,RBF SVM,1,85977,0,0.26904771150084605
depression,RBF SVM,1,85986,0,0.3604003611703127
depression,RBF SVM,1,85995,0,0.16750014342823277
depression,RBF SVM,1,86007,0,0.3804617463371705
depression,RBF SVM,1,86014,0,0.2503845162385128
depression,RBF SVM,1,86026,0,0.4059356872397835
depression,RBF SVM,1,86032,0,0.7734197746158322
depression,RBF SVM,1,86035,0,0.2685917212958279
depression,RBF SVM,1,86041,0,0.5666811192924183
depression,RBF SVM,1,86053,0,0.2684378090619922
depression,RBF SVM,1,86059,0,0.4540979889924979
depression,RBF SVM,1,86065,0,0.4633063628687263
depression,RBF SVM,1,86072,0,0.5851652642729117
depression,RBF SVM,1,86086,0,0.2844013133727805
depression,RBF SVM,1,86093,0,0.2933417686141754
depression,RBF SVM,1,86103,0,0.45611700969725355
depression,RBF SVM,1,86112,0,0.38580482620368034
depression,RBF SVM,1,86121,0,0.7065581997209008
depression,RBF SVM,1,86132,0,0.7419186538036288
depression,RBF SVM,1,86149,0,0.2798575425096618
depression,RBF SVM,1,86156,0,0.7286449804347784
depression,RBF SVM,1,86163,0,0.26575788874807216
depression,RBF SVM,1,86173,0,0.27204077897889334
depression,RBF SVM,1,86181,0,0.3135805933446984
depression,RBF SVM,1,86189,0,0.7176054883536859
depression,RBF SVM,1,86196,1,0.6766989093582153
depression,RBF SVM,1,86208,0,0.26798319313158725
depression,RBF SVM,1,86213,0,0.6794224355173546
depression,RBF SVM,1,86219,0,0.25535719008170993
depression,RBF SVM,1,86226,0,0.5935201408587301
depression,RBF SVM,1,86238,0,0.5092735452771844
depression,RBF SVM,1,86245,0,0.7700625917358558
depression,RBF SVM,1,86255,1,0.7214174137359813
depression,RBF SVM,1,86262,0,0.24886052713777937
depression,RBF SVM,1,86276,1,0.22214286673949502
depression,RBF SVM,1,86282,0,0.20837339922715323
depression,RBF SVM,1,86291,0,0.38891455944812736
depression,RBF SVM,1,86299,0,0.39025265018227934
depression,RBF SVM,1,86312,0,0.25029654042928884
depression,RBF SVM,1,86324,0,0.3484024478409952
depression,RBF SVM,1,86329,0,0.512867063834499
depression,RBF SVM,1,86338,0,0.5511303832056728
depression,RBF SVM,1,86350,0,0.19567392795289684
depression,RBF SVM,1,86357,0,0.26432957402976526
depression,RBF SVM,1,86364,0,0.25636913984918686
depression,RBF SVM,1,86372,0,0.232798811880886
depression,RBF SVM,1,86386,0,0.7523289725769079
depression,RBF SVM,1,86400,0,0.6960800754199961
depression,RBF SVM,1,86406,0,0.22505099350360788
depression,RBF SVM,1,86418,0,0.24941351690339028
depression,RBF SVM,1,86432,0,0.2517594246970395
depression,RBF SVM,1,86443,0,0.26832343321365937
depression,RBF SVM,1,86451,1,0.3503340277240595
depression,RBF SVM,1,86460,0,0.7446636707276771
depression,RBF SVM,1,86473,0,0.7095496421317509
depression,RBF SVM,1,86485,0,0.3219721402805002
depression,RBF SVM,1,86494,0,0.3847198743048258
depression,RBF SVM,1,86505,0,0.26540604331338624
depression,RBF SVM,1,86515,0,0.5737071275431802
depression,RBF SVM,1,86521,0,0.2086880882987002
depression,RBF SVM,1,86530,0,0.6464638667064689
depression,RBF SVM,1,86540,1,0.5353702988139237
depression,RBF SVM,1,86546,0,0.2689348620772597
depression,RBF SVM,1,86555,1,0.5971175207399435
depression,RBF SVM,1,86565,0,0.26677128687071094
depression,RBF SVM,1,86569,0,0.2551253685737245
depression,RBF SVM,1,86579,0,0.2679555762939716
depression,RBF SVM,1,86588,1,0.1775168280276984
depression,RBF SVM,1,86598,0,0.6700939400355671
depression,RBF SVM,1,86607,1,0.2369059465390691
depression,RBF SVM,1,86617,0,0.36329417881936427
depression,RBF SVM,1,86626,0,0.34803326273010393
depression,RBF SVM,1,86637,0,0.23334094257845356
depression,RBF SVM,1,86644,0,0.42569970352462505
depression,RBF SVM,1,86656,0,0.8011628668931264
depression,RBF SVM,1,86665,0,0.15968232695882992
depression,RBF SVM,1,86670,0,0.3250410240122182
depression,RBF SVM,1,86679,0,0.26509823728583
depression,RBF SVM,1,86695,0,0.08331602886955865
depression,RBF SVM,1,86703,1,0.7696328027929724
depression,RBF SVM,1,86712,0,0.19728381732361364
depression,RBF SVM,1,86727,0,0.326104372778745
depression,RBF SVM,1,86733,0,0.2724407603161974
depression,RBF SVM,1,86742,0,0.35086307744939055
depression,RBF SVM,1,86747,0,0.24445290336038392
depression,RBF SVM,1,86754,0,0.23809228463077617
depression,RBF SVM,1,86767,1,0.5760320689271802
depression,RBF SVM,1,86777,0,0.4970080577939001
depression,RBF SVM,1,86785,1,0.5189438444892056
depression,RBF SVM,1,86798,0,0.25744604130541615
depression,RBF SVM,1,86809,0,0.259740633665684
depression,RBF SVM,1,86816,0,0.25744604130541615
depression,RBF SVM,1,86829,0,0.3320517028744839
depression,RBF SVM,1,86842,0,0.25349791591709725
depression,RBF SVM,1,86859,0,0.3568459676632737
depression,RBF SVM,1,86871,0,0.36715688608042074
depression,RBF SVM,1,86879,0,0.7862394540329362
depression,RBF SVM,1,86888,0,0.4517593931926263
depression,RBF SVM,1,86897,0,0.26524527864839037
depression,RBF SVM,1,86908,0,0.18579242311570449
depression,RBF SVM,1,86922,0,0.2960317816544341
depression,RBF SVM,1,86934,0,0.235238821088721
depression,RBF SVM,1,86950,0,0.5558372290547176
depression,RBF SVM,1,86961,0,0.29377973077693625
depression,RBF SVM,1,86969,0,0.28082095442134025
depression,RBF SVM,1,86974,0,0.4993103626028157
depression,RBF SVM,1,86983,0,0.49090927155321107
depression,RBF SVM,1,86991,0,0.5326020587453302
depression,RBF SVM,1,86999,0,0.3089044219035875
depression,RBF SVM,1,87007,0,0.48028891729735873
depression,RBF SVM,1,87018,0,0.3469419524142123
depression,RBF SVM,1,87031,0,0.3481865639414888
depression,RBF SVM,1,87049,0,0.20178433192331888
depression,RBF SVM,1,87055,0,0.2187752154061873
depression,RBF SVM,1,87066,0,0.37221382795421276
depression,RBF SVM,1,87078,0,0.8032258416459209
depression,RBF SVM,1,87086,0,0.7025350686956399
depression,RBF SVM,1,87107,0,0.2746026175467043
depression,RBF SVM,1,87115,0,0.7282917552981937
depression,RBF SVM,1,87122,1,0.2771359204843646
depression,RBF SVM,1,87129,0,0.23219586112638946
depression,RBF SVM,1,87140,0,0.2669103474640423
depression,RBF SVM,1,87149,0,0.21198870034689354
depression,RBF SVM,1,87158,0,0.5438372946772938
depression,RBF SVM,1,87164,0,0.34684511316464933
depression,RBF SVM,1,87169,0,0.28587538484053654
depression,RBF SVM,1,87176,0,0.492215346729139
depression,RBF SVM,1,87186,0,0.4387023431068987
depression,RBF SVM,1,87194,0,0.23016727517529464
depression,RBF SVM,1,87201,0,0.2510612123734332
depression,RBF SVM,1,87211,0,0.2711272901884962
depression,RBF SVM,1,87221,0,0.25863528847117
depression,RBF SVM,1,87229,0,0.3024311586021267
depression,RBF SVM,1,87237,0,0.3815861105324906
depression,RBF SVM,1,87244,0,0.2444975107033222
depression,RBF SVM,1,87253,0,0.3805346725269399
depression,RBF SVM,1,87258,0,0.4996515798436638
depression,RBF SVM,1,87265,0,0.179193901983285
depression,RBF SVM,1,87276,0,0.616249748703637
depression,RBF SVM,1,87284,0,0.5588207935941117
depression,RBF SVM,1,87292,0,0.2773118082578411
depression,RBF SVM,1,87308,0,0.7179356335226316
depression,RBF SVM,1,87315,0,0.2755178061692947
depression,RBF SVM,1,87322,0,0.30058425259467664
depression,RBF SVM,1,87333,0,0.5584262139544375
depression,RBF SVM,1,87341,0,0.2624535758467215
depression,RBF SVM,1,87350,0,0.6319750120891119
depression,RBF SVM,1,87360,0,0.2836382991618222
depression,RBF SVM,1,87372,0,0.19223861836609157
depression,RBF SVM,1,87383,0,0.4111404141957305
depression,RBF SVM,1,87391,0,0.3197466099766792
depression,RBF SVM,1,87413,0,0.2871754498261516
depression,RBF SVM,1,87422,0,0.6281626338563672
depression,RBF SVM,1,87428,0,0.25069055338333207
depression,RBF SVM,1,87436,0,0.5006787499726233
depression,RBF SVM,1,87447,0,0.28701868079574755
depression,RBF SVM,1,87459,0,0.7213057201283246
depression,RBF SVM,1,87466,0,0.7346262865376251
depression,RBF SVM,1,87477,0,0.45809853779190685
depression,RBF SVM,1,87486,1,0.35327495045507973
depression,RBF SVM,1,87490,0,0.2576172874990564
depression,RBF SVM,1,87500,0,0.23305792518600646
depression,RBF SVM,1,87508,0,0.5016906783070049
depression,RBF SVM,1,87519,0,0.25535830121711156
depression,RBF SVM,1,87524,0,0.3701854696261628
depression,RBF SVM,1,87533,0,0.32663634916001755
depression,RBF SVM,1,87551,0,0.5789293813240296
depression,RBF SVM,1,87564,0,0.34405007419529005
depression,RBF SVM,1,87580,0,0.18737173788171957
depression,RBF SVM,1,87587,0,0.16929009434985715
depression,RBF SVM,1,87596,0,0.29815843225110356
depression,RBF SVM,1,87605,0,0.610797153137752
depression,RBF SVM,1,87626,0,0.5911706209830955
depression,RBF SVM,1,87634,0,0.26707830438207614
depression,RBF SVM,1,87640,0,0.6818851756731871
depression,RBF SVM,1,87661,0,0.6984586447426683
depression,RBF SVM,1,87669,0,0.4125836359847259
depression,RBF SVM,1,87687,0,0.5729208341660098
depression,RBF SVM,1,87696,0,0.4379130071519129
depression,RBF SVM,1,87712,1,0.7023430835384904
depression,RBF SVM,1,87721,0,0.4178560323694732
depression,RBF SVM,1,87739,0,0.4030139847902992
depression,RBF SVM,1,87749,0,0.3992474202305857
depression,RBF SVM,1,87758,0,0.4964805376092754
depression,RBF SVM,1,87772,0,0.7202329841252545
depression,RBF SVM,1,87777,0,0.0985410680724687
depression,RBF SVM,1,87784,0,0.3471689820161265
depression,RBF SVM,1,87798,0,0.2219146956563943
depression,RBF SVM,1,87803,0,0.7054159940436823
depression,RBF SVM,1,87810,0,0.41784304709110354
depression,RBF SVM,1,87821,0,0.7030942696982633
depression,RBF SVM,1,87839,1,0.763221503685727
depression,RBF SVM,1,87848,0,0.560176485893217
depression,RBF SVM,1,87853,0,0.2661407192027481
depression,RBF SVM,1,87859,0,0.7682622650212323
depression,RBF SVM,1,87874,0,0.2531034708727573
depression,RBF SVM,1,87891,1,0.7723520339527261
depression,RBF SVM,1,87897,0,0.2679222723369851
depression,RBF SVM,1,87906,0,0.5527139333884858
depression,RBF SVM,1,87918,0,0.6686603030385243
depression,RBF SVM,1,87922,0,0.47026202247950816
depression,RBF SVM,1,87944,0,0.5611106432046722
depression,RBF SVM,1,87951,0,0.2689636877713531
depression,RBF SVM,1,87962,0,0.17865346171472804
depression,RBF SVM,1,87974,0,0.3820811621397805
depression,RBF SVM,1,87984,0,0.6054163989997666
depression,RBF SVM,1,87994,0,0.24304406979467913
depression,RBF SVM,1,88003,0,0.3808761221001816
depression,RBF SVM,1,88019,0,0.24080388796298507
depression,RBF SVM,1,88027,0,0.34337685974911414
depression,RBF SVM,1,88040,0,0.2682756659630914
depression,RBF SVM,1,88048,0,0.4303628239258747
depression,RBF SVM,1,88058,0,0.588140318283798
depression,RBF SVM,1,88065,0,0.3030848772325813
depression,RBF SVM,1,88073,0,0.3756096868689615
depression,RBF SVM,1,88083,0,0.2189575622809544
depression,RBF SVM,1,88092,0,0.2361924068317036
depression,RBF SVM,1,88100,0,0.24505355073726692
depression,RBF SVM,1,88111,0,0.2686351947332671
depression,RBF SVM,1,88119,0,0.2836382991618222
depression,RBF SVM,1,88128,1,0.46415238932561453
depression,RBF SVM,1,88137,0,0.43742492222948287
depression,RBF SVM,1,88148,0,0.44095455989011917
depression,RBF SVM,1,88156,0,0.3317441208233348
depression,RBF SVM,1,88164,0,0.5058367226373606
depression,RBF SVM,1,88172,0,0.2221410968311362
depression,RBF SVM,1,88181,0,0.4153320406143888
depression,RBF SVM,1,88191,0,0.41283167899513745
depression,RBF SVM,1,88199,0,0.6482760452531195
depression,RBF SVM,1,88208,0,0.23479677676236702
depression,RBF SVM,1,88218,0,0.2531334789502267
depression,RBF SVM,1,88228,0,0.48996197554703896
depression,RBF SVM,1,88233,0,0.45551087429038123
depression,RBF SVM,1,88243,0,0.720238774808636
depression,RBF SVM,1,88256,0,0.7639831871277235
depression,RBF SVM,1,88262,0,0.29026525751529636
depression,RBF SVM,1,88274,0,0.39016148139555235
depression,RBF SVM,1,88291,0,0.32081371891544475
depression,RBF SVM,1,88302,0,0.2965569766830675
depression,RBF SVM,1,88307,0,0.32524572853027217
depression,RBF SVM,1,88317,0,0.19406503081314203
depression,RBF SVM,1,88327,0,0.11356742972144483
depression,RBF SVM,1,88335,0,0.45672016595439324
depression,RBF SVM,1,88344,0,0.7120648352410219
depression,RBF SVM,1,88351,1,0.6948072211718925
depression,RBF SVM,1,88361,1,0.7382633279309658
depression,RBF SVM,1,88370,0,0.6764502076956493
depression,RBF SVM,1,88386,0,0.24564900879594362
depression,RBF SVM,1,88395,0,0.2886476448959328
depression,RBF SVM,1,88404,0,0.3590722260798893
depression,RBF SVM,1,88414,1,0.738661421234828
depression,RBF SVM,1,88427,0,0.2530863022108992
depression,RBF SVM,1,88433,0,0.2851559401934163
depression,RBF SVM,1,88445,1,0.2816486970789322
depression,RBF SVM,1,88455,0,0.23806004943509593
depression,RBF SVM,1,88468,0,0.41911124380132425
depression,RBF SVM,1,88477,0,0.28485537190418836
depression,RBF SVM,1,88482,0,0.20259506071172798
depression,RBF SVM,1,88496,0,0.6089832361263295
depression,RBF SVM,1,88514,0,0.7090676663683962
depression,RBF SVM,1,88524,0,0.5100144262039353
depression,RBF SVM,1,88533,0,0.18804511733919624
depression,RBF SVM,1,88540,1,0.7390990099472425
depression,RBF SVM,1,88547,0,0.6988460753875418
depression,RBF SVM,1,88562,0,0.21933221904791508
depression,RBF SVM,1,88572,0,0.5907370138593959
depression,RBF SVM,1,88584,0,0.6409450749399017
depression,RBF SVM,1,88593,0,0.2748348196813175
depression,RBF SVM,1,88605,0,0.5633200768657768
depression,RBF SVM,1,88611,0,0.2090631478107965
depression,RBF SVM,1,88619,1,0.7175456287907215
depression,RBF SVM,1,88627,0,0.5960910037081378
depression,RBF SVM,1,88634,0,0.6889496340043223
depression,RBF SVM,1,88643,0,0.2400034820231961
depression,RBF SVM,1,88652,0,0.3756096868689615
depression,RBF SVM,1,88660,0,0.2531334789502267
depression,RBF SVM,1,88673,0,0.32216494050136085
depression,RBF SVM,1,88680,0,0.4460008095653717
depression,RBF SVM,1,88691,0,0.2406068354363991
depression,RBF SVM,1,88700,0,0.6947580585911652
depression,RBF SVM,1,88707,1,0.7121186471073562
depression,RBF SVM,1,88720,0,0.6051889805744669
depression,RBF SVM,1,88728,1,0.4001029948617212
depression,RBF SVM,1,88732,0,0.23650030864540506
depression,RBF SVM,1,88743,0,0.2660613169302128
depression,RBF SVM,1,88755,0,0.271875312835795
depression,RBF SVM,1,88764,0,0.20686190447288533
depression,RBF SVM,1,88780,0,0.27152627245641914
depression,RBF SVM,1,88790,0,0.23532800095014508
depression,RBF SVM,1,88796,0,0.2971722557059589
depression,RBF SVM,1,88806,1,0.241898077853545
depression,RBF SVM,1,88827,0,0.15428443230524122
depression,RBF SVM,1,88836,0,0.4414719804492262
depression,RBF SVM,1,88842,0,0.2499504466316914
depression,RBF SVM,1,88848,0,0.4177942402168801
depression,RBF SVM,1,88858,0,0.48588611708639934
depression,RBF SVM,1,88868,0,0.7070406139480898
depression,RBF SVM,1,88876,0,0.5379385191202707
depression,RBF SVM,1,88883,0,0.26899713480915255
depression,RBF SVM,1,88890,0,0.6421863497334714
depression,RBF SVM,1,88894,0,0.7327346332715466
depression,RBF SVM,1,88900,1,0.4995280313908621
depression,RBF SVM,1,88908,0,0.5296785693885754
depression,RBF SVM,1,88916,1,0.5062132982334926
depression,RBF SVM,1,88925,0,0.1686453661038644
depression,RBF SVM,1,88937,0,0.24855579898178393
depression,RBF SVM,1,88945,0,0.4317894878748489
depression,RBF SVM,1,88961,0,0.7453339469236205
depression,RBF SVM,1,88974,0,0.297694206626741
depression,RBF SVM,1,88984,0,0.6800641667974313
depression,RBF SVM,1,89000,0,0.2897817944747826
depression,RBF SVM,1,89006,0,0.47652959041044307
depression,RBF SVM,1,89015,0,0.20694323436626905
depression,RBF SVM,1,89026,0,0.27961830026386736
depression,RBF SVM,1,89036,0,0.3904144279943238
depression,RBF SVM,1,89043,0,0.26110975129842534
depression,RBF SVM,1,89063,0,0.38516384951627847
depression,RBF SVM,1,89070,0,0.390294066898302
depression,RBF SVM,1,89079,0,0.3167512964935996
depression,RBF SVM,1,89091,0,0.4655855811172095
depression,RBF SVM,1,89099,0,0.3625213256721672
depression,RBF SVM,1,89107,0,0.6718561037045993
depression,RBF SVM,1,89119,0,0.2690880041999395
depression,RBF SVM,1,89126,0,0.2819942891091075
depression,RBF SVM,1,89131,0,0.4962177261762075
depression,RBF SVM,1,89149,1,0.4661053935668704
depression,RBF SVM,1,89158,0,0.5889070906734948
depression,RBF SVM,1,89166,0,0.24445290336038392
depression,RBF SVM,1,89173,0,0.2519173020329654
depression,RBF SVM,1,89181,0,0.26606316741791886
depression,RBF SVM,1,89186,0,0.38791719082285075
depression,RBF SVM,1,89197,0,0.19468335205402373
depression,RBF SVM,1,89207,0,0.2496352316181404
depression,RBF SVM,1,89223,0,0.45718227146551443
depression,RBF SVM,1,89234,0,0.533082395116109
depression,RBF SVM,1,89248,0,0.2957299668996631
depression,RBF SVM,1,89259,0,0.37884420526799395
depression,RBF SVM,1,89267,0,0.2583232811981822
depression,RBF SVM,1,89273,0,0.4971636846473447
depression,RBF SVM,1,89284,0,0.6728800361624209
depression,RBF SVM,1,89293,0,0.26891352622875714
depression,RBF SVM,1,89303,0,0.47810520650423716
depression,RBF SVM,1,89311,0,0.28445679033355176
depression,RBF SVM,1,89320,0,0.2660613169302128
depression,RBF SVM,1,89329,1,0.708058176180235
depression,RBF SVM,1,89339,0,0.2834238711669786
depression,RBF SVM,1,89350,0,0.6517376921344401
depression,RBF SVM,1,89357,0,0.3050465891271143
depression,RBF SVM,1,89364,0,0.2273823615683004
depression,RBF SVM,1,89376,0,0.7137386779112128
depression,RBF SVM,1,89389,0,0.39468346218292916
depression,RBF SVM,1,89399,0,0.2755178061692947
depression,RBF SVM,1,89408,0,0.1959052061450914
depression,RBF SVM,1,89422,0,0.21156585015702278
depression,RBF SVM,1,89436,0,0.19656066987194992
depression,RBF SVM,1,89443,0,0.30663633434006365
depression,RBF SVM,1,89455,0,0.7413809419625816
depression,RBF SVM,1,89470,0,0.24615471990715976
depression,RBF SVM,1,89475,0,0.29705730210988135
depression,RBF SVM,1,89488,0,0.2762995025147924
depression,RBF SVM,1,89496,0,0.30419199856210255
depression,RBF SVM,1,89504,0,0.37014042863323043
depression,RBF SVM,1,89519,0,0.5309963057709682
depression,RBF SVM,1,89536,0,0.6125921652135408
depression,RBF SVM,1,89545,0,0.7676624334313278
depression,RBF SVM,1,89551,0,0.25842270993126926
depression,RBF SVM,1,89562,0,0.7432615567692565
depression,RBF SVM,1,89570,0,0.4014886086998627
depression,RBF SVM,1,89578,0,0.4478198651072436
depression,RBF SVM,1,89584,0,0.4389509544143339
depression,RBF SVM,1,89589,0,0.37487873114951276
depression,RBF SVM,1,89596,0,0.4830379668937752
depression,RBF SVM,1,89604,0,0.2940196733727313
depression,RBF SVM,1,89609,0,0.7532107544135653
depression,RBF SVM,1,89616,0,0.41651874414889717
depression,RBF SVM,1,89623,1,0.6660381382310734
depression,RBF SVM,1,89635,0,0.36939795294988403
depression,RBF SVM,1,89642,0,0.28099480458008713
depression,RBF SVM,1,89648,0,0.26755633737487655
depression,RBF SVM,1,89654,0,0.5295033594126408
depression,RBF SVM,1,89662,0,0.3705202435992474
depression,RBF SVM,1,89672,0,0.33360707913945326
depression,RBF SVM,1,89680,0,0.6221025344728942
depression,RBF SVM,1,89692,1,0.5418270919964228
depression,RBF SVM,1,89702,0,0.7340619672598203
depression,RBF SVM,1,89709,0,0.2540585413581833
depression,RBF SVM,1,89719,0,0.22418500375577663
depression,RBF SVM,1,89725,0,0.22184331420042505
depression,RBF SVM,1,89731,0,0.2688179238588335
depression,RBF SVM,1,89741,0,0.23640821808800774
depression,RBF SVM,1,89751,0,0.5194571909693517
depression,RBF SVM,1,89770,0,0.635491126562062
depression,RBF SVM,1,89786,0,0.6738752178735334
depression,RBF SVM,1,89792,0,0.21542786753143037
depression,RBF SVM,1,89799,0,0.23077034394409307
depression,RBF SVM,1,89802,0,0.24401349767133196
depression,RBF SVM,1,89807,0,0.7134781636475717
depression,RBF SVM,1,89820,0,0.24408477993521577
depression,RBF SVM,1,89829,0,0.6503339973068359
depression,RBF SVM,1,89839,0,0.5205675458885783
depression,RBF SVM,1,89846,0,0.46722710820091035
depression,RBF SVM,1,89853,0,0.7065802650037446
depression,RBF SVM,1,89864,0,0.2900622656141463
depression,RBF SVM,1,89883,0,0.2805291148754931
depression,RBF SVM,1,89892,0,0.6413444300525173
depression,RBF SVM,1,89902,0,0.4459031166671093
depression,RBF SVM,1,89913,0,0.16593574194534494
depression,RBF SVM,1,89927,0,0.7341365921164608
depression,RBF SVM,1,89939,0,0.22794678444179167
depression,RBF SVM,1,89950,0,0.2705876636518105
depression,RBF SVM,1,89957,0,0.2009544324525192
depression,RBF SVM,1,89964,0,0.3294318589152729
depression,RBF SVM,1,89975,0,0.7331446050013046
depression,RBF SVM,1,89981,0,0.4848652170714326
depression,RBF SVM,1,89993,0,0.23191537278862925
depression,RBF SVM,1,90001,0,0.5555665050845346
depression,RBF SVM,1,90008,0,0.2682756659630914
depression,RBF SVM,1,90017,0,0.17335222492687713
depression,RBF SVM,1,90030,0,0.4634137871650279
depression,RBF SVM,1,90036,0,0.31696511425528767
depression,RBF SVM,1,90050,0,0.24948420844811642
depression,RBF SVM,1,90061,0,0.7362702858707889
depression,RBF SVM,1,90068,0,0.7876026745321147
depression,RBF SVM,1,90073,0,0.7056577617881971
depression,RBF SVM,1,90078,0,0.2689801011620561
depression,RBF SVM,1,90089,0,0.7255261755505896
depression,RBF SVM,1,90096,0,0.15420638301253983
depression,RBF SVM,1,90107,0,0.6656921265309672
depression,RBF SVM,1,90115,0,0.27764061534728385
depression,RBF SVM,1,90122,0,0.237011538623411
depression,RBF SVM,1,90138,0,0.5724345529007911
depression,RBF SVM,1,90144,0,0.2973288184952545
depression,RBF SVM,1,90153,0,0.5849656873033738
depression,RBF SVM,1,90163,0,0.6799100393646481
depression,RBF SVM,1,90174,0,0.6876658682732038
depression,RBF SVM,1,90184,0,0.6582153517052023
depression,RBF SVM,1,90190,0,0.4523764260323432
depression,RBF SVM,1,90204,0,0.43011406542406877
depression,RBF SVM,1,90221,0,0.2756581688853783
depression,RBF SVM,1,90240,0,0.49947834765880417
depression,RBF SVM,1,90247,0,0.3029495282260657
depression,RBF SVM,1,90257,0,0.1034530277072025
depression,RBF SVM,1,90263,0,0.26892878695282135
depression,RBF SVM,1,90276,0,0.2946809269196059
depression,RBF SVM,1,90282,1,0.7378397655964816
depression,RBF SVM,1,90294,0,0.644840170195554
depression,RBF SVM,1,90303,0,0.33646518800226466
depression,RBF SVM,1,90315,0,0.46229421668141524
depression,RBF SVM,1,90322,0,0.5909245250958642
depression,RBF SVM,1,90328,0,0.2862439594352295
depression,RBF SVM,1,90338,0,0.4830379668937752
depression,RBF SVM,1,90346,0,0.12696690621216347
depression,RBF SVM,1,90353,1,0.7584711220012252
depression,RBF SVM,1,90361,0,0.7127123967677172
depression,RBF SVM,1,90369,0,0.4713837200022022
depression,RBF SVM,1,90380,0,0.5076564080878733
depression,RBF SVM,1,90393,0,0.5287834465984107
depression,RBF SVM,1,90399,0,0.14757944153568406
depression,RBF SVM,1,90413,0,0.7074343746991777
depression,RBF SVM,1,90426,0,0.7724245297614205
depression,RBF SVM,1,90439,0,0.40361877409856695
depression,RBF SVM,1,90454,0,0.6936330488099288
depression,RBF SVM,1,90463,0,0.7172831663759567
depression,RBF SVM,1,90470,0,0.4571833172109901
depression,RBF SVM,1,90482,0,0.24259587329808094
depression,RBF SVM,1,90495,0,0.1836656774385438
depression,RBF SVM,1,90502,0,0.5584053266365537
depression,RBF SVM,1,90514,0,0.40971472838153883
depression,RBF SVM,1,90519,0,0.2475183355110734
depression,RBF SVM,1,90526,0,0.23021205393390093
depression,RBF SVM,1,90533,0,0.6476610262022052
depression,RBF SVM,1,90542,0,0.22223216899027903
depression,RBF SVM,1,90555,0,0.46557594861237345
depression,RBF SVM,1,90566,0,0.25744604130541615
depression,RBF SVM,1,90577,0,0.5596207310746819
depression,RBF SVM,1,90586,0,0.6195449385487459
depression,RBF SVM,1,90594,0,0.47182028003016135
depression,RBF SVM,1,90607,0,0.7229599456769218
depression,RBF SVM,1,90613,0,0.28527318935453766
depression,RBF SVM,1,90624,0,0.7345523357347611
depression,RBF SVM,1,90633,0,0.5551054768175143
depression,RBF SVM,1,90642,0,0.732498537672865
depression,RBF SVM,1,90650,0,0.3312773952560522
depression,RBF SVM,1,90655,0,0.47245807270223916
depression,RBF SVM,1,90664,0,0.5829924702989016
depression,RBF SVM,1,90671,1,0.7855275326505282
depression,RBF SVM,1,90677,0,0.2700036585788261
depression,RBF SVM,1,90688,0,0.23832848128398562
depression,RBF SVM,1,90696,0,0.27572901688039503
depression,RBF SVM,1,90707,1,0.7053395963053481
depression,RBF SVM,1,90718,0,0.23547262287962545
depression,RBF SVM,1,90724,0,0.6587936736342774
depression,RBF SVM,1,90744,0,0.5505847384881798
depression,RBF SVM,1,90752,0,0.7526117348376722
depression,RBF SVM,1,90768,0,0.3581061306610906
depression,RBF SVM,1,90783,0,0.4874958373334587
depression,RBF SVM,1,90789,0,0.2979318494729273
depression,RBF SVM,1,90796,0,0.2928513854748881
depression,RBF SVM,1,90804,0,0.5071888868474288
depression,RBF SVM,1,90813,0,0.2333569036834303
depression,RBF SVM,1,90824,0,0.4690319183926853
depression,RBF SVM,1,90835,0,0.7905514373072283
depression,RBF SVM,1,90846,0,0.6395911008661399
depression,RBF SVM,1,90852,0,0.30299820564077845
depression,RBF SVM,1,90863,0,0.3686609975780827
depression,RBF SVM,1,90873,0,0.2707453441800437
depression,RBF SVM,1,90886,0,0.2010316678609847
depression,RBF SVM,1,90892,0,0.20971567408088337
depression,RBF SVM,1,90902,0,0.24990577709190645
depression,RBF SVM,1,90911,0,0.5379385191202707
depression,RBF SVM,1,90917,0,0.2592685241024961
depression,RBF SVM,1,90925,0,0.5350513676718767
depression,RBF SVM,1,90931,0,0.24783943528203306
depression,RBF SVM,1,90941,0,0.5474300498146921
depression,RBF SVM,1,90951,0,0.27800390614593434
depression,RBF SVM,1,90964,0,0.2690870926948671
depression,RBF SVM,1,90971,0,0.6625317546911925
depression,RBF SVM,1,90980,0,0.7063319360838288
depression,RBF SVM,1,90990,1,0.20652714036870867
depression,RBF SVM,1,90995,0,0.3771734879218921
depression,RBF SVM,1,91008,0,0.4521653903501
depression,RBF SVM,1,91018,0,0.24860050782971407
depression,RBF SVM,1,91028,0,0.7589147081208348
depression,RBF SVM,1,91039,0,0.42142055583400995
depression,RBF SVM,1,91046,0,0.3027954093306142
depression,RBF SVM,1,91054,0,0.36932178717718495
depression,RBF SVM,1,91065,0,0.6865293570022971
depression,RBF SVM,1,91077,0,0.6712302039902582
depression,RBF SVM,1,91087,0,0.47943367196389564
depression,RBF SVM,1,91099,0,0.46193911691088846
depression,RBF SVM,1,91111,0,0.40828575234135106
depression,RBF SVM,1,91126,0,0.486014214881983
depression,RBF SVM,1,91133,0,0.602580679897163
depression,RBF SVM,1,91146,0,0.749046667041433
depression,RBF SVM,1,91159,0,0.25301458117001757
depression,RBF SVM,1,91166,0,0.3138459314938348
depression,RBF SVM,1,91176,0,0.5649927896353347
depression,RBF SVM,1,91187,0,0.620290502453713
depression,RBF SVM,1,91197,0,0.21218657771199353
depression,RBF SVM,1,91211,0,0.38113848345297024
depression,RBF SVM,1,91220,0,0.20517008088509672
depression,RBF SVM,1,91232,0,0.3145246348819324
depression,RBF SVM,1,91247,0,0.27185402181198326
depression,RBF SVM,1,91258,0,0.4987195257569625
depression,RBF SVM,1,91267,0,0.21371056368817096
depression,RBF SVM,1,91275,0,0.430587491739402
depression,RBF SVM,1,91285,0,0.6126072934733653
depression,RBF SVM,1,91295,0,0.3705438511319726
depression,RBF SVM,1,91310,0,0.2687438819003677
depression,RBF SVM,1,91319,0,0.34196900048237394
depression,RBF SVM,1,91328,0,0.2965484672389142
depression,RBF SVM,1,91336,0,0.738661421234828
depression,RBF SVM,1,91344,0,0.748749878803054
depression,RBF SVM,1,91353,0,0.25023749985350646
depression,RBF SVM,1,91359,0,0.1881781762881813
depression,RBF SVM,1,91365,0,0.26853477177156454
depression,RBF SVM,1,91373,0,0.43728559282790946
depression,RBF SVM,1,91391,0,0.2379708685036321
depression,RBF SVM,1,91399,0,0.3024412885958606
depression,RBF SVM,1,91408,1,0.7041925021166008
depression,RBF SVM,1,91420,0,0.6277350859563315
depression,RBF SVM,1,91428,0,0.5320654234301503
depression,RBF SVM,1,91438,0,0.4735936877492167
depression,RBF SVM,1,91447,0,0.742841398705042
depression,RBF SVM,1,91453,0,0.5829046563963879
depression,RBF SVM,1,91469,0,0.2703594643038892
depression,RBF SVM,1,91478,0,0.3238167426323433
depression,RBF SVM,1,91485,1,0.2620742922334675
depression,RBF SVM,1,91493,0,0.7598562288726
depression,RBF SVM,1,91507,0,0.633932982940925
depression,RBF SVM,1,91518,0,0.46569576273001084
depression,RBF SVM,1,91529,0,0.36333216487893855
depression,RBF SVM,1,91538,0,0.7051061129889754
depression,RBF SVM,1,91550,0,0.5127935696984841
depression,RBF SVM,1,91560,0,0.7521390919414844
depression,RBF SVM,1,91568,1,0.6979866390895947
depression,RBF SVM,1,91582,0,0.3002482711574835
depression,RBF SVM,1,91589,0,0.6823489611233725
depression,RBF SVM,1,91599,0,0.2743840746348914
depression,RBF SVM,1,91609,0,0.8049708914753433
depression,RBF SVM,1,91618,0,0.44851296986768086
depression,RBF SVM,1,91626,0,0.4889920143687382
depression,RBF SVM,1,91632,1,0.48060808101443736
depression,RBF SVM,1,91638,0,0.29647027700668593
depression,RBF SVM,1,91654,0,0.648718826426729
depression,RBF SVM,1,91667,0,0.3076465488321044
depression,RBF SVM,1,91673,1,0.585290577425008
depression,RBF SVM,1,91681,0,0.7886773458988483
depression,RBF SVM,1,91699,0,0.5618874646616505
depression,RBF SVM,1,91711,0,0.28340508625651306
depression,RBF SVM,1,91716,0,0.29987975869868405
depression,RBF SVM,1,91726,0,0.3514323701791333
depression,RBF SVM,1,91730,0,0.5556127174833922
depression,RBF SVM,1,91738,0,0.48128587547185464
depression,RBF SVM,1,91747,0,0.766430070055444
depression,RBF SVM,1,91756,0,0.45238507249686044
depression,RBF SVM,1,91771,0,0.6254042254369161
depression,RBF SVM,1,91784,0,0.2519793559170361
depression,RBF SVM,1,91790,0,0.49021962412557973
depression,RBF SVM,1,91796,0,0.4176466383053565
depression,RBF SVM,1,91807,0,0.4323433551778503
depression,RBF SVM,1,91814,0,0.5814353128667918
depression,RBF SVM,1,91820,0,0.2662977824808918
depression,RBF SVM,1,91830,0,0.2366799654348122
depression,RBF SVM,1,91837,0,0.2640116008838764
depression,RBF SVM,1,91843,0,0.5174137095315582
depression,RBF SVM,1,91853,1,0.7304641730169977
depression,RBF SVM,1,91862,0,0.48588611708639934
depression,RBF SVM,1,91871,0,0.5790693236663247
depression,RBF SVM,1,91887,0,0.6427671791615597
depression,RBF SVM,1,91894,0,0.27037279089932764
depression,RBF SVM,1,91903,0,0.3520048679324232
depression,RBF SVM,1,91915,0,0.49882302367189874
depression,RBF SVM,1,91924,0,0.48836003468239414
depression,RBF SVM,1,91932,0,0.5040538775908838
depression,RBF SVM,1,91947,0,0.3528713862786541
depression,RBF SVM,1,91957,0,0.6141579883040454
depression,RBF SVM,1,91968,0,0.26319184178081184
depression,RBF SVM,1,91976,0,0.7797518717869486
depression,RBF SVM,1,91985,0,0.27815540097455577
depression,RBF SVM,1,91995,0,0.34524909930959397
depression,RBF SVM,1,92003,0,0.5547192129677877
depression,RBF SVM,1,92019,0,0.273249121281841
depression,RBF SVM,1,92026,0,0.5714070267749697
depression,RBF SVM,1,92041,1,0.38513791996331415
depression,RBF SVM,1,92049,0,0.5115009351590949
depression,RBF SVM,1,92058,0,0.24007446018322143
depression,RBF SVM,1,92069,0,0.5077511012952595
depression,RBF SVM,1,92083,0,0.7288689773090644
depression,RBF SVM,1,92090,0,0.30082328872092867
depression,RBF SVM,1,92101,0,0.5582677452051393
depression,RBF SVM,1,92106,0,0.4424223334363535
depression,RBF SVM,1,92116,0,0.710075658412708
depression,RBF SVM,1,92124,0,0.5044498926866128
depression,RBF SVM,1,92132,0,0.3164780752876868
depression,RBF SVM,1,92139,0,0.26900228453067665
depression,RBF SVM,1,92149,0,0.5979361264700824
depression,RBF SVM,1,92159,0,0.48588611708639934
depression,RBF SVM,1,92174,1,0.2565722424685604
depression,RBF SVM,1,92188,1,0.3985759188451653
depression,RBF SVM,1,92200,0,0.4797731046812747
depression,RBF SVM,1,92210,0,0.7451946088217664
depression,RBF SVM,1,92219,0,0.27089607601279614
depression,RBF SVM,1,92226,0,0.34714369743809453
depression,RBF SVM,1,92239,0,0.31546741595185984
depression,RBF SVM,1,92252,1,0.3618062264448522
depression,RBF SVM,1,92255,0,0.3005268553887011
depression,RBF SVM,1,92262,0,0.4563516437483553
depression,RBF SVM,1,92277,0,0.7722704358962506
depression,RBF SVM,1,92287,0,0.5753897691251056
depression,RBF SVM,1,92298,0,0.5638841893791597
depression,RBF SVM,1,92312,1,0.6542782647789814
depression,RBF SVM,1,92331,0,0.49541507008196056
depression,RBF SVM,1,92345,0,0.602122236444015
depression,RBF SVM,1,92353,1,0.5214277252601294
depression,RBF SVM,1,92362,0,0.3813588408048327
depression,RBF SVM,1,92369,1,0.3302005850986758
depression,RBF SVM,1,92377,0,0.24932348951338604
depression,RBF SVM,1,92394,1,0.48632553054763544
depression,RBF SVM,1,92403,0,0.30148177306648644
depression,RBF SVM,1,92409,0,0.5022078117902992
depression,RBF SVM,1,92417,0,0.7327787361961628
depression,RBF SVM,1,92424,0,0.6855917073834531
depression,RBF SVM,1,92435,0,0.7279632125972526
depression,RBF SVM,1,92443,0,0.30183492161461034
depression,RBF SVM,1,92455,0,0.44775932594034884
depression,RBF SVM,1,92475,0,0.3005574698564713
depression,RBF SVM,1,92486,0,0.26835163546825014
depression,RBF SVM,1,92496,0,0.33947903568103477
depression,RBF SVM,1,92504,0,0.2912516851960696
depression,RBF SVM,1,92511,0,0.6656255372648227
depression,RBF SVM,1,92524,0,0.5594857226364573
depression,RBF SVM,1,92531,0,0.2219058105901101
depression,RBF SVM,1,92539,0,0.6929961956213081
depression,RBF SVM,1,92545,0,0.2690870926948671
depression,RBF SVM,1,92555,1,0.7404680334149752
depression,RBF SVM,1,92562,0,0.306165717192168
depression,RBF SVM,1,92570,1,0.512718059873086
depression,RBF SVM,1,92586,0,0.22167336800206203
depression,RBF SVM,1,92595,0,0.43580882146795596
depression,RBF SVM,1,92604,0,0.5538589813229731
depression,RBF SVM,1,92614,0,0.4594657015131026
depression,RBF SVM,1,92622,1,0.7384671750972222
depression,RBF SVM,1,92631,0,0.45826247214818244
depression,RBF SVM,1,92644,0,0.37043682578209763
depression,RBF SVM,1,92656,0,0.2144893449694707
depression,RBF SVM,1,92664,0,0.36812454650775744
depression,RBF SVM,1,92675,0,0.33703574691877886
depression,RBF SVM,1,92684,0,0.6295385933879646
depression,RBF SVM,1,92692,0,0.25799140489374467
depression,RBF SVM,1,92702,0,0.2434459967438008
depression,RBF SVM,1,92714,0,0.24395875995516753
depression,RBF SVM,1,92724,0,0.5468581217246513
depression,RBF SVM,1,92732,0,0.7708419160531995
depression,RBF SVM,1,92744,0,0.49160529973429296
depression,RBF SVM,1,92758,0,0.5285334995710905
depression,RBF SVM,1,92768,0,0.6802727026731082
depression,RBF SVM,1,92782,0,0.7431140177247564
depression,RBF SVM,1,92793,0,0.38748831054867616
depression,RBF SVM,1,92804,0,0.3485452385896021
depression,RBF SVM,1,92815,0,0.590944766815995
depression,RBF SVM,1,92819,0,0.5080379188717391
depression,RBF SVM,1,92827,0,0.7190095524363946
depression,RBF SVM,1,92835,0,0.561220963305801
depression,RBF SVM,1,92847,0,0.38764007223463626
depression,RBF SVM,1,92856,0,0.33648863936489926
depression,RBF SVM,1,92874,0,0.24727411212948694
depression,RBF SVM,1,92884,0,0.41593364631709134
depression,RBF SVM,1,92893,0,0.4452292995503449
depression,RBF SVM,1,92900,0,0.5634448100657359
depression,RBF SVM,1,92907,0,0.4036218193267355
depression,RBF SVM,1,92914,0,0.3695591100369617
depression,RBF SVM,1,92920,0,0.17415449745207293
depression,RBF SVM,1,92923,0,0.43585619615094223
depression,RBF SVM,1,92936,0,0.30144005063358487
depression,RBF SVM,1,92946,0,0.5672344798638028
depression,RBF SVM,1,92953,0,0.2550887722890209
depression,RBF SVM,1,92961,0,0.5764821404368702
depression,RBF SVM,1,92974,0,0.5620506604863773
depression,RBF SVM,1,92984,0,0.49598313544549216
depression,RBF SVM,1,92989,0,0.4931458604576344
depression,RBF SVM,1,92995,1,0.26802267120215395
depression,RBF SVM,1,93003,0,0.09328596661217248
depression,RBF SVM,1,93011,0,0.7378497159633397
depression,RBF SVM,1,93016,0,0.31703858298430876
depression,RBF SVM,1,93026,0,0.6001224762485431
depression,RBF SVM,1,93039,0,0.6154827563925338
depression,RBF SVM,1,93049,0,0.2568782309422998
depression,RBF SVM,1,93054,0,0.5752610061350946
depression,RBF SVM,1,93070,0,0.30216651328711364
depression,RBF SVM,1,93076,0,0.3929710571253906
depression,RBF SVM,1,93086,0,0.3002482711574835
depression,RBF SVM,1,93094,0,0.786588717197559
depression,RBF SVM,1,93101,0,0.2720461994677409
depression,RBF SVM,1,93113,0,0.2472888732886091
depression,RBF SVM,1,93122,0,0.2735026709330737
depression,RBF SVM,1,93139,0,0.27475714040852817
depression,RBF SVM,1,93146,0,0.7196469894132445
depression,RBF SVM,1,93161,0,0.2745680008975808
depression,RBF SVM,1,93173,1,0.6127655992746223
depression,RBF SVM,1,93183,0,0.32278192369332664
depression,RBF SVM,1,93192,0,0.1298828818174225
depression,RBF SVM,1,93203,0,0.26891352622875714
depression,RBF SVM,1,93210,0,0.6947324876403255
depression,RBF SVM,1,93222,1,0.4848495384642174
depression,RBF SVM,1,93238,0,0.446156524962981
depression,RBF SVM,1,93245,0,0.48154635278914454
depression,RBF SVM,1,93261,1,0.5954189040428969
depression,RBF SVM,1,93268,1,0.7440068674974056
depression,RBF SVM,1,93276,0,0.20655868993944104
depression,RBF SVM,1,93282,0,0.17356372807669676
depression,RBF SVM,1,93290,1,0.5897330486529639
depression,RBF SVM,1,93303,1,0.801931917121434
depression,RBF SVM,1,93310,0,0.4561730330320915
depression,RBF SVM,1,93324,0,0.26888329200644834
depression,RBF SVM,1,93327,0,0.23320937072504183
depression,RBF SVM,1,93337,0,0.24684136354605832
depression,RBF SVM,1,93348,0,0.25924778603815496
depression,RBF SVM,1,93355,0,0.40699478485375007
depression,RBF SVM,1,93366,0,0.4742818766379297
depression,RBF SVM,1,93373,0,0.37179059171392437
depression,RBF SVM,1,93390,0,0.41541433387231463
depression,RBF SVM,1,93407,0,0.24626573511800867
depression,RBF SVM,1,93419,0,0.25744604130541615
depression,RBF SVM,1,93430,0,0.7142333247149801
depression,RBF SVM,1,93442,0,0.22114206511978943
depression,RBF SVM,1,93445,0,0.5516383988502822
depression,RBF SVM,1,93456,0,0.2480491240242419
depression,RBF SVM,1,93473,0,0.503957779564848
depression,RBF SVM,1,93483,0,0.3435574971652226
depression,RBF SVM,1,93492,0,0.5066662359924968
depression,RBF SVM,1,93498,1,0.496587336966859
depression,RBF SVM,1,93509,0,0.5415487021951456
depression,RBF SVM,1,93518,0,0.28099095122721923
depression,RBF SVM,1,93531,0,0.49856953336135224
depression,RBF SVM,1,93540,0,0.36801549920165266
depression,RBF SVM,1,93554,0,0.25420400902912776
depression,RBF SVM,1,93562,0,0.7203154433440173
depression,RBF SVM,1,93568,0,0.7575174872885221
depression,RBF SVM,1,93578,0,0.25341085318694323
depression,RBF SVM,1,93591,0,0.28760944630558954
depression,RBF SVM,1,93600,0,0.4427767658581845
depression,RBF SVM,1,93610,0,0.4593060153698234
depression,RBF SVM,1,93621,0,0.4827708328467911
depression,RBF SVM,1,93631,0,0.6015299483412514
depression,RBF SVM,1,93640,0,0.2613164091991763
depression,RBF SVM,1,93653,0,0.3389382502789304
depression,RBF SVM,1,93661,0,0.6572137726426464
depression,RBF SVM,1,93671,0,0.2589992060396022
depression,RBF SVM,1,93679,0,0.17164643985877964
depression,RBF SVM,1,93691,0,0.23953625949380217
depression,RBF SVM,1,93695,0,0.6831346203493635
depression,Random Forest,1,83733,0,0.22022093044621094
depression,Random Forest,1,83741,0,0.13102079915884793
depression,Random Forest,1,83752,0,0.018319874338654014
depression,Random Forest,1,83759,1,0.1959153703295421
depression,Random Forest,1,83775,0,0.45911609874063286
depression,Random Forest,1,83787,0,0.2529223408157215
depression,Random Forest,1,83801,0,0.05336683427238792
depression,Random Forest,1,83817,0,0.025585227892593262
depression,Random Forest,1,83827,0,0.029083443547336746
depression,Random Forest,1,83836,1,0.21058627575197567
depression,Random Forest,1,83847,0,0.0
depression,Random Forest,1,83857,0,0.016838857152532118
depression,Random Forest,1,83866,0,0.1774347139835129
depression,Random Forest,1,83875,0,0.048730364246301595
depression,Random Forest,1,83885,0,0.08012337685372241
depression,Random Forest,1,83891,0,0.10033164079987163
depression,Random Forest,1,83899,0,0.15866138857192452
depression,Random Forest,1,83910,0,0.12517090304912107
depression,Random Forest,1,83919,1,0.0173160839436866
depression,Random Forest,1,83928,0,0.11845141389921662
depression,Random Forest,1,83941,1,0.02301366572645993
depression,Random Forest,1,83950,0,0.387343141557435
depression,Random Forest,1,83958,0,0.35133250609900474
depression,Random Forest,1,83964,0,0.12026339303205001
depression,Random Forest,1,83975,0,0.07293889564052623
depression,Random Forest,1,83987,1,0.1813946688892789
depression,Random Forest,1,83994,0,0.1078685585239769
depression,Random Forest,1,84002,0,0.0
depression,Random Forest,1,84011,1,0.10701410747357434
depression,Random Forest,1,84019,0,0.17490666149660597
depression,Random Forest,1,84026,0,0.5220261978586604
depression,Random Forest,1,84033,0,0.07361882529113176
depression,Random Forest,1,84041,0,0.2221385745676647
depression,Random Forest,1,84051,0,0.09900477998851587
depression,Random Forest,1,84065,0,0.14851692468776018
depression,Random Forest,1,84072,0,0.2001525826192539
depression,Random Forest,1,84082,0,0.18368093846492994
depression,Random Forest,1,84090,0,0.03592150225347795
depression,Random Forest,1,84105,0,0.08188701724700512
depression,Random Forest,1,84112,0,0.14683642924553744
depression,Random Forest,1,84119,0,0.1064494771718218
depression,Random Forest,1,84128,1,0.2013984437013033
depression,Random Forest,1,84140,1,0.5259857583177834
depression,Random Forest,1,84166,0,0.21233956966017645
depression,Random Forest,1,84171,0,0.05231600028760521
depression,Random Forest,1,84178,0,0.04633624654658377
depression,Random Forest,1,84189,0,0.16825203690284343
depression,Random Forest,1,84197,0,0.00690432101606965
depression,Random Forest,1,84208,0,0.1531557607111675
depression,Random Forest,1,84217,0,0.01900577980097043
depression,Random Forest,1,84224,1,0.1476626180409865
depression,Random Forest,1,84231,0,0.027111042049813325
depression,Random Forest,1,84239,0,0.005001386590652274
depression,Random Forest,1,84256,1,0.2809508008568644
depression,Random Forest,1,84271,0,0.0592053513646621
depression,Random Forest,1,84285,1,0.4324654174181877
depression,Random Forest,1,84293,0,0.008772594787156205
depression,Random Forest,1,84301,0,0.19783955095841196
depression,Random Forest,1,84315,0,0.031645764885036606
depression,Random Forest,1,84322,0,0.5874016491551859
depression,Random Forest,1,84338,0,0.20828762726854413
depression,Random Forest,1,84357,0,0.01716884597323022
depression,Random Forest,1,84368,0,0.03246947299453508
depression,Random Forest,1,84377,0,0.03125147444624097
depression,Random Forest,1,84385,0,0.04332440008003429
depression,Random Forest,1,84392,0,0.0
depression,Random Forest,1,84398,0,0.09327582164158303
depression,Random Forest,1,84402,0,0.2502094373950669
depression,Random Forest,1,84410,1,0.16027717249230022
depression,Random Forest,1,84420,0,0.05499999162155699
depression,Random Forest,1,84427,0,0.24718869024763498
depression,Random Forest,1,84437,0,0.03624708065788427
depression,Random Forest,1,84451,0,0.0072806943037545865
depression,Random Forest,1,84457,0,0.5852526908762123
depression,Random Forest,1,84470,0,0.10175911776108787
depression,Random Forest,1,84479,0,0.02738767998568517
depression,Random Forest,1,84490,0,0.021160529993357532
depression,Random Forest,1,84496,0,0.10700349592976673
depression,Random Forest,1,84503,1,0.0028235557545902372
depression,Random Forest,1,84522,0,0.24121139637715303
depression,Random Forest,1,84539,0,0.20063033572422853
depression,Random Forest,1,84546,0,0.022589249279486374
depression,Random Forest,1,84555,1,0.026941041094734938
depression,Random Forest,1,84564,1,0.16287453404944727
depression,Random Forest,1,84575,0,0.05501293521090576
depression,Random Forest,1,84582,0,0.023130584423263906
depression,Random Forest,1,84592,0,0.21047154198229823
depression,Random Forest,1,84597,0,0.09948457199831254
depression,Random Forest,1,84608,0,0.05291954611309557
depression,Random Forest,1,84615,0,0.13922400632097132
depression,Random Forest,1,84623,0,0.26179097815017033
depression,Random Forest,1,84629,1,0.0665696875380808
depression,Random Forest,1,84642,1,0.4359058966495764
depression,Random Forest,1,84658,0,0.039081074551622415
depression,Random Forest,1,84663,0,0.0
depression,Random Forest,1,84673,0,0.09801597613038908
depression,Random Forest,1,84683,0,0.3052354102161248
depression,Random Forest,1,84688,0,0.3509941650688412
depression,Random Forest,1,84702,0,0.09016609338706325
depression,Random Forest,1,84709,0,0.026943899396447684
depression,Random Forest,1,84716,0,0.5124148918519769
depression,Random Forest,1,84726,0,0.07195117182772667
depression,Random Forest,1,84736,0,0.08932173434197953
depression,Random Forest,1,84751,0,0.11393066798457228
depression,Random Forest,1,84756,0,0.24292221443552875
depression,Random Forest,1,84764,0,0.05807336312535008
depression,Random Forest,1,84771,0,0.0
depression,Random Forest,1,84776,0,0.14090140324965936
depression,Random Forest,1,84784,0,0.12063660732969994
depression,Random Forest,1,84791,1,0.07367199318326056
depression,Random Forest,1,84800,0,0.0037241582988777316
depression,Random Forest,1,84808,0,0.061364683937515416
depression,Random Forest,1,84820,0,0.00776962095458139
depression,Random Forest,1,84830,0,0.1999959583807976
depression,Random Forest,1,84837,0,0.05883490260733575
depression,Random Forest,1,84847,0,0.03912443445026092
depression,Random Forest,1,84852,0,0.08138757856436112
depression,Random Forest,1,84866,0,0.04694089094484993
depression,Random Forest,1,84872,0,0.04594934567579693
depression,Random Forest,1,84885,0,0.07362169127356229
depression,Random Forest,1,84896,0,0.11985050485384606
depression,Random Forest,1,84904,0,0.0791617281544651
depression,Random Forest,1,84913,0,0.1370036978869782
depression,Random Forest,1,84919,0,0.15772633963854515
depression,Random Forest,1,84926,0,0.259219075922364
depression,Random Forest,1,84933,0,0.11565147678625402
depression,Random Forest,1,84940,0,0.0022302794481782813
depression,Random Forest,1,84949,0,0.04202526293823747
depression,Random Forest,1,84956,0,0.04779077852444824
depression,Random Forest,1,84970,0,0.20407417913851217
depression,Random Forest,1,84980,0,0.4214751742111271
depression,Random Forest,1,84992,0,0.04925828152344813
depression,Random Forest,1,85001,0,0.06009039836947613
depression,Random Forest,1,85014,0,0.3008309321057114
depression,Random Forest,1,85022,0,0.20685474156975545
depression,Random Forest,1,85039,0,0.2009826485664741
depression,Random Forest,1,85048,0,0.013041382871110167
depression,Random Forest,1,85054,0,0.1308205112838584
depression,Random Forest,1,85061,0,0.10738130865189004
depression,Random Forest,1,85067,0,0.0805434782422336
depression,Random Forest,1,85077,0,0.4225666376800099
depression,Random Forest,1,85101,0,0.01880045660705408
depression,Random Forest,1,85107,0,0.0890614249323604
depression,Random Forest,1,85114,0,0.20101119696657577
depression,Random Forest,1,85126,0,0.21555272601313225
depression,Random Forest,1,85137,0,0.018361884065383118
depression,Random Forest,1,85148,0,0.13236352123827305
depression,Random Forest,1,85157,0,0.6422528368245908
depression,Random Forest,1,85163,0,0.12925053252905613
depression,Random Forest,1,85176,0,0.004605551497443389
depression,Random Forest,1,85187,0,0.26592222045206165
depression,Random Forest,1,85198,0,0.053099483538710725
depression,Random Forest,1,85209,0,0.2769305129190639
depression,Random Forest,1,85215,0,0.32307185978960307
depression,Random Forest,1,85222,0,0.06960715586883306
depression,Random Forest,1,85231,0,0.1677946288369455
depression,Random Forest,1,85238,0,0.016497793834074296
depression,Random Forest,1,85245,1,0.09378357744546888
depression,Random Forest,1,85253,0,0.17008217320770613
depression,Random Forest,1,85261,1,0.29726651736955967
depression,Random Forest,1,85274,1,0.26737201874913885
depression,Random Forest,1,85283,0,0.33425881473317776
depression,Random Forest,1,85288,1,0.20232690352426033
depression,Random Forest,1,85296,1,0.2257395048926462
depression,Random Forest,1,85308,0,0.1294543908863558
depression,Random Forest,1,85316,0,0.005788186073813883
depression,Random Forest,1,85322,0,0.03818780676062584
depression,Random Forest,1,85335,1,0.10046650869121726
depression,Random Forest,1,85343,0,0.1900691331976976
depression,Random Forest,1,85352,0,0.3643435659711096
depression,Random Forest,1,85360,0,0.30858100908341585
depression,Random Forest,1,85368,0,0.023789599479810127
depression,Random Forest,1,85376,0,0.062371945757317276
depression,Random Forest,1,85388,0,0.021884681758016535
depression,Random Forest,1,85394,0,0.06948581265970184
depression,Random Forest,1,85400,0,0.03313940136421368
depression,Random Forest,1,85408,0,0.1322083157022029
depression,Random Forest,1,85422,0,0.004605551497443389
depression,Random Forest,1,85429,0,0.4638776082918568
depression,Random Forest,1,85441,0,0.5204826913760424
depression,Random Forest,1,85448,0,0.02207167245120685
depression,Random Forest,1,85464,0,0.021331702432825787
depression,Random Forest,1,85470,0,0.1817590532852167
depression,Random Forest,1,85483,0,0.17111322821886457
depression,Random Forest,1,85489,0,0.047964268027050075
depression,Random Forest,1,85499,1,0.3168232773814175
depression,Random Forest,1,85511,0,0.02451514289855784
depression,Random Forest,1,85522,0,0.278026000523385
depression,Random Forest,1,85529,0,0.14499488836242183
depression,Random Forest,1,85537,0,0.03998838553172318
depression,Random Forest,1,85545,0,0.05021998576276384
depression,Random Forest,1,85553,0,0.11249353162154123
depression,Random Forest,1,85571,0,0.24794481591399173
depression,Random Forest,1,85580,0,0.16548335150139384
depression,Random Forest,1,85588,0,0.11244648405363927
depression,Random Forest,1,85599,0,0.4012083038329631
depression,Random Forest,1,85604,0,0.16034017024609312
depression,Random Forest,1,85625,0,0.007432933061921074
depression,Random Forest,1,85631,1,0.08727161488543098
depression,Random Forest,1,85644,0,0.08323262765651407
depression,Random Forest,1,85655,0,0.1260460459914185
depression,Random Forest,1,85662,0,0.17855698507561343
depression,Random Forest,1,85669,0,0.0778192966162859
depression,Random Forest,1,85676,1,0.07707285997108836
depression,Random Forest,1,85684,0,0.15674176326282324
depression,Random Forest,1,85701,0,0.038950966670248915
depression,Random Forest,1,85707,0,0.5807340791398662
depression,Random Forest,1,85722,0,0.07218363539236917
depression,Random Forest,1,85728,1,0.5207419262743409
depression,Random Forest,1,85736,0,0.07186714794901963
depression,Random Forest,1,85745,0,0.27831901792764596
depression,Random Forest,1,85756,1,0.5817502313724091
depression,Random Forest,1,85772,0,0.4085017263528135
depression,Random Forest,1,85778,0,0.13851729134269808
depression,Random Forest,1,85785,0,0.1530404402193304
depression,Random Forest,1,85791,0,0.01267748610719096
depression,Random Forest,1,85801,0,0.00690432101606965
depression,Random Forest,1,85810,0,0.0466800597049188
depression,Random Forest,1,85816,0,0.09374236198094868
depression,Random Forest,1,85827,0,0.13842182474038994
depression,Random Forest,1,85834,0,0.6386819969948224
depression,Random Forest,1,85846,0,0.03236050322912696
depression,Random Forest,1,85855,0,0.1290893735195502
depression,Random Forest,1,85863,0,0.02268700741214336
depression,Random Forest,1,85870,0,0.10753785099490568
depression,Random Forest,1,85880,0,0.031384399161985786
depression,Random Forest,1,85898,0,0.17817950552451425
depression,Random Forest,1,85904,0,0.23606413406526738
depression,Random Forest,1,85918,0,0.21030747343058315
depression,Random Forest,1,85922,0,0.03780053431392292
depression,Random Forest,1,85935,0,0.07419905313642772
depression,Random Forest,1,85943,0,0.13355499282971428
depression,Random Forest,1,85949,0,0.10211280620402356
depression,Random Forest,1,85960,0,0.23158452017877465
depression,Random Forest,1,85966,0,0.09304355361718772
depression,Random Forest,1,85977,0,0.048756815819791334
depression,Random Forest,1,85986,0,0.13161126014703092
depression,Random Forest,1,85995,0,0.012935261293764511
depression,Random Forest,1,86007,0,0.06988726698908458
depression,Random Forest,1,86014,0,0.06881323847586172
depression,Random Forest,1,86026,0,0.06181904689237162
depression,Random Forest,1,86032,0,0.295057521164441
depression,Random Forest,1,86035,0,0.21082856267450087
depression,Random Forest,1,86041,0,0.18885712588820247
depression,Random Forest,1,86053,0,0.022618800665504254
depression,Random Forest,1,86059,0,0.11465624923358854
depression,Random Forest,1,86065,0,0.10484577575615699
depression,Random Forest,1,86072,0,0.09378357744546888
depression,Random Forest,1,86086,0,0.060072364383438846
depression,Random Forest,1,86093,0,0.1557531973813088
depression,Random Forest,1,86103,0,0.04034863811540951
depression,Random Forest,1,86112,0,0.26044137694637454
depression,Random Forest,1,86121,0,0.1950037141800917
depression,Random Forest,1,86132,0,0.5098299279001778
depression,Random Forest,1,86149,0,0.026961001639460316
depression,Random Forest,1,86156,0,0.31196997728207165
depression,Random Forest,1,86163,0,0.10315885368910935
depression,Random Forest,1,86173,0,0.3456105904783777
depression,Random Forest,1,86181,0,0.004605551497443389
depression,Random Forest,1,86189,0,0.25650214741272087
depression,Random Forest,1,86196,1,0.2201713424178858
depression,Random Forest,1,86208,0,0.0013574060316494407
depression,Random Forest,1,86213,0,0.05838047763387624
depression,Random Forest,1,86219,0,0.035620311164234995
depression,Random Forest,1,86226,0,0.17734396828139684
depression,Random Forest,1,86238,0,0.2358233756496846
depression,Random Forest,1,86245,0,0.6941351651915576
depression,Random Forest,1,86255,1,0.30955887434655943
depression,Random Forest,1,86262,0,0.03555062291408309
depression,Random Forest,1,86276,1,0.09214690506621398
depression,Random Forest,1,86282,0,0.09629623153259184
depression,Random Forest,1,86291,0,0.026205177512838053
depression,Random Forest,1,86299,0,0.1578862379500105
depression,Random Forest,1,86312,0,0.0013574060316494407
depression,Random Forest,1,86324,0,0.04368076504575057
depression,Random Forest,1,86329,0,0.2651676215332212
depression,Random Forest,1,86338,0,0.45987486438882647
depression,Random Forest,1,86350,0,0.008004863894201263
depression,Random Forest,1,86357,0,0.04308724706337646
depression,Random Forest,1,86364,0,0.038424863474055396
depression,Random Forest,1,86372,0,0.04742726070793107
depression,Random Forest,1,86386,0,0.21919812324712118
depression,Random Forest,1,86400,0,0.3741037044629151
depression,Random Forest,1,86406,0,0.030722995328569445
depression,Random Forest,1,86418,0,0.003977917981072555
depression,Random Forest,1,86432,0,0.2069969126256021
depression,Random Forest,1,86443,0,0.00690432101606965
depression,Random Forest,1,86451,1,0.22258491447596498
depression,Random Forest,1,86460,0,0.6794297021210751
depression,Random Forest,1,86473,0,0.14911349290131096
depression,Random Forest,1,86485,0,0.07469459452970685
depression,Random Forest,1,86494,0,0.02295143113255571
depression,Random Forest,1,86505,0,0.10679205957914968
depression,Random Forest,1,86515,0,0.2609455682055804
depression,Random Forest,1,86521,0,0.040015069155738485
depression,Random Forest,1,86530,0,0.1614748703415461
depression,Random Forest,1,86540,1,0.058377583417320016
depression,Random Forest,1,86546,0,0.08991195937187073
depression,Random Forest,1,86555,1,0.11305182854751468
depression,Random Forest,1,86565,0,0.029103786580759405
depression,Random Forest,1,86569,0,0.021309759197391465
depression,Random Forest,1,86579,0,0.006218624227485986
depression,Random Forest,1,86588,1,0.021215561826298007
depression,Random Forest,1,86598,0,0.10847831552334287
depression,Random Forest,1,86607,1,0.08264526223438678
depression,Random Forest,1,86617,0,0.15008365214074015
depression,Random Forest,1,86626,0,0.09136420213461634
depression,Random Forest,1,86637,0,0.01820982356196152
depression,Random Forest,1,86644,0,0.19194285670876668
depression,Random Forest,1,86656,0,0.13987246196516462
depression,Random Forest,1,86665,0,0.021724982312455586
depression,Random Forest,1,86670,0,0.04020714193175499
depression,Random Forest,1,86679,0,0.011113077392663517
depression,Random Forest,1,86695,0,0.06911933626695464
depression,Random Forest,1,86703,1,0.38458050964018686
depression,Random Forest,1,86712,0,0.10708370758088942
depression,Random Forest,1,86727,0,0.07522646362215793
depression,Random Forest,1,86733,0,0.24598000993164468
depression,Random Forest,1,86742,0,0.05643901785999823
depression,Random Forest,1,86747,0,0.004861218195836545
depression,Random Forest,1,86754,0,0.0037241582988777316
depression,Random Forest,1,86767,1,0.09418448517619112
depression,Random Forest,1,86777,0,0.22123762622915025
depression,Random Forest,1,86785,1,0.3027985346388096
depression,Random Forest,1,86798,0,0.0
depression,Random Forest,1,86809,0,0.0
depression,Random Forest,1,86816,0,0.0
depression,Random Forest,1,86829,0,0.012337032593300263
depression,Random Forest,1,86842,0,0.12317173523327658
depression,Random Forest,1,86859,0,0.2119138521733568
depression,Random Forest,1,86871,0,0.1648174251661849
depression,Random Forest,1,86879,0,0.22085718807810983
depression,Random Forest,1,86888,0,0.10391081925898357
depression,Random Forest,1,86897,0,0.007122181523070123
depression,Random Forest,1,86908,0,0.012162261138021317
depression,Random Forest,1,86922,0,0.19165660672917578
depression,Random Forest,1,86934,0,0.007718742089993964
depression,Random Forest,1,86950,0,0.18271386147492613
depression,Random Forest,1,86961,0,0.004268788083953961
depression,Random Forest,1,86969,0,0.03310264511622941
depression,Random Forest,1,86974,0,0.09795750254601705
depression,Random Forest,1,86983,0,0.09416713842346842
depression,Random Forest,1,86991,0,0.09295603548856456
depression,Random Forest,1,86999,0,0.038314706196212876
depression,Random Forest,1,87007,0,0.08015992418700602
depression,Random Forest,1,87018,0,0.11304257794113819
depression,Random Forest,1,87031,0,0.018365643589020885
depression,Random Forest,1,87049,0,0.07151824854679105
depression,Random Forest,1,87055,0,0.022040357929115212
depression,Random Forest,1,87066,0,0.23843941626766327
depression,Random Forest,1,87078,0,0.2977319538435419
depression,Random Forest,1,87086,0,0.1654883106472143
depression,Random Forest,1,87107,0,0.15998294726015372
depression,Random Forest,1,87115,0,0.47945024319243496
depression,Random Forest,1,87122,1,0.07472756664780238
depression,Random Forest,1,87129,0,0.03457837305172236
depression,Random Forest,1,87140,0,0.11279015617212342
depression,Random Forest,1,87149,0,0.04443887267276349
depression,Random Forest,1,87158,0,0.11073863697880032
depression,Random Forest,1,87164,0,0.16663596977052375
depression,Random Forest,1,87169,0,0.5609348377970094
depression,Random Forest,1,87176,0,0.10693371781390233
depression,Random Forest,1,87186,0,0.40216196896621553
depression,Random Forest,1,87194,0,0.11745195883856989
depression,Random Forest,1,87201,0,0.08813201495212372
depression,Random Forest,1,87211,0,0.07432839009850539
depression,Random Forest,1,87221,0,0.0
depression,Random Forest,1,87229,0,0.021399262218416804
depression,Random Forest,1,87237,0,0.04230869743678893
depression,Random Forest,1,87244,0,0.044342927606808906
depression,Random Forest,1,87253,0,0.08071464767907452
depression,Random Forest,1,87258,0,0.18330795296045418
depression,Random Forest,1,87265,0,0.050351082066232164
depression,Random Forest,1,87276,0,0.0928090979988353
depression,Random Forest,1,87284,0,0.21049257541090127
depression,Random Forest,1,87292,0,0.05807336312535008
depression,Random Forest,1,87308,0,0.29828272836795855
depression,Random Forest,1,87315,0,0.045039576526352765
depression,Random Forest,1,87322,0,0.09834728724322535
depression,Random Forest,1,87333,0,0.06081972971259637
depression,Random Forest,1,87341,0,0.1576440181931587
depression,Random Forest,1,87350,0,0.2290582674951124
depression,Random Forest,1,87360,0,0.1909737142250578
depression,Random Forest,1,87372,0,0.004794676806083651
depression,Random Forest,1,87383,0,0.06713395261357438
depression,Random Forest,1,87391,0,0.03167949653342508
depression,Random Forest,1,87413,0,0.048965795425664656
depression,Random Forest,1,87422,0,0.0963646259259236
depression,Random Forest,1,87428,0,0.0
depression,Random Forest,1,87436,0,0.16885311727125438
depression,Random Forest,1,87447,0,0.1980413311583696
depression,Random Forest,1,87459,0,0.356248399847743
depression,Random Forest,1,87466,0,0.6391083238571825
depression,Random Forest,1,87477,0,0.40983121611031637
depression,Random Forest,1,87486,1,0.020746259502728685
depression,Random Forest,1,87490,0,0.13405617223394997
depression,Random Forest,1,87500,0,0.013152679963515964
depression,Random Forest,1,87508,0,0.1003189574490192
depression,Random Forest,1,87519,0,0.021367761090502264
depression,Random Forest,1,87524,0,0.11086968946908814
depression,Random Forest,1,87533,0,0.09384266042512188
depression,Random Forest,1,87551,0,0.1412870935267755
depression,Random Forest,1,87564,0,0.09164014413411455
depression,Random Forest,1,87580,0,0.0670538076121355
depression,Random Forest,1,87587,0,0.05805195680056445
depression,Random Forest,1,87596,0,0.1078685585239769
depression,Random Forest,1,87605,0,0.3274630639881901
depression,Random Forest,1,87626,0,0.08734615728574774
depression,Random Forest,1,87634,0,0.04032986355896134
depression,Random Forest,1,87640,0,0.06508179073185631
depression,Random Forest,1,87661,0,0.24500494974996406
depression,Random Forest,1,87669,0,0.09218463723582868
depression,Random Forest,1,87687,0,0.004929632525410477
depression,Random Forest,1,87696,0,0.08767975616817111
depression,Random Forest,1,87712,1,0.2564666750397701
depression,Random Forest,1,87721,0,0.08375387551979598
depression,Random Forest,1,87739,0,0.053490244277567135
depression,Random Forest,1,87749,0,0.12471572475292746
depression,Random Forest,1,87758,0,0.06548515414469289
depression,Random Forest,1,87772,0,0.23511409637689262
depression,Random Forest,1,87777,0,0.07496033741369719
depression,Random Forest,1,87784,0,0.010742128753634762
depression,Random Forest,1,87798,0,0.06201439375952472
depression,Random Forest,1,87803,0,0.38926236452462915
depression,Random Forest,1,87810,0,0.03634412769997472
depression,Random Forest,1,87821,0,0.18573467905097785
depression,Random Forest,1,87839,1,0.26146292430406154
depression,Random Forest,1,87848,0,0.160544019437245
depression,Random Forest,1,87853,0,0.026078388959115822
depression,Random Forest,1,87859,0,0.3226591372572018
depression,Random Forest,1,87874,0,0.07893921139644645
depression,Random Forest,1,87891,1,0.7253604723011159
depression,Random Forest,1,87897,0,0.01075763433517648
depression,Random Forest,1,87906,0,0.06452810667477533
depression,Random Forest,1,87918,0,0.13845568291474458
depression,Random Forest,1,87922,0,0.10962036157431906
depression,Random Forest,1,87944,0,0.15801653565205084
depression,Random Forest,1,87951,0,0.011113867554287829
depression,Random Forest,1,87962,0,0.036152703040844586
depression,Random Forest,1,87974,0,0.12595050047607462
depression,Random Forest,1,87984,0,0.03048573048067555
depression,Random Forest,1,87994,0,0.15873234915593837
depression,Random Forest,1,88003,0,0.1824985605163395
depression,Random Forest,1,88019,0,0.04488613265035095
depression,Random Forest,1,88027,0,0.1115428824869389
depression,Random Forest,1,88040,0,0.0253943639872795
depression,Random Forest,1,88048,0,0.642078081825311
depression,Random Forest,1,88058,0,0.06784668660185683
depression,Random Forest,1,88065,0,0.02174095099722857
depression,Random Forest,1,88073,0,0.10703963194520534
depression,Random Forest,1,88083,0,0.0689896296477782
depression,Random Forest,1,88092,0,0.08269660032969915
depression,Random Forest,1,88100,0,0.009375993947994356
depression,Random Forest,1,88111,0,0.15972243658066343
depression,Random Forest,1,88119,0,0.1909737142250578
depression,Random Forest,1,88128,1,0.05979657030434339
depression,Random Forest,1,88137,0,0.10580668594824631
depression,Random Forest,1,88148,0,0.17852676535197265
depression,Random Forest,1,88156,0,0.14841041381395534
depression,Random Forest,1,88164,0,0.27594176015309635
depression,Random Forest,1,88172,0,0.013316583048262283
depression,Random Forest,1,88181,0,0.026053450395535357
depression,Random Forest,1,88191,0,0.043436024513279964
depression,Random Forest,1,88199,0,0.08121284334809127
depression,Random Forest,1,88208,0,0.03656228800024696
depression,Random Forest,1,88218,0,0.0028235557545902372
depression,Random Forest,1,88228,0,0.046260144437024885
depression,Random Forest,1,88233,0,0.27902484431909946
depression,Random Forest,1,88243,0,0.16962751900051276
depression,Random Forest,1,88256,0,0.16536787898623914
depression,Random Forest,1,88262,0,0.07535601199184702
depression,Random Forest,1,88274,0,0.014492722473467737
depression,Random Forest,1,88291,0,0.06707968608258048
depression,Random Forest,1,88302,0,0.13511148109652066
depression,Random Forest,1,88307,0,0.4989072387765081
depression,Random Forest,1,88317,0,0.0391656488462153
depression,Random Forest,1,88327,0,0.017410680484384204
depression,Random Forest,1,88335,0,0.23065478552201416
depression,Random Forest,1,88344,0,0.2539026229328267
depression,Random Forest,1,88351,1,0.2256945312830495
depression,Random Forest,1,88361,1,0.6048541452429713
depression,Random Forest,1,88370,0,0.3286471090307381
depression,Random Forest,1,88386,0,0.12798253786233338
depression,Random Forest,1,88395,0,0.36704772183545736
depression,Random Forest,1,88404,0,0.3244676710470635
depression,Random Forest,1,88414,1,0.15301829089780308
depression,Random Forest,1,88427,0,0.13654355292578488
depression,Random Forest,1,88433,0,0.008583469478515945
depression,Random Forest,1,88445,1,0.07595341753620005
depression,Random Forest,1,88455,0,0.004268788083953961
depression,Random Forest,1,88468,0,0.12282804357171866
depression,Random Forest,1,88477,0,0.042620124009924744
depression,Random Forest,1,88482,0,0.09713708077631006
depression,Random Forest,1,88496,0,0.044427227533400344
depression,Random Forest,1,88514,0,0.16451273434240934
depression,Random Forest,1,88524,0,0.01347989107884074
depression,Random Forest,1,88533,0,0.12279422991840012
depression,Random Forest,1,88540,1,0.34373103310832553
depression,Random Forest,1,88547,0,0.06137187858910398
depression,Random Forest,1,88562,0,0.04794105669785922
depression,Random Forest,1,88572,0,0.1396299107390446
depression,Random Forest,1,88584,0,0.13969111807144036
depression,Random Forest,1,88593,0,0.5275533350724265
depression,Random Forest,1,88605,0,0.09768605091089158
depression,Random Forest,1,88611,0,0.03313014864043691
depression,Random Forest,1,88619,1,0.24914152933168446
depression,Random Forest,1,88627,0,0.03953275528414694
depression,Random Forest,1,88634,0,0.23669472273675413
depression,Random Forest,1,88643,0,0.012560446048808993
depression,Random Forest,1,88652,0,0.10703963194520534
depression,Random Forest,1,88660,0,0.0028235557545902372
depression,Random Forest,1,88673,0,0.10264196865773789
depression,Random Forest,1,88680,0,0.14489640469699286
depression,Random Forest,1,88691,0,0.10905829710646074
depression,Random Forest,1,88700,0,0.3238565034631965
depression,Random Forest,1,88707,1,0.25050887098631786
depression,Random Forest,1,88720,0,0.0988000077288937
depression,Random Forest,1,88728,1,0.029949800349626545
depression,Random Forest,1,88732,0,0.09470857311132547
depression,Random Forest,1,88743,0,0.08889713097596763
depression,Random Forest,1,88755,0,0.06902776228574449
depression,Random Forest,1,88764,0,0.01217816181841619
depression,Random Forest,1,88780,0,0.0037241582988777316
depression,Random Forest,1,88790,0,0.0348701554171309
depression,Random Forest,1,88796,0,0.05608134111373438
depression,Random Forest,1,88806,1,0.08081908888259438
depression,Random Forest,1,88827,0,0.01011633490258352
depression,Random Forest,1,88836,0,0.060347432563280075
depression,Random Forest,1,88842,0,0.02541872409112718
depression,Random Forest,1,88848,0,0.07718859501659604
depression,Random Forest,1,88858,0,0.0021884762235334955
depression,Random Forest,1,88868,0,0.3761137353614304
depression,Random Forest,1,88876,0,0.11071451986862707
depression,Random Forest,1,88883,0,0.01244940518742228
depression,Random Forest,1,88890,0,0.23652010374763893
depression,Random Forest,1,88894,0,0.43364554345842665
depression,Random Forest,1,88900,1,0.34345603891549276
depression,Random Forest,1,88908,0,0.07609582091683664
depression,Random Forest,1,88916,1,0.1218303551369573
depression,Random Forest,1,88925,0,0.0
depression,Random Forest,1,88937,0,0.004504031023573834
depression,Random Forest,1,88945,0,0.059645173949570626
depression,Random Forest,1,88961,0,0.4316113838170175
depression,Random Forest,1,88974,0,0.11525173700192794
depression,Random Forest,1,88984,0,0.22596126232222147
depression,Random Forest,1,89000,0,0.07062828109677836
depression,Random Forest,1,89006,0,0.1758576384742085
depression,Random Forest,1,89015,0,0.01920412441917864
depression,Random Forest,1,89026,0,0.05017553288357702
depression,Random Forest,1,89036,0,0.11724079365289468
depression,Random Forest,1,89043,0,0.004487544483985765
depression,Random Forest,1,89063,0,0.037942739378235196
depression,Random Forest,1,89070,0,0.008353351707651321
depression,Random Forest,1,89079,0,0.0352595949512258
depression,Random Forest,1,89091,0,0.31764938701904444
depression,Random Forest,1,89099,0,0.09380991574133367
depression,Random Forest,1,89107,0,0.28709436568546054
depression,Random Forest,1,89119,0,0.0986144128063438
depression,Random Forest,1,89126,0,0.42521392162929245
depression,Random Forest,1,89131,0,0.0960263140543583
depression,Random Forest,1,89149,1,0.039730943005055114
depression,Random Forest,1,89158,0,0.3429416544506146
depression,Random Forest,1,89166,0,0.004861218195836545
depression,Random Forest,1,89173,0,0.0013574060316494407
depression,Random Forest,1,89181,0,0.017010568291009463
depression,Random Forest,1,89186,0,0.05115328150274072
depression,Random Forest,1,89197,0,0.012935261293764511
depression,Random Forest,1,89207,0,0.05800323216857467
depression,Random Forest,1,89223,0,0.05192938077956814
depression,Random Forest,1,89234,0,0.1284617710224289
depression,Random Forest,1,89248,0,0.0039220478484991265
depression,Random Forest,1,89259,0,0.12664794658361553
depression,Random Forest,1,89267,0,0.026531937702910954
depression,Random Forest,1,89273,0,0.6118714914833319
depression,Random Forest,1,89284,0,0.12207014109537298
depression,Random Forest,1,89293,0,0.007432933061921074
depression,Random Forest,1,89303,0,0.026932533780950688
depression,Random Forest,1,89311,0,0.17602653087953068
depression,Random Forest,1,89320,0,0.08889713097596763
depression,Random Forest,1,89329,1,0.6337080497744639
depression,Random Forest,1,89339,0,0.00602909732651322
depression,Random Forest,1,89350,0,0.2719562883315765
depression,Random Forest,1,89357,0,0.07269785734322105
depression,Random Forest,1,89364,0,0.01716884597323022
depression,Random Forest,1,89376,0,0.48435353135639275
depression,Random Forest,1,89389,0,0.05734163151382912
depression,Random Forest,1,89399,0,0.045039576526352765
depression,Random Forest,1,89408,0,0.031982418349117726
depression,Random Forest,1,89422,0,0.014292376421146636
depression,Random Forest,1,89436,0,0.017169849258108428
depression,Random Forest,1,89443,0,0.01890503597528415
depression,Random Forest,1,89455,0,0.1516892441150062
depression,Random Forest,1,89470,0,0.004794676806083651
depression,Random Forest,1,89475,0,0.042762856472932785
depression,Random Forest,1,89488,0,0.04277508067009733
depression,Random Forest,1,89496,0,0.15362008759156093
depression,Random Forest,1,89504,0,0.19480147307687226
depression,Random Forest,1,89519,0,0.16856073616413206
depression,Random Forest,1,89536,0,0.049467420378071676
depression,Random Forest,1,89545,0,0.10094073206665248
depression,Random Forest,1,89551,0,0.2097469566647262
depression,Random Forest,1,89562,0,0.527776849712735
depression,Random Forest,1,89570,0,0.2880377657183324
depression,Random Forest,1,89578,0,0.11151718955884274
depression,Random Forest,1,89584,0,0.16146253189112955
depression,Random Forest,1,89589,0,0.26595357356094146
depression,Random Forest,1,89596,0,0.523225705738387
depression,Random Forest,1,89604,0,0.06173036225681206
depression,Random Forest,1,89609,0,0.40453733529387953
depression,Random Forest,1,89616,0,0.2518638019328645
depression,Random Forest,1,89623,1,0.1660030921968821
depression,Random Forest,1,89635,0,0.19804879696877972
depression,Random Forest,1,89642,0,0.5829810345374107
depression,Random Forest,1,89648,0,0.02254362406186978
depression,Random Forest,1,89654,0,0.026623120472636944
depression,Random Forest,1,89662,0,0.1866505154682759
depression,Random Forest,1,89672,0,0.2091332762818552
depression,Random Forest,1,89680,0,0.35378182542577163
depression,Random Forest,1,89692,1,0.12275382190915061
depression,Random Forest,1,89702,0,0.2391566682558231
depression,Random Forest,1,89709,0,0.04777548626886158
depression,Random Forest,1,89719,0,0.038032179434944906
depression,Random Forest,1,89725,0,0.002693293464331483
depression,Random Forest,1,89731,0,0.16198433302238407
depression,Random Forest,1,89741,0,0.13521732442238055
depression,Random Forest,1,89751,0,0.12184072058551766
depression,Random Forest,1,89770,0,0.4389024706244711
depression,Random Forest,1,89786,0,0.2050049354464197
depression,Random Forest,1,89792,0,0.011082704747629804
depression,Random Forest,1,89799,0,0.01347989107884074
depression,Random Forest,1,89802,0,0.03236050322912696
depression,Random Forest,1,89807,0,0.13618029380709187
depression,Random Forest,1,89820,0,0.080589657455632
depression,Random Forest,1,89829,0,0.10279002705751009
depression,Random Forest,1,89839,0,0.10331459930618844
depression,Random Forest,1,89846,0,0.10397537197800631
depression,Random Forest,1,89853,0,0.5519971794214855
depression,Random Forest,1,89864,0,0.08699979396500859
depression,Random Forest,1,89883,0,0.11003952613173128
depression,Random Forest,1,89892,0,0.06526070267212478
depression,Random Forest,1,89902,0,0.015946499618880373
depression,Random Forest,1,89913,0,0.06119675903195217
depression,Random Forest,1,89927,0,0.5496872316865088
depression,Random Forest,1,89939,0,0.01347989107884074
depression,Random Forest,1,89950,0,0.04179812470042167
depression,Random Forest,1,89957,0,0.051892463475311006
depression,Random Forest,1,89964,0,0.01724009427541852
depression,Random Forest,1,89975,0,0.20441773855540274
depression,Random Forest,1,89981,0,0.4514667052081039
depression,Random Forest,1,89993,0,0.08555920839284412
depression,Random Forest,1,90001,0,0.17107589494668368
depression,Random Forest,1,90008,0,0.0253943639872795
depression,Random Forest,1,90017,0,0.16656231797194665
depression,Random Forest,1,90030,0,0.18810507934413154
depression,Random Forest,1,90036,0,0.09748207814921794
depression,Random Forest,1,90050,0,0.004700630448495043
depression,Random Forest,1,90061,0,0.10843484769407441
depression,Random Forest,1,90068,0,0.21052687890499905
depression,Random Forest,1,90073,0,0.1478084492385882
depression,Random Forest,1,90078,0,0.005001386590652274
depression,Random Forest,1,90089,0,0.3078915518152729
depression,Random Forest,1,90096,0,0.020729997700712537
depression,Random Forest,1,90107,0,0.17692215759227337
depression,Random Forest,1,90115,0,0.2304175370857411
depression,Random Forest,1,90122,0,0.013398794363744469
depression,Random Forest,1,90138,0,0.27808200365419644
depression,Random Forest,1,90144,0,0.019541431403974695
depression,Random Forest,1,90153,0,0.18457761793092334
depression,Random Forest,1,90163,0,0.22761540836840324
depression,Random Forest,1,90174,0,0.2101560458660728
depression,Random Forest,1,90184,0,0.12174573439406862
depression,Random Forest,1,90190,0,0.030937700138754035
depression,Random Forest,1,90204,0,0.13240398983367166
depression,Random Forest,1,90221,0,0.03802587383851228
depression,Random Forest,1,90240,0,0.2629403490292928
depression,Random Forest,1,90247,0,0.0819085939799409
depression,Random Forest,1,90257,0,0.21830645574739818
depression,Random Forest,1,90263,0,0.013331096386973393
depression,Random Forest,1,90276,0,0.07848510657829894
depression,Random Forest,1,90282,1,0.13983495347023436
depression,Random Forest,1,90294,0,0.3166725352331641
depression,Random Forest,1,90303,0,0.09726762528194521
depression,Random Forest,1,90315,0,0.016497793834074296
depression,Random Forest,1,90322,0,0.25853511966911136
depression,Random Forest,1,90328,0,0.014400228303527041
depression,Random Forest,1,90338,0,0.523225705738387
depression,Random Forest,1,90346,0,0.11710916917470472
depression,Random Forest,1,90353,1,0.5577315248436537
depression,Random Forest,1,90361,0,0.16224249307150707
depression,Random Forest,1,90369,0,0.17431288278865945
depression,Random Forest,1,90380,0,0.15659480491083366
depression,Random Forest,1,90393,0,0.029241931001815363
depression,Random Forest,1,90399,0,0.0410957077946244
depression,Random Forest,1,90413,0,0.2889678584452174
depression,Random Forest,1,90426,0,0.27733038117771264
depression,Random Forest,1,90439,0,0.08150501503193289
depression,Random Forest,1,90454,0,0.313109537571657
depression,Random Forest,1,90463,0,0.31686127694898936
depression,Random Forest,1,90470,0,0.051134855384361216
depression,Random Forest,1,90482,0,0.00887433958139735
depression,Random Forest,1,90495,0,0.07480175830546212
depression,Random Forest,1,90502,0,0.029034592044667025
depression,Random Forest,1,90514,0,0.009936869797560748
depression,Random Forest,1,90519,0,0.18091493371662462
depression,Random Forest,1,90526,0,0.10509136431726515
depression,Random Forest,1,90533,0,0.21080951630879377
depression,Random Forest,1,90542,0,0.005247065818632006
depression,Random Forest,1,90555,0,0.08185527919584924
depression,Random Forest,1,90566,0,0.0
depression,Random Forest,1,90577,0,0.27547443967003316
depression,Random Forest,1,90586,0,0.43415612806493525
depression,Random Forest,1,90594,0,0.026405173952691617
depression,Random Forest,1,90607,0,0.439558425715848
depression,Random Forest,1,90613,0,0.05057838123575776
depression,Random Forest,1,90624,0,0.22916498096070684
depression,Random Forest,1,90633,0,0.10090824866660966
depression,Random Forest,1,90642,0,0.33010191404632616
depression,Random Forest,1,90650,0,0.07823507925069864
depression,Random Forest,1,90655,0,0.05654490456061706
depression,Random Forest,1,90664,0,0.06129085440569575
depression,Random Forest,1,90671,1,0.19489068417583752
depression,Random Forest,1,90677,0,0.11822578848545508
depression,Random Forest,1,90688,0,0.08553547905769555
depression,Random Forest,1,90696,0,0.0504841408835814
depression,Random Forest,1,90707,1,0.32057113221408956
depression,Random Forest,1,90718,0,0.03075193203372136
depression,Random Forest,1,90724,0,0.3214008721432203
depression,Random Forest,1,90744,0,0.13388461154619488
depression,Random Forest,1,90752,0,0.2401704973293324
depression,Random Forest,1,90768,0,0.09409411444256463
depression,Random Forest,1,90783,0,0.0913040971068209
depression,Random Forest,1,90789,0,0.0784296720843271
depression,Random Forest,1,90796,0,0.25725163842959436
depression,Random Forest,1,90804,0,0.11982542750778019
depression,Random Forest,1,90813,0,0.004861218195836545
depression,Random Forest,1,90824,0,0.21767305961152453
depression,Random Forest,1,90835,0,0.23191455257858418
depression,Random Forest,1,90846,0,0.270875772270501
depression,Random Forest,1,90852,0,0.0796128080684654
depression,Random Forest,1,90863,0,0.005
depression,Random Forest,1,90873,0,0.2597245058497575
depression,Random Forest,1,90886,0,0.030065353193861354
depression,Random Forest,1,90892,0,0.0024315464712688006
depression,Random Forest,1,90902,0,0.044580216269079195
depression,Random Forest,1,90911,0,0.11071451986862707
depression,Random Forest,1,90917,0,0.019422826721859444
depression,Random Forest,1,90925,0,0.40193840992607605
depression,Random Forest,1,90931,0,0.03565318197700254
depression,Random Forest,1,90941,0,0.10187018672471188
depression,Random Forest,1,90951,0,0.24292221443552875
depression,Random Forest,1,90964,0,0.016838857152532118
depression,Random Forest,1,90971,0,0.23847926535667455
depression,Random Forest,1,90980,0,0.2994359082490189
depression,Random Forest,1,90990,1,0.021838631709835386
depression,Random Forest,1,90995,0,0.14424535503172894
depression,Random Forest,1,91008,0,0.06690290610804588
depression,Random Forest,1,91018,0,0.013669016387481001
depression,Random Forest,1,91028,0,0.2749215168916096
depression,Random Forest,1,91039,0,0.11853875217257029
depression,Random Forest,1,91046,0,0.07779037059653135
depression,Random Forest,1,91054,0,0.10314945669474987
depression,Random Forest,1,91065,0,0.041534734951362715
depression,Random Forest,1,91077,0,0.148925551207968
depression,Random Forest,1,91087,0,0.17420691763988677
depression,Random Forest,1,91099,0,0.20277716476538604
depression,Random Forest,1,91111,0,0.21245473545243268
depression,Random Forest,1,91126,0,0.13267842181315861
depression,Random Forest,1,91133,0,0.17640510450403135
depression,Random Forest,1,91146,0,0.4809759490747101
depression,Random Forest,1,91159,0,0.009220412529992434
depression,Random Forest,1,91166,0,0.14988293599565672
depression,Random Forest,1,91176,0,0.065071131349496
depression,Random Forest,1,91187,0,0.06579996098105528
depression,Random Forest,1,91197,0,0.06020931388907437
depression,Random Forest,1,91211,0,0.3628558033843132
depression,Random Forest,1,91220,0,0.11607620265078582
depression,Random Forest,1,91232,0,0.08373438224426705
depression,Random Forest,1,91247,0,0.18216230315754095
depression,Random Forest,1,91258,0,0.07899116723770665
depression,Random Forest,1,91267,0,0.06513348939282966
depression,Random Forest,1,91275,0,0.16703813352158092
depression,Random Forest,1,91285,0,0.11792474042585584
depression,Random Forest,1,91295,0,0.1141425371599824
depression,Random Forest,1,91310,0,0.011688053828602218
depression,Random Forest,1,91319,0,0.050022879638617165
depression,Random Forest,1,91328,0,0.23467253313656078
depression,Random Forest,1,91336,0,0.15301829089780308
depression,Random Forest,1,91344,0,0.1531811281814883
depression,Random Forest,1,91353,0,0.047860964555972496
depression,Random Forest,1,91359,0,0.009197103959206818
depression,Random Forest,1,91365,0,0.0487838994447135
depression,Random Forest,1,91373,0,0.04074419355451452
depression,Random Forest,1,91391,0,0.039085305777284016
depression,Random Forest,1,91399,0,0.07779037059653135
depression,Random Forest,1,91408,1,0.19075739350374232
depression,Random Forest,1,91420,0,0.17675208745448853
depression,Random Forest,1,91428,0,0.1188477633586926
depression,Random Forest,1,91438,0,0.01666907598834538
depression,Random Forest,1,91447,0,0.4152485145925273
depression,Random Forest,1,91453,0,0.3709374934173693
depression,Random Forest,1,91469,0,0.04875646436840202
depression,Random Forest,1,91478,0,0.05917186970709599
depression,Random Forest,1,91485,1,0.00114076352451601
depression,Random Forest,1,91493,0,0.29029838882038683
depression,Random Forest,1,91507,0,0.1406446403320375
depression,Random Forest,1,91518,0,0.11925980137229829
depression,Random Forest,1,91529,0,0.03654576940256222
depression,Random Forest,1,91538,0,0.13568530712570867
depression,Random Forest,1,91550,0,0.14343799697864726
depression,Random Forest,1,91560,0,0.12387851471612323
depression,Random Forest,1,91568,1,0.2761131882491561
depression,Random Forest,1,91582,0,0.09121058243127596
depression,Random Forest,1,91589,0,0.17656586650968073
depression,Random Forest,1,91599,0,0.017057447473425042
depression,Random Forest,1,91609,0,0.5690614482977431
depression,Random Forest,1,91618,0,0.0505159847711191
depression,Random Forest,1,91626,0,0.04050601031583057
depression,Random Forest,1,91632,1,0.13881856689861413
depression,Random Forest,1,91638,0,0.017937804471434962
depression,Random Forest,1,91654,0,0.16129831693613134
depression,Random Forest,1,91667,0,0.03247852644714392
depression,Random Forest,1,91673,1,0.12893026675438907
depression,Random Forest,1,91681,0,0.2343418246952896
depression,Random Forest,1,91699,0,0.1148643080864928
depression,Random Forest,1,91711,0,0.05037239453175897
depression,Random Forest,1,91716,0,0.1163895872696396
depression,Random Forest,1,91726,0,0.042252691047339266
depression,Random Forest,1,91730,0,0.1524590630439263
depression,Random Forest,1,91738,0,0.10338020622964995
depression,Random Forest,1,91747,0,0.1772056754048089
depression,Random Forest,1,91756,0,0.12194177543679979
depression,Random Forest,1,91771,0,0.06009791158038471
depression,Random Forest,1,91784,0,0.17716046678261185
depression,Random Forest,1,91790,0,0.36483630679334067
depression,Random Forest,1,91796,0,0.10378382187395863
depression,Random Forest,1,91807,0,0.2664800196942775
depression,Random Forest,1,91814,0,0.10732939999175313
depression,Random Forest,1,91820,0,0.016084845823759825
depression,Random Forest,1,91830,0,0.039961986421565454
depression,Random Forest,1,91837,0,0.01506807246210641
depression,Random Forest,1,91843,0,0.2149436970364023
depression,Random Forest,1,91853,1,0.17199224620525777
depression,Random Forest,1,91862,0,0.0021884762235334955
depression,Random Forest,1,91871,0,0.14923702511623815
depression,Random Forest,1,91887,0,0.2591367857125188
depression,Random Forest,1,91894,0,0.09117278385264653
depression,Random Forest,1,91903,0,0.0
depression,Random Forest,1,91915,0,0.038920352100651937
depression,Random Forest,1,91924,0,0.23895037084855036
depression,Random Forest,1,91932,0,0.05214097641273784
depression,Random Forest,1,91947,0,0.10847890993316288
depression,Random Forest,1,91957,0,0.09180872003560335
depression,Random Forest,1,91968,0,0.006803609193309461
depression,Random Forest,1,91976,0,0.6034127916714701
depression,Random Forest,1,91985,0,0.09923484667757494
depression,Random Forest,1,91995,0,0.060968491315143154
depression,Random Forest,1,92003,0,0.16341064420031956
depression,Random Forest,1,92019,0,0.05341531827356581
depression,Random Forest,1,92026,0,0.07670856130386092
depression,Random Forest,1,92041,1,0.030349938994762633
depression,Random Forest,1,92049,0,0.0987534812267634
depression,Random Forest,1,92058,0,0.012721197421543783
depression,Random Forest,1,92069,0,0.07884153325110921
depression,Random Forest,1,92083,0,0.34225950895036
depression,Random Forest,1,92090,0,0.1879097543191996
depression,Random Forest,1,92101,0,0.15986616152142263
depression,Random Forest,1,92106,0,0.06639166059612238
depression,Random Forest,1,92116,0,0.40731013297242413
depression,Random Forest,1,92124,0,0.26623897408440533
depression,Random Forest,1,92132,0,0.06191394441455981
depression,Random Forest,1,92139,0,0.016916249819321636
depression,Random Forest,1,92149,0,0.0951132720463792
depression,Random Forest,1,92159,0,0.0021884762235334955
depression,Random Forest,1,92174,1,0.06842106841186736
depression,Random Forest,1,92188,1,0.06169371477445908
depression,Random Forest,1,92200,0,0.16388814363929058
depression,Random Forest,1,92210,0,0.25836545867167166
depression,Random Forest,1,92219,0,0.04299874536872563
depression,Random Forest,1,92226,0,0.0
depression,Random Forest,1,92239,0,0.027856679510197862
depression,Random Forest,1,92252,1,0.07837113299086157
depression,Random Forest,1,92255,0,0.09252278805070324
depression,Random Forest,1,92262,0,0.2026117526731359
depression,Random Forest,1,92277,0,0.7286363653596483
depression,Random Forest,1,92287,0,0.044305052258961516
depression,Random Forest,1,92298,0,0.1638790241548535
depression,Random Forest,1,92312,1,0.5871173331701462
depression,Random Forest,1,92331,0,0.16761182149517076
depression,Random Forest,1,92345,0,0.13812059709982288
depression,Random Forest,1,92353,1,0.12348394590753925
depression,Random Forest,1,92362,0,0.014342411141572359
depression,Random Forest,1,92369,1,0.08196185694422732
depression,Random Forest,1,92377,0,0.004605551497443389
depression,Random Forest,1,92394,1,0.12332243960128754
depression,Random Forest,1,92403,0,0.15009974011543065
depression,Random Forest,1,92409,0,0.14878602090337645
depression,Random Forest,1,92417,0,0.3386243398105267
depression,Random Forest,1,92424,0,0.4620049994233073
depression,Random Forest,1,92435,0,0.1956913547991747
depression,Random Forest,1,92443,0,0.0825926995235931
depression,Random Forest,1,92455,0,0.16309475118754282
depression,Random Forest,1,92475,0,0.012280479252021439
depression,Random Forest,1,92486,0,0.014275111380007316
depression,Random Forest,1,92496,0,0.17490384400711279
depression,Random Forest,1,92504,0,0.042455781484307294
depression,Random Forest,1,92511,0,0.1379016766104135
depression,Random Forest,1,92524,0,0.022786484202206036
depression,Random Forest,1,92531,0,0.026117443831126054
depression,Random Forest,1,92539,0,0.06537108921832181
depression,Random Forest,1,92545,0,0.016838857152532118
depression,Random Forest,1,92555,1,0.35615930060522316
depression,Random Forest,1,92562,0,0.0037241582988777316
depression,Random Forest,1,92570,1,0.1480484704114499
depression,Random Forest,1,92586,0,0.22475656425630472
depression,Random Forest,1,92595,0,0.17928364931113133
depression,Random Forest,1,92604,0,0.10201553020661945
depression,Random Forest,1,92614,0,0.02733548959729155
depression,Random Forest,1,92622,1,0.4142811759590417
depression,Random Forest,1,92631,0,0.16955239846389766
depression,Random Forest,1,92644,0,0.06953840508561657
depression,Random Forest,1,92656,0,0.029766795591192094
depression,Random Forest,1,92664,0,0.3046131180380721
depression,Random Forest,1,92675,0,0.3031580382356484
depression,Random Forest,1,92684,0,0.31598507943971244
depression,Random Forest,1,92692,0,0.12703790280833965
depression,Random Forest,1,92702,0,0.0
depression,Random Forest,1,92714,0,0.04211387859761077
depression,Random Forest,1,92724,0,0.10211385063972461
depression,Random Forest,1,92732,0,0.27314135445417453
depression,Random Forest,1,92744,0,0.315446202294306
depression,Random Forest,1,92758,0,0.1256855746154855
depression,Random Forest,1,92768,0,0.0839533445165118
depression,Random Forest,1,92782,0,0.3907513084598959
depression,Random Forest,1,92793,0,0.09990224791608522
depression,Random Forest,1,92804,0,0.14888492163029088
depression,Random Forest,1,92815,0,0.09287561497541465
depression,Random Forest,1,92819,0,0.06754069558995374
depression,Random Forest,1,92827,0,0.32943968649648064
depression,Random Forest,1,92835,0,0.2273406661865287
depression,Random Forest,1,92847,0,0.0660414399577435
depression,Random Forest,1,92856,0,0.031080220937144354
depression,Random Forest,1,92874,0,0.009605551497443389
depression,Random Forest,1,92884,0,0.05351241448934064
depression,Random Forest,1,92893,0,0.22606142181755304
depression,Random Forest,1,92900,0,0.1702571913631255
depression,Random Forest,1,92907,0,0.13836323195252473
depression,Random Forest,1,92914,0,0.056484736984991644
depression,Random Forest,1,92920,0,0.02785949166527121
depression,Random Forest,1,92923,0,0.04870213667695011
depression,Random Forest,1,92936,0,0.03873724016392237
depression,Random Forest,1,92946,0,0.5811912507884552
depression,Random Forest,1,92953,0,0.10747221812505872
depression,Random Forest,1,92961,0,0.0226489958916092
depression,Random Forest,1,92974,0,0.10236146885363069
depression,Random Forest,1,92984,0,0.10726421116338516
depression,Random Forest,1,92989,0,0.23246303795161605
depression,Random Forest,1,92995,1,0.03286859054250442
depression,Random Forest,1,93003,0,0.07381245760055809
depression,Random Forest,1,93011,0,0.2479351729869121
depression,Random Forest,1,93016,0,0.07870045273915954
depression,Random Forest,1,93026,0,0.17278391888851938
depression,Random Forest,1,93039,0,0.2380790393298436
depression,Random Forest,1,93049,0,0.03539307035367781
depression,Random Forest,1,93054,0,0.053996572525327684
depression,Random Forest,1,93070,0,0.5369516039389877
depression,Random Forest,1,93076,0,0.11002120289493149
depression,Random Forest,1,93086,0,0.09121058243127596
depression,Random Forest,1,93094,0,0.5310085339972139
depression,Random Forest,1,93101,0,0.03043196677804389
depression,Random Forest,1,93113,0,0.025585753094399335
depression,Random Forest,1,93122,0,0.04471207681899436
depression,Random Forest,1,93139,0,0.03850629258614336
depression,Random Forest,1,93146,0,0.25743380491399825
depression,Random Forest,1,93161,0,0.03443050540184607
depression,Random Forest,1,93173,1,0.10031608517417702
depression,Random Forest,1,93183,0,0.10776704172337993
depression,Random Forest,1,93192,0,0.00805330188947617
depression,Random Forest,1,93203,0,0.007432933061921074
depression,Random Forest,1,93210,0,0.32258824587882345
depression,Random Forest,1,93222,1,0.19464038002788914
depression,Random Forest,1,93238,0,0.16206343264021464
depression,Random Forest,1,93245,0,0.260733359110768
depression,Random Forest,1,93261,1,0.17640510450403135
depression,Random Forest,1,93268,1,0.2929388632625567
depression,Random Forest,1,93276,0,0.004605551497443389
depression,Random Forest,1,93282,0,0.047415486807511745
depression,Random Forest,1,93290,1,0.6058927958262154
depression,Random Forest,1,93303,1,0.688029961501854
depression,Random Forest,1,93310,0,0.1842816474972921
depression,Random Forest,1,93324,0,0.09885132735650388
depression,Random Forest,1,93327,0,0.11884714765539346
depression,Random Forest,1,93337,0,0.004700630448495043
depression,Random Forest,1,93348,0,0.028154798026971725
depression,Random Forest,1,93355,0,0.0722642513765694
depression,Random Forest,1,93366,0,0.11167460998849148
depression,Random Forest,1,93373,0,0.07610149631069447
depression,Random Forest,1,93390,0,0.1379401440034663
depression,Random Forest,1,93407,0,0.0130501246764459
depression,Random Forest,1,93419,0,0.0
depression,Random Forest,1,93430,0,0.14304000896403754
depression,Random Forest,1,93442,0,0.022740140220526915
depression,Random Forest,1,93445,0,0.32076985511986217
depression,Random Forest,1,93456,0,0.014261446499363586
depression,Random Forest,1,93473,0,0.07743185358943369
depression,Random Forest,1,93483,0,0.14762797475493167
depression,Random Forest,1,93492,0,0.042906823137883986
depression,Random Forest,1,93498,1,0.1050650024684823
depression,Random Forest,1,93509,0,0.19930531602085386
depression,Random Forest,1,93518,0,0.016235359152000365
depression,Random Forest,1,93531,0,0.029732046839945306
depression,Random Forest,1,93540,0,0.08988806339328997
depression,Random Forest,1,93554,0,0.062042094113953575
depression,Random Forest,1,93562,0,0.3741798052708051
depression,Random Forest,1,93568,0,0.5684184699402838
depression,Random Forest,1,93578,0,0.01698026440649631
depression,Random Forest,1,93591,0,0.09896184743307021
depression,Random Forest,1,93600,0,0.05167641393950948
depression,Random Forest,1,93610,0,0.051094129652164776
depression,Random Forest,1,93621,0,0.12829473312151518
depression,Random Forest,1,93631,0,0.4654380371149572
depression,Random Forest,1,93640,0,0.03922883014116446
depression,Random Forest,1,93653,0,0.013041382871110166
depression,Random Forest,1,93661,0,0.1893742760815271
depression,Random Forest,1,93671,0,0.03110900163207017
depression,Random Forest,1,93679,0,0.07213651740366844
depression,Random Forest,1,93691,0,0.11086969828322615
depression,Random Forest,1,93695,0,0.21874537058924498
depression,Logistic Regression,2,83734,0,0.4947682164098447
depression,Logistic Regression,2,83742,0,0.6321729468840229
depression,Logistic Regression,2,83754,0,0.6073670765910772
depression,Logistic Regression,2,83767,0,0.4022532759086174
depression,Logistic Regression,2,83781,0,0.49847372828252684
depression,Logistic Regression,2,83789,0,0.18157590533667126
depression,Logistic Regression,2,83812,0,0.29625250615587395
depression,Logistic Regression,2,83820,0,0.23098526961563562
depression,Logistic Regression,2,83829,0,0.16644446841456034
depression,Logistic Regression,2,83843,0,0.35287229816142923
depression,Logistic Regression,2,83851,0,0.5616571018780839
depression,Logistic Regression,2,83862,0,0.5429792154010131
depression,Logistic Regression,2,83869,1,0.5563250063368443
depression,Logistic Regression,2,83876,0,0.6495337058290758
depression,Logistic Regression,2,83886,0,0.40298903478932124
depression,Logistic Regression,2,83894,1,0.5141350789864781
depression,Logistic Regression,2,83900,1,0.6040464642992313
depression,Logistic Regression,2,83911,0,0.3947817052904206
depression,Logistic Regression,2,83920,0,0.7426230524561316
depression,Logistic Regression,2,83931,1,0.4820186335604958
depression,Logistic Regression,2,83944,0,0.5332779915185736
depression,Logistic Regression,2,83951,0,0.38319112535411476
depression,Logistic Regression,2,83959,0,0.6356654253881575
depression,Logistic Regression,2,83965,0,0.5199152203932833
depression,Logistic Regression,2,83976,0,0.42352195205680265
depression,Logistic Regression,2,83988,0,0.500061163519839
depression,Logistic Regression,2,83995,0,0.19259386225397987
depression,Logistic Regression,2,84005,0,0.4147339969187817
depression,Logistic Regression,2,84014,0,0.16617332567026025
depression,Logistic Regression,2,84021,0,0.5750226006974859
depression,Logistic Regression,2,84028,0,0.2441731277952603
depression,Logistic Regression,2,84034,0,0.5588714328030433
depression,Logistic Regression,2,84042,0,0.4764362314068957
depression,Logistic Regression,2,84055,0,0.31231583085511194
depression,Logistic Regression,2,84068,0,0.19097721038235815
depression,Logistic Regression,2,84075,0,0.5066908741312599
depression,Logistic Regression,2,84088,0,0.29434077443884477
depression,Logistic Regression,2,84099,0,0.5126410557987096
depression,Logistic Regression,2,84109,0,0.18157590533667126
depression,Logistic Regression,2,84111,0,0.4438396733622078
depression,Logistic Regression,2,84120,0,0.5110700958303572
depression,Logistic Regression,2,84129,0,0.5780967531421373
depression,Logistic Regression,2,84142,0,0.21649455997830755
depression,Logistic Regression,2,84157,0,0.43641951902748416
depression,Logistic Regression,2,84169,0,0.41036282391621615
depression,Logistic Regression,2,84174,0,0.4564449808274143
depression,Logistic Regression,2,84187,0,0.4275004842679256
depression,Logistic Regression,2,84195,0,0.4351777602030078
depression,Logistic Regression,2,84203,0,0.44658585714472926
depression,Logistic Regression,2,84219,0,0.49849453318372117
depression,Logistic Regression,2,84226,0,0.5172065053500211
depression,Logistic Regression,2,84232,0,0.4728066676660053
depression,Logistic Regression,2,84241,1,0.5073016324275906
depression,Logistic Regression,2,84260,0,0.5399939116658732
depression,Logistic Regression,2,84276,0,0.6066914965457433
depression,Logistic Regression,2,84287,0,0.5279934436647837
depression,Logistic Regression,2,84295,0,0.573335863026109
depression,Logistic Regression,2,84302,0,0.32436716960618356
depression,Logistic Regression,2,84316,0,0.3834685163589043
depression,Logistic Regression,2,84329,0,0.51889553007725
depression,Logistic Regression,2,84347,0,0.4301643654633997
depression,Logistic Regression,2,84359,0,0.5247812469482285
depression,Logistic Regression,2,84372,0,0.6051029554715798
depression,Logistic Regression,2,84378,0,0.6194673949343336
depression,Logistic Regression,2,84383,0,0.26600779756430404
depression,Logistic Regression,2,84390,0,0.564487138951075
depression,Logistic Regression,2,84395,0,0.5731287918907001
depression,Logistic Regression,2,84403,0,0.18206076200361257
depression,Logistic Regression,2,84411,0,0.4399499496142259
depression,Logistic Regression,2,84423,0,0.5684387172421502
depression,Logistic Regression,2,84429,0,0.5671752558149242
depression,Logistic Regression,2,84440,0,0.6006399352142505
depression,Logistic Regression,2,84452,0,0.5949718227485948
depression,Logistic Regression,2,84459,0,0.362886960203522
depression,Logistic Regression,2,84471,0,0.2874695275529701
depression,Logistic Regression,2,84480,0,0.5301452609463595
depression,Logistic Regression,2,84492,0,0.420038510010292
depression,Logistic Regression,2,84499,0,0.4311400461529233
depression,Logistic Regression,2,84505,0,0.5902694485419627
depression,Logistic Regression,2,84530,0,0.5249569024280614
depression,Logistic Regression,2,84545,0,0.2964209086565835
depression,Logistic Regression,2,84547,0,0.6171209151527873
depression,Logistic Regression,2,84562,0,0.7240377962796025
depression,Logistic Regression,2,84565,0,0.36551834591860904
depression,Logistic Regression,2,84576,0,0.5904296035853251
depression,Logistic Regression,2,84583,0,0.681894461003343
depression,Logistic Regression,2,84593,0,0.33438327388655076
depression,Logistic Regression,2,84600,0,0.3773126416216729
depression,Logistic Regression,2,84611,1,0.6825107487948798
depression,Logistic Regression,2,84617,0,0.39545140765539577
depression,Logistic Regression,2,84625,0,0.25084072480685765
depression,Logistic Regression,2,84631,0,0.5183458227795472
depression,Logistic Regression,2,84644,0,0.47115487807808937
depression,Logistic Regression,2,84659,0,0.6248052823120578
depression,Logistic Regression,2,84665,1,0.26082227382643297
depression,Logistic Regression,2,84675,0,0.16798763498760902
depression,Logistic Regression,2,84679,0,0.5634910589226326
depression,Logistic Regression,2,84691,0,0.6624300705432308
depression,Logistic Regression,2,84703,0,0.49053874449296914
depression,Logistic Regression,2,84711,0,0.16726002111292568
depression,Logistic Regression,2,84717,0,0.6496427524799296
depression,Logistic Regression,2,84727,0,0.651427892312592
depression,Logistic Regression,2,84738,0,0.30672391800429366
depression,Logistic Regression,2,84754,0,0.6015643264502096
depression,Logistic Regression,2,84757,0,0.19731986234459367
depression,Logistic Regression,2,84765,0,0.6881734054151585
depression,Logistic Regression,2,84774,0,0.5429741685744219
depression,Logistic Regression,2,84780,0,0.6041864425049962
depression,Logistic Regression,2,84785,0,0.3783163214022439
depression,Logistic Regression,2,84793,0,0.39925205286100324
depression,Logistic Regression,2,84797,0,0.2668996709684129
depression,Logistic Regression,2,84805,0,0.6617917954579766
depression,Logistic Regression,2,84817,0,0.19241414828716993
depression,Logistic Regression,2,84828,0,0.6337254509812685
depression,Logistic Regression,2,84833,0,0.4117493522562359
depression,Logistic Regression,2,84843,0,0.45005538601610295
depression,Logistic Regression,2,84854,0,0.5615710645400529
depression,Logistic Regression,2,84867,0,0.6537038076129188
depression,Logistic Regression,2,84874,0,0.46907117563384154
depression,Logistic Regression,2,84887,1,0.6187180592586281
depression,Logistic Regression,2,84899,0,0.5386953018241295
depression,Logistic Regression,2,84905,0,0.5046612002232849
depression,Logistic Regression,2,84914,1,0.6688693415312751
depression,Logistic Regression,2,84920,0,0.5842684104625501
depression,Logistic Regression,2,84927,0,0.4562514990500471
depression,Logistic Regression,2,84934,0,0.29355051931495907
depression,Logistic Regression,2,84944,0,0.6264281430902676
depression,Logistic Regression,2,84950,0,0.16662542687899498
depression,Logistic Regression,2,84962,0,0.23759424167170878
depression,Logistic Regression,2,84973,0,0.6055837509892973
depression,Logistic Regression,2,84982,0,0.5945651196940214
depression,Logistic Regression,2,84997,0,0.22708639388882454
depression,Logistic Regression,2,85002,1,0.6128575474526167
depression,Logistic Regression,2,85016,0,0.6408583273129913
depression,Logistic Regression,2,85024,0,0.18322852319494476
depression,Logistic Regression,2,85040,0,0.6464007598455257
depression,Logistic Regression,2,85049,0,0.27719568783364695
depression,Logistic Regression,2,85055,0,0.26511782665986117
depression,Logistic Regression,2,85063,0,0.3874626780317862
depression,Logistic Regression,2,85073,0,0.7286562256293512
depression,Logistic Regression,2,85076,0,0.5497962948181446
depression,Logistic Regression,2,85103,0,0.21050729255662343
depression,Logistic Regression,2,85109,0,0.4097977692147115
depression,Logistic Regression,2,85117,1,0.42875606238196057
depression,Logistic Regression,2,85127,0,0.5126208288612358
depression,Logistic Regression,2,85138,0,0.636032626382742
depression,Logistic Regression,2,85149,0,0.49007942691387857
depression,Logistic Regression,2,85159,0,0.518826159393964
depression,Logistic Regression,2,85164,0,0.3812724679623816
depression,Logistic Regression,2,85173,0,0.7388073309837415
depression,Logistic Regression,2,85183,0,0.5539955420830049
depression,Logistic Regression,2,85197,0,0.49923357162610144
depression,Logistic Regression,2,85205,0,0.509655477096443
depression,Logistic Regression,2,85214,0,0.3188901836610271
depression,Logistic Regression,2,85220,0,0.3674466025889791
depression,Logistic Regression,2,85230,0,0.5969233353624835
depression,Logistic Regression,2,85236,1,0.6131668279520739
depression,Logistic Regression,2,85244,1,0.6485236166208747
depression,Logistic Regression,2,85252,0,0.6143996450023981
depression,Logistic Regression,2,85260,0,0.5937246930101047
depression,Logistic Regression,2,85270,0,0.18293603928966712
depression,Logistic Regression,2,85281,0,0.21528074071268402
depression,Logistic Regression,2,85287,0,0.4705785308861723
depression,Logistic Regression,2,85294,0,0.5690136362583078
depression,Logistic Regression,2,85303,0,0.5195448842939123
depression,Logistic Regression,2,85315,0,0.48024781493545204
depression,Logistic Regression,2,85324,0,0.4059748910858667
depression,Logistic Regression,2,85337,0,0.25716989022745634
depression,Logistic Regression,2,85345,0,0.41903808274794435
depression,Logistic Regression,2,85354,0,0.3810058688682847
depression,Logistic Regression,2,85361,0,0.6664411617732255
depression,Logistic Regression,2,85369,0,0.33920750046249587
depression,Logistic Regression,2,85377,0,0.5012735052257491
depression,Logistic Regression,2,85390,0,0.48852850130899356
depression,Logistic Regression,2,85395,0,0.4117281613836982
depression,Logistic Regression,2,85401,0,0.6395504654484695
depression,Logistic Regression,2,85409,0,0.3848919652738057
depression,Logistic Regression,2,85423,1,0.5899564554212157
depression,Logistic Regression,2,85431,1,0.6347102202807994
depression,Logistic Regression,2,85442,0,0.16518216112389145
depression,Logistic Regression,2,85450,0,0.4237688368943859
depression,Logistic Regression,2,85457,0,0.24309202674220412
depression,Logistic Regression,2,85471,0,0.5434139255593596
depression,Logistic Regression,2,85484,0,0.5841722757606943
depression,Logistic Regression,2,85491,0,0.5343777737647643
depression,Logistic Regression,2,85501,0,0.5686511085057734
depression,Logistic Regression,2,85515,0,0.5085599130680869
depression,Logistic Regression,2,85523,0,0.1984580238837799
depression,Logistic Regression,2,85530,0,0.5143360159549953
depression,Logistic Regression,2,85538,1,0.7360892247208004
depression,Logistic Regression,2,85548,0,0.5285203342853646
depression,Logistic Regression,2,85555,0,0.4465717877704234
depression,Logistic Regression,2,85573,0,0.2326259545215431
depression,Logistic Regression,2,85584,0,0.1982507186191817
depression,Logistic Regression,2,85589,0,0.3701192675946768
depression,Logistic Regression,2,85601,0,0.6334276561401804
depression,Logistic Regression,2,85621,0,0.7084350087775978
depression,Logistic Regression,2,85624,0,0.5381633320134154
depression,Logistic Regression,2,85632,0,0.2556882652791842
depression,Logistic Regression,2,85647,0,0.2956985587361435
depression,Logistic Regression,2,85656,0,0.5069793037140657
depression,Logistic Regression,2,85663,0,0.5900770813164504
depression,Logistic Regression,2,85670,0,0.3996534762203793
depression,Logistic Regression,2,85679,0,0.29676987900617857
depression,Logistic Regression,2,85692,0,0.4212689180578239
depression,Logistic Regression,2,85700,0,0.38539116670778945
depression,Logistic Regression,2,85711,0,0.3630339080952446
depression,Logistic Regression,2,85724,0,0.4074349443827556
depression,Logistic Regression,2,85730,0,0.46038279669900345
depression,Logistic Regression,2,85738,0,0.577165913979807
depression,Logistic Regression,2,85746,0,0.32690287742049284
depression,Logistic Regression,2,85757,0,0.4252046474768041
depression,Logistic Regression,2,85774,0,0.6793315081954925
depression,Logistic Regression,2,85779,0,0.5736007711919899
depression,Logistic Regression,2,85786,0,0.18206076200361257
depression,Logistic Regression,2,85792,0,0.4789001092446386
depression,Logistic Regression,2,85807,0,0.6237592756915398
depression,Logistic Regression,2,85814,0,0.4764696465680508
depression,Logistic Regression,2,85823,0,0.6051544856703479
depression,Logistic Regression,2,85831,0,0.4970340044186481
depression,Logistic Regression,2,85836,0,0.23767440257458947
depression,Logistic Regression,2,85849,0,0.4336616264489713
depression,Logistic Regression,2,85856,0,0.16671596512098355
depression,Logistic Regression,2,85864,0,0.3667703918147333
depression,Logistic Regression,2,85872,0,0.5009515729764783
depression,Logistic Regression,2,85884,0,0.4952094720032012
depression,Logistic Regression,2,85899,0,0.48717190018652257
depression,Logistic Regression,2,85905,0,0.4355183248568797
depression,Logistic Regression,2,85920,0,0.28927597041619657
depression,Logistic Regression,2,85931,0,0.622302773769196
depression,Logistic Regression,2,85942,0,0.5217788144827942
depression,Logistic Regression,2,85948,1,0.6783211555584923
depression,Logistic Regression,2,85951,0,0.4994093010466453
depression,Logistic Regression,2,85961,0,0.6799059355319289
depression,Logistic Regression,2,85967,0,0.4268174533545257
depression,Logistic Regression,2,85978,0,0.24333199034729922
depression,Logistic Regression,2,85990,0,0.263723152347904
depression,Logistic Regression,2,85996,0,0.4940739274992417
depression,Logistic Regression,2,86009,0,0.5218275508658271
depression,Logistic Regression,2,86017,0,0.4443414742904131
depression,Logistic Regression,2,86027,0,0.6091357569318697
depression,Logistic Regression,2,86033,1,0.7236705393452335
depression,Logistic Regression,2,86039,0,0.2800250409598558
depression,Logistic Regression,2,86050,0,0.5769492794844843
depression,Logistic Regression,2,86056,0,0.5153155821145361
depression,Logistic Regression,2,86058,0,0.38656270146698213
depression,Logistic Regression,2,86067,0,0.624941459476512
depression,Logistic Regression,2,86070,0,0.6271729042074711
depression,Logistic Regression,2,86083,0,0.4836549213052703
depression,Logistic Regression,2,86091,0,0.6153292240750925
depression,Logistic Regression,2,86097,0,0.5904951428858297
depression,Logistic Regression,2,86105,0,0.613557808672544
depression,Logistic Regression,2,86123,0,0.24719322636257618
depression,Logistic Regression,2,86137,0,0.3243222363165238
depression,Logistic Regression,2,86150,0,0.3113002555475461
depression,Logistic Regression,2,86157,0,0.3261435194115634
depression,Logistic Regression,2,86165,0,0.6607709673970724
depression,Logistic Regression,2,86175,0,0.29378924171704857
depression,Logistic Regression,2,86182,0,0.2264275821804179
depression,Logistic Regression,2,86185,0,0.31358069036058567
depression,Logistic Regression,2,86194,0,0.45451030345243376
depression,Logistic Regression,2,86203,0,0.21385260387404265
depression,Logistic Regression,2,86214,1,0.7142984291964792
depression,Logistic Regression,2,86220,0,0.5225732003364572
depression,Logistic Regression,2,86227,1,0.5672393831118626
depression,Logistic Regression,2,86239,1,0.6650180142449325
depression,Logistic Regression,2,86246,0,0.38705619700912414
depression,Logistic Regression,2,86259,0,0.43508153311262926
depression,Logistic Regression,2,86268,0,0.6166817359359326
depression,Logistic Regression,2,86277,1,0.5321493830152882
depression,Logistic Regression,2,86284,0,0.5380410177516712
depression,Logistic Regression,2,86293,0,0.5196958743973061
depression,Logistic Regression,2,86300,0,0.27386469022553905
depression,Logistic Regression,2,86318,0,0.5041466042283896
depression,Logistic Regression,2,86325,0,0.5896908952600567
depression,Logistic Regression,2,86333,0,0.31574353312395437
depression,Logistic Regression,2,86342,0,0.5340483467724426
depression,Logistic Regression,2,86351,1,0.32573540783276156
depression,Logistic Regression,2,86358,0,0.5354807215348376
depression,Logistic Regression,2,86365,0,0.5924549448373794
depression,Logistic Regression,2,86377,0,0.5001351981953375
depression,Logistic Regression,2,86394,0,0.4551594600642503
depression,Logistic Regression,2,86401,0,0.5020923217217031
depression,Logistic Regression,2,86413,0,0.26448329970190754
depression,Logistic Regression,2,86424,0,0.5498741307999074
depression,Logistic Regression,2,86435,0,0.5691435988543777
depression,Logistic Regression,2,86445,0,0.19616005557983382
depression,Logistic Regression,2,86454,0,0.5002997113411272
depression,Logistic Regression,2,86468,0,0.5852177086642047
depression,Logistic Regression,2,86479,0,0.26741016586487926
depression,Logistic Regression,2,86487,0,0.31706119562621266
depression,Logistic Regression,2,86495,0,0.39847156883858287
depression,Logistic Regression,2,86507,0,0.4941434069264985
depression,Logistic Regression,2,86516,0,0.2531103203417845
depression,Logistic Regression,2,86520,0,0.2468294933599054
depression,Logistic Regression,2,86526,0,0.4510603233348106
depression,Logistic Regression,2,86537,0,0.5821606750858846
depression,Logistic Regression,2,86548,1,0.4802016533030652
depression,Logistic Regression,2,86557,0,0.48773582749982475
depression,Logistic Regression,2,86566,0,0.5138450786456336
depression,Logistic Regression,2,86572,0,0.6012013173234005
depression,Logistic Regression,2,86580,0,0.4738736832516622
depression,Logistic Regression,2,86590,0,0.3154572106880641
depression,Logistic Regression,2,86599,0,0.4586645713403431
depression,Logistic Regression,2,86609,0,0.6736211317230257
depression,Logistic Regression,2,86618,0,0.5431424098739772
depression,Logistic Regression,2,86627,0,0.600139857944397
depression,Logistic Regression,2,86638,0,0.6194021866168936
depression,Logistic Regression,2,86645,0,0.5358675503665656
depression,Logistic Regression,2,86657,0,0.1901727805722526
depression,Logistic Regression,2,86664,0,0.3959057928178347
depression,Logistic Regression,2,86674,0,0.20460248782165089
depression,Logistic Regression,2,86681,0,0.5585118260975195
depression,Logistic Regression,2,86696,1,0.6056890312294319
depression,Logistic Regression,2,86705,1,0.7358529038287517
depression,Logistic Regression,2,86713,0,0.4473774518385579
depression,Logistic Regression,2,86728,0,0.62052661023354
depression,Logistic Regression,2,86736,0,0.24610310747846323
depression,Logistic Regression,2,86744,1,0.5114564225441359
depression,Logistic Regression,2,86752,0,0.6107378972535911
depression,Logistic Regression,2,86761,0,0.2258303060620518
depression,Logistic Regression,2,86773,1,0.6349374809836849
depression,Logistic Regression,2,86776,0,0.581985925024282
depression,Logistic Regression,2,86790,0,0.24652452816220918
depression,Logistic Regression,2,86801,0,0.49666995319574175
depression,Logistic Regression,2,86812,0,0.49323083012108143
depression,Logistic Regression,2,86817,0,0.47695340923287693
depression,Logistic Regression,2,86830,0,0.7104271604458714
depression,Logistic Regression,2,86838,0,0.26448329970190754
depression,Logistic Regression,2,86858,0,0.3445020424327129
depression,Logistic Regression,2,86870,0,0.6004370878397737
depression,Logistic Regression,2,86878,0,0.42621096307888334
depression,Logistic Regression,2,86889,0,0.7057529701534538
depression,Logistic Regression,2,86898,0,0.6135052826087632
depression,Logistic Regression,2,86909,0,0.2476408289754064
depression,Logistic Regression,2,86925,0,0.5236973159805125
depression,Logistic Regression,2,86939,0,0.5957251526374915
depression,Logistic Regression,2,86952,0,0.5392537522560548
depression,Logistic Regression,2,86960,0,0.6493585548001531
depression,Logistic Regression,2,86970,0,0.30809539001695657
depression,Logistic Regression,2,86977,0,0.6623269631451676
depression,Logistic Regression,2,86985,0,0.4861052390576596
depression,Logistic Regression,2,86992,0,0.3287638242084859
depression,Logistic Regression,2,87000,0,0.3104162007639753
depression,Logistic Regression,2,87008,0,0.26401449734016574
depression,Logistic Regression,2,87021,1,0.45180501688341346
depression,Logistic Regression,2,87032,0,0.19536555659675553
depression,Logistic Regression,2,87050,0,0.6363568927402713
depression,Logistic Regression,2,87056,0,0.4913504950153575
depression,Logistic Regression,2,87067,0,0.5979601219304317
depression,Logistic Regression,2,87079,0,0.49376116784932755
depression,Logistic Regression,2,87088,0,0.6109734354412228
depression,Logistic Regression,2,87099,0,0.5114096673522578
depression,Logistic Regression,2,87113,0,0.4999365482440052
depression,Logistic Regression,2,87123,1,0.38328065566801206
depression,Logistic Regression,2,87130,0,0.6274293965078896
depression,Logistic Regression,2,87141,0,0.18440208591925758
depression,Logistic Regression,2,87154,0,0.696746851306315
depression,Logistic Regression,2,87159,0,0.6648796458030906
depression,Logistic Regression,2,87165,0,0.6197939230169371
depression,Logistic Regression,2,87170,0,0.6581313839400613
depression,Logistic Regression,2,87177,0,0.19721663760692815
depression,Logistic Regression,2,87187,0,0.2338487167834253
depression,Logistic Regression,2,87197,0,0.5262354149950356
depression,Logistic Regression,2,87202,0,0.32581216415367253
depression,Logistic Regression,2,87215,0,0.1811887438941209
depression,Logistic Regression,2,87223,0,0.6475507843067916
depression,Logistic Regression,2,87231,0,0.4360633895566871
depression,Logistic Regression,2,87241,0,0.4759161543250073
depression,Logistic Regression,2,87246,0,0.5137992801654855
depression,Logistic Regression,2,87251,1,0.6697439906227027
depression,Logistic Regression,2,87260,1,0.448022182308033
depression,Logistic Regression,2,87268,0,0.3100438602428832
depression,Logistic Regression,2,87277,0,0.5154180437642515
depression,Logistic Regression,2,87288,0,0.4256777020144699
depression,Logistic Regression,2,87294,0,0.2611865023355801
depression,Logistic Regression,2,87303,0,0.5940313392601937
depression,Logistic Regression,2,87314,0,0.6636939175445342
depression,Logistic Regression,2,87321,0,0.5560019008156261
depression,Logistic Regression,2,87330,1,0.6605821664895585
depression,Logistic Regression,2,87343,0,0.606050574678216
depression,Logistic Regression,2,87351,1,0.5781679959180189
depression,Logistic Regression,2,87362,0,0.5390771025777068
depression,Logistic Regression,2,87373,0,0.1851876876946364
depression,Logistic Regression,2,87384,0,0.5475313551171984
depression,Logistic Regression,2,87393,0,0.5064920426255639
depression,Logistic Regression,2,87415,0,0.4279817809484951
depression,Logistic Regression,2,87423,0,0.6794244239809263
depression,Logistic Regression,2,87429,0,0.5617505165357037
depression,Logistic Regression,2,87437,0,0.16707851163688142
depression,Logistic Regression,2,87448,0,0.6002596761090152
depression,Logistic Regression,2,87461,0,0.48040528726632453
depression,Logistic Regression,2,87470,0,0.5141758149679765
depression,Logistic Regression,2,87480,0,0.34085320368837
depression,Logistic Regression,2,87487,0,0.567046508985624
depression,Logistic Regression,2,87496,0,0.5183893635352177
depression,Logistic Regression,2,87505,0,0.4131339214984419
depression,Logistic Regression,2,87511,0,0.24297210519642048
depression,Logistic Regression,2,87515,0,0.7084274347780988
depression,Logistic Regression,2,87529,0,0.3230842222614018
depression,Logistic Regression,2,87539,0,0.6487961799165227
depression,Logistic Regression,2,87555,0,0.5728814012089191
depression,Logistic Regression,2,87560,0,0.23747618135448526
depression,Logistic Regression,2,87573,0,0.3793212182462845
depression,Logistic Regression,2,87585,0,0.47865653567152433
depression,Logistic Regression,2,87593,0,0.3141586661252234
depression,Logistic Regression,2,87601,0,0.3941015455070444
depression,Logistic Regression,2,87608,0,0.17714376957011255
depression,Logistic Regression,2,87630,1,0.5749136363363581
depression,Logistic Regression,2,87645,0,0.5097130121938517
depression,Logistic Regression,2,87663,0,0.19794006642256678
depression,Logistic Regression,2,87672,0,0.47796783692819667
depression,Logistic Regression,2,87688,0,0.44885742060226475
depression,Logistic Regression,2,87697,1,0.2653719097435784
depression,Logistic Regression,2,87711,0,0.2796701712810387
depression,Logistic Regression,2,87727,1,0.6569452444209005
depression,Logistic Regression,2,87740,0,0.28306183565649845
depression,Logistic Regression,2,87750,0,0.4425527753851175
depression,Logistic Regression,2,87761,0,0.5490110611682122
depression,Logistic Regression,2,87773,0,0.21985193502471395
depression,Logistic Regression,2,87778,0,0.5329506712510271
depression,Logistic Regression,2,87790,0,0.4369472617776218
depression,Logistic Regression,2,87799,1,0.27318226765712167
depression,Logistic Regression,2,87805,0,0.26706755396884624
depression,Logistic Regression,2,87814,0,0.5540143614293327
depression,Logistic Regression,2,87824,0,0.5468903431753569
depression,Logistic Regression,2,87840,0,0.4074349443827556
depression,Logistic Regression,2,87849,0,0.3186516142381828
depression,Logistic Regression,2,87856,1,0.2132803915976026
depression,Logistic Regression,2,87871,0,0.579295429806476
depression,Logistic Regression,2,87882,0,0.3740643340535686
depression,Logistic Regression,2,87886,0,0.4832349919552962
depression,Logistic Regression,2,87898,0,0.3548497428111288
depression,Logistic Regression,2,87909,0,0.20732982579798825
depression,Logistic Regression,2,87919,0,0.3811961787697738
depression,Logistic Regression,2,87937,0,0.2452574789143449
depression,Logistic Regression,2,87943,0,0.5098351820608241
depression,Logistic Regression,2,87953,0,0.6625035329838408
depression,Logistic Regression,2,87965,0,0.24743591494480435
depression,Logistic Regression,2,87975,1,0.40431478508470775
depression,Logistic Regression,2,87985,0,0.42360727438250406
depression,Logistic Regression,2,87995,0,0.5963822887937061
depression,Logistic Regression,2,88001,0,0.29990506192990196
depression,Logistic Regression,2,88011,0,0.2438123994621907
depression,Logistic Regression,2,88022,0,0.38329139839640675
depression,Logistic Regression,2,88031,1,0.4665205697930716
depression,Logistic Regression,2,88046,0,0.4932182527049864
depression,Logistic Regression,2,88051,0,0.24452702790006423
depression,Logistic Regression,2,88069,0,0.6049965631788012
depression,Logistic Regression,2,88075,0,0.6387837598727915
depression,Logistic Regression,2,88086,0,0.5127964255489462
depression,Logistic Regression,2,88094,0,0.6215871016816605
depression,Logistic Regression,2,88102,1,0.32153354698926234
depression,Logistic Regression,2,88112,1,0.5493316667482041
depression,Logistic Regression,2,88120,0,0.5577109595930116
depression,Logistic Regression,2,88131,0,0.4289446818492943
depression,Logistic Regression,2,88138,0,0.2964752119826426
depression,Logistic Regression,2,88149,0,0.2889700206204898
depression,Logistic Regression,2,88157,0,0.2504050605979174
depression,Logistic Regression,2,88167,0,0.7323505062599412
depression,Logistic Regression,2,88173,1,0.5980308487414798
depression,Logistic Regression,2,88182,0,0.5653661745835241
depression,Logistic Regression,2,88192,0,0.5396609977372014
depression,Logistic Regression,2,88200,0,0.5074492261953288
depression,Logistic Regression,2,88210,0,0.34475363620306815
depression,Logistic Regression,2,88217,0,0.510594331518057
depression,Logistic Regression,2,88229,0,0.44069100672170863
depression,Logistic Regression,2,88234,0,0.5951734587253213
depression,Logistic Regression,2,88244,0,0.26283808794287067
depression,Logistic Regression,2,88257,0,0.6112795426921073
depression,Logistic Regression,2,88264,0,0.5858379851709834
depression,Logistic Regression,2,88285,0,0.4105486200141359
depression,Logistic Regression,2,88293,0,0.42685237353231537
depression,Logistic Regression,2,88303,0,0.334257525812353
depression,Logistic Regression,2,88309,0,0.6507388288623278
depression,Logistic Regression,2,88319,0,0.18147905466516503
depression,Logistic Regression,2,88330,0,0.6558840790299991
depression,Logistic Regression,2,88334,0,0.5363054898093915
depression,Logistic Regression,2,88346,0,0.32700367781372364
depression,Logistic Regression,2,88352,0,0.7688606749316316
depression,Logistic Regression,2,88365,1,0.5878654533793833
depression,Logistic Regression,2,88376,0,0.2800250409598558
depression,Logistic Regression,2,88388,1,0.339877320029354
depression,Logistic Regression,2,88398,0,0.5223437392037807
depression,Logistic Regression,2,88406,0,0.2252448443924419
depression,Logistic Regression,2,88417,0,0.27740969924758896
depression,Logistic Regression,2,88428,0,0.521027320385944
depression,Logistic Regression,2,88434,0,0.3902349176628202
depression,Logistic Regression,2,88448,0,0.5792375622914272
depression,Logistic Regression,2,88459,0,0.5935773589776766
depression,Logistic Regression,2,88462,0,0.715551636354166
depression,Logistic Regression,2,88476,0,0.3254681505645217
depression,Logistic Regression,2,88485,0,0.6190255683163414
depression,Logistic Regression,2,88501,0,0.4815470257298925
depression,Logistic Regression,2,88515,0,0.2131957941033124
depression,Logistic Regression,2,88527,0,0.6001705760015492
depression,Logistic Regression,2,88536,0,0.6061806334597704
depression,Logistic Regression,2,88542,0,0.31714444642163214
depression,Logistic Regression,2,88549,0,0.4493336694509975
depression,Logistic Regression,2,88565,0,0.6065639930232574
depression,Logistic Regression,2,88575,0,0.1981471271289861
depression,Logistic Regression,2,88588,0,0.7314973561700601
depression,Logistic Regression,2,88600,0,0.5847520477651137
depression,Logistic Regression,2,88607,0,0.5598404405002887
depression,Logistic Regression,2,88613,0,0.5462441347986352
depression,Logistic Regression,2,88625,0,0.424281486346869
depression,Logistic Regression,2,88628,0,0.5651806163307831
depression,Logistic Regression,2,88637,0,0.1900155121310279
depression,Logistic Regression,2,88647,0,0.3332037970806301
depression,Logistic Regression,2,88653,0,0.26246329707533333
depression,Logistic Regression,2,88661,0,0.23851425247663224
depression,Logistic Regression,2,88674,0,0.7261476516655037
depression,Logistic Regression,2,88682,0,0.5231432026685655
depression,Logistic Regression,2,88692,0,0.1957757679086223
depression,Logistic Regression,2,88702,0,0.5643834997651391
depression,Logistic Regression,2,88708,0,0.6805124596824846
depression,Logistic Regression,2,88723,0,0.29502022334634564
depression,Logistic Regression,2,88729,1,0.5178302636484488
depression,Logistic Regression,2,88740,0,0.18157590533667126
depression,Logistic Regression,2,88748,0,0.42439556417616126
depression,Logistic Regression,2,88759,0,0.5002083498690378
depression,Logistic Regression,2,88770,0,0.1828386252119201
depression,Logistic Regression,2,88775,0,0.5234182394607821
depression,Logistic Regression,2,88791,1,0.18851825174328818
depression,Logistic Regression,2,88799,1,0.6157496764617287
depression,Logistic Regression,2,88809,0,0.28100115053722263
depression,Logistic Regression,2,88818,0,0.47004755138314885
depression,Logistic Regression,2,88833,0,0.42014697271129137
depression,Logistic Regression,2,88841,0,0.5285203342853646
depression,Logistic Regression,2,88854,0,0.2561749312581878
depression,Logistic Regression,2,88857,0,0.4913041102297852
depression,Logistic Regression,2,88867,0,0.4210550606849647
depression,Logistic Regression,2,88875,1,0.5997222311248157
depression,Logistic Regression,2,88881,0,0.30298094156766253
depression,Logistic Regression,2,88891,1,0.32341837801432466
depression,Logistic Regression,2,88895,1,0.6533935235225673
depression,Logistic Regression,2,88903,0,0.32152211091781646
depression,Logistic Regression,2,88912,0,0.4720353622732141
depression,Logistic Regression,2,88919,0,0.5254314660514121
depression,Logistic Regression,2,88926,0,0.1811887438941209
depression,Logistic Regression,2,88940,0,0.1908796556780905
depression,Logistic Regression,2,88947,0,0.6281273505547517
depression,Logistic Regression,2,88964,0,0.5296775053939315
depression,Logistic Regression,2,88976,0,0.5706294319436787
depression,Logistic Regression,2,88986,1,0.5500872916117853
depression,Logistic Regression,2,89005,0,0.47228489637000365
depression,Logistic Regression,2,89013,0,0.27076858644388785
depression,Logistic Regression,2,89022,0,0.57398002869029
depression,Logistic Regression,2,89034,1,0.5073833486902689
depression,Logistic Regression,2,89041,0,0.4763553645666059
depression,Logistic Regression,2,89045,0,0.6033580255745978
depression,Logistic Regression,2,89064,0,0.5818172946624932
depression,Logistic Regression,2,89072,0,0.6776913182139935
depression,Logistic Regression,2,89083,0,0.41527941607863444
depression,Logistic Regression,2,89093,0,0.7357522093755597
depression,Logistic Regression,2,89102,0,0.6140920220000222
depression,Logistic Regression,2,89108,0,0.18528606954180843
depression,Logistic Regression,2,89120,0,0.7609176922356437
depression,Logistic Regression,2,89127,0,0.46107155283585394
depression,Logistic Regression,2,89134,0,0.3722649058167306
depression,Logistic Regression,2,89152,0,0.6495979666552499
depression,Logistic Regression,2,89159,0,0.6351840203894956
depression,Logistic Regression,2,89167,0,0.5619744255913603
depression,Logistic Regression,2,89174,0,0.3604566263649375
depression,Logistic Regression,2,89182,0,0.5546194420040635
depression,Logistic Regression,2,89188,0,0.5066199493906388
depression,Logistic Regression,2,89201,0,0.3427517854574382
depression,Logistic Regression,2,89215,0,0.5941181327866487
depression,Logistic Regression,2,89232,0,0.5491726892402731
depression,Logistic Regression,2,89243,0,0.33542912712084544
depression,Logistic Regression,2,89255,0,0.6634060886765476
depression,Logistic Regression,2,89264,0,0.4961414017111407
depression,Logistic Regression,2,89266,1,0.2658677173490762
depression,Logistic Regression,2,89276,0,0.6306834004127996
depression,Logistic Regression,2,89288,0,0.5079594740106135
depression,Logistic Regression,2,89297,0,0.2138560230377587
depression,Logistic Regression,2,89304,0,0.2745112565974427
depression,Logistic Regression,2,89314,0,0.6144226939369891
depression,Logistic Regression,2,89321,0,0.330982820239656
depression,Logistic Regression,2,89331,0,0.3195225353611596
depression,Logistic Regression,2,89340,0,0.524157857259522
depression,Logistic Regression,2,89351,0,0.6618249804829098
depression,Logistic Regression,2,89358,0,0.32240863471806874
depression,Logistic Regression,2,89370,0,0.25226124212084294
depression,Logistic Regression,2,89383,0,0.502581208065552
depression,Logistic Regression,2,89390,1,0.6443425950679914
depression,Logistic Regression,2,89402,0,0.5586852661483034
depression,Logistic Regression,2,89412,0,0.6889076547762268
depression,Logistic Regression,2,89425,0,0.4035696804307831
depression,Logistic Regression,2,89437,0,0.40900969238813695
depression,Logistic Regression,2,89444,0,0.7328903176701884
depression,Logistic Regression,2,89457,0,0.24574045491727625
depression,Logistic Regression,2,89471,0,0.6619180863356189
depression,Logistic Regression,2,89476,0,0.5048123900738477
depression,Logistic Regression,2,89490,0,0.22592811563782117
depression,Logistic Regression,2,89497,0,0.44043185124518414
depression,Logistic Regression,2,89508,0,0.5428174493168504
depression,Logistic Regression,2,89524,0,0.593957360834608
depression,Logistic Regression,2,89538,1,0.5932996126465173
depression,Logistic Regression,2,89546,0,0.18080222559935483
depression,Logistic Regression,2,89552,0,0.5662527375773648
depression,Logistic Regression,2,89563,0,0.5894833002149007
depression,Logistic Regression,2,89572,1,0.5473407334479639
depression,Logistic Regression,2,89576,0,0.29141109486370664
depression,Logistic Regression,2,89582,0,0.1828386252119201
depression,Logistic Regression,2,89587,0,0.633917354280228
depression,Logistic Regression,2,89597,0,0.5639720129139492
depression,Logistic Regression,2,89606,0,0.431221376129006
depression,Logistic Regression,2,89611,0,0.6471874172617836
depression,Logistic Regression,2,89618,0,0.21605259893556067
depression,Logistic Regression,2,89628,0,0.3984136538085011
depression,Logistic Regression,2,89637,1,0.7626621812889465
depression,Logistic Regression,2,89644,0,0.44604044486755856
depression,Logistic Regression,2,89649,0,0.23600542351001227
depression,Logistic Regression,2,89655,0,0.5229942619331146
depression,Logistic Regression,2,89669,0,0.3690381588047981
depression,Logistic Regression,2,89676,0,0.25647723512490617
depression,Logistic Regression,2,89685,0,0.5133307715145368
depression,Logistic Regression,2,89698,0,0.5927967343546583
depression,Logistic Regression,2,89704,0,0.6948586171347152
depression,Logistic Regression,2,89710,0,0.7376606049373724
depression,Logistic Regression,2,89720,0,0.48911742847317574
depression,Logistic Regression,2,89726,0,0.25543037017016407
depression,Logistic Regression,2,89733,0,0.1688092176798325
depression,Logistic Regression,2,89742,0,0.6503842329540257
depression,Logistic Regression,2,89755,0,0.667602872906626
depression,Logistic Regression,2,89771,0,0.5523119598164878
depression,Logistic Regression,2,89780,0,0.5991998931969585
depression,Logistic Regression,2,89790,0,0.5359967563185555
depression,Logistic Regression,2,89795,0,0.5567191714721375
depression,Logistic Regression,2,89803,0,0.4610165270399522
depression,Logistic Regression,2,89810,0,0.6653645297088078
depression,Logistic Regression,2,89822,0,0.32060695047451027
depression,Logistic Regression,2,89831,0,0.6171790902515956
depression,Logistic Regression,2,89841,0,0.4896831210735763
depression,Logistic Regression,2,89848,0,0.37981326099684337
depression,Logistic Regression,2,89854,0,0.6939371675157269
depression,Logistic Regression,2,89868,0,0.24852999131160672
depression,Logistic Regression,2,89889,0,0.22684228936214285
depression,Logistic Regression,2,89898,0,0.4191237089550656
depression,Logistic Regression,2,89907,0,0.5968603031531585
depression,Logistic Regression,2,89911,0,0.25493864960110396
depression,Logistic Regression,2,89929,0,0.6059134992716732
depression,Logistic Regression,2,89942,0,0.4478609832218464
depression,Logistic Regression,2,89948,0,0.4370535321687509
depression,Logistic Regression,2,89959,0,0.3837100669977727
depression,Logistic Regression,2,89966,0,0.692090805446576
depression,Logistic Regression,2,89976,0,0.44697040353734946
depression,Logistic Regression,2,89984,0,0.47868123307674676
depression,Logistic Regression,2,89994,0,0.6163784537870133
depression,Logistic Regression,2,90005,0,0.49890889304537606
depression,Logistic Regression,2,90011,0,0.5476562764058605
depression,Logistic Regression,2,90020,0,0.672262873239617
depression,Logistic Regression,2,90031,0,0.2591957152645964
depression,Logistic Regression,2,90046,1,0.5625441445100775
depression,Logistic Regression,2,90052,0,0.5246186789563513
depression,Logistic Regression,2,90059,0,0.313672514743033
depression,Logistic Regression,2,90066,0,0.2439326021063584
depression,Logistic Regression,2,90074,1,0.5200330155027523
depression,Logistic Regression,2,90081,0,0.4327277443996574
depression,Logistic Regression,2,90090,0,0.1684177836580617
depression,Logistic Regression,2,90098,0,0.5036579017665368
depression,Logistic Regression,2,90108,0,0.2103666274426928
depression,Logistic Regression,2,90117,0,0.5640892593522505
depression,Logistic Regression,2,90124,0,0.17943573214713113
depression,Logistic Regression,2,90139,0,0.536284092099714
depression,Logistic Regression,2,90146,1,0.7087763475727638
depression,Logistic Regression,2,90154,0,0.18787759845925112
depression,Logistic Regression,2,90164,0,0.46992354935237707
depression,Logistic Regression,2,90181,0,0.22412540313897822
depression,Logistic Regression,2,90186,0,0.48811949219750517
depression,Logistic Regression,2,90194,0,0.5717670512051327
depression,Logistic Regression,2,90206,0,0.18022365342269223
depression,Logistic Regression,2,90229,0,0.3426199471954933
depression,Logistic Regression,2,90242,0,0.5264363369104575
depression,Logistic Regression,2,90248,0,0.5540282063258002
depression,Logistic Regression,2,90256,0,0.19232333017557077
depression,Logistic Regression,2,90266,1,0.7246752722891268
depression,Logistic Regression,2,90279,0,0.4867860078858166
depression,Logistic Regression,2,90285,0,0.6514137453328802
depression,Logistic Regression,2,90297,1,0.6415302055085881
depression,Logistic Regression,2,90304,0,0.2564647052832483
depression,Logistic Regression,2,90318,0,0.5359481798297132
depression,Logistic Regression,2,90323,0,0.4258705578165508
depression,Logistic Regression,2,90329,1,0.6093629161107319
depression,Logistic Regression,2,90340,1,0.6238614382543284
depression,Logistic Regression,2,90350,1,0.5782532223072322
depression,Logistic Regression,2,90357,0,0.3574415873816228
depression,Logistic Regression,2,90366,0,0.6587604681379898
depression,Logistic Regression,2,90377,0,0.5987928780529187
depression,Logistic Regression,2,90386,0,0.4277304276348634
depression,Logistic Regression,2,90396,0,0.16922873061403623
depression,Logistic Regression,2,90403,1,0.4815583720820728
depression,Logistic Regression,2,90417,0,0.712817088613375
depression,Logistic Regression,2,90432,0,0.31310257720995055
depression,Logistic Regression,2,90441,0,0.48830651154996463
depression,Logistic Regression,2,90455,0,0.18244937157347452
depression,Logistic Regression,2,90464,0,0.6250328610468616
depression,Logistic Regression,2,90473,0,0.4365798562136464
depression,Logistic Regression,2,90486,0,0.5006321554977572
depression,Logistic Regression,2,90498,0,0.45278913005368243
depression,Logistic Regression,2,90506,0,0.22315684559311938
depression,Logistic Regression,2,90515,0,0.43836061007913646
depression,Logistic Regression,2,90521,0,0.298621087401877
depression,Logistic Regression,2,90528,0,0.5567862184422787
depression,Logistic Regression,2,90534,0,0.19690720782240334
depression,Logistic Regression,2,90544,0,0.48750769449946013
depression,Logistic Regression,2,90556,0,0.6070466412086988
depression,Logistic Regression,2,90569,0,0.6744010802864998
depression,Logistic Regression,2,90581,0,0.1870934422830235
depression,Logistic Regression,2,90588,0,0.7115905039181366
depression,Logistic Regression,2,90597,0,0.4843089624948839
depression,Logistic Regression,2,90608,0,0.24828658367729634
depression,Logistic Regression,2,90614,0,0.5981565637905514
depression,Logistic Regression,2,90625,0,0.41762333649956657
depression,Logistic Regression,2,90634,0,0.37396254417598734
depression,Logistic Regression,2,90644,0,0.3621552494971503
depression,Logistic Regression,2,90651,0,0.22537476876683527
depression,Logistic Regression,2,90656,0,0.1846963839362343
depression,Logistic Regression,2,90659,0,0.5497962948181446
depression,Logistic Regression,2,90666,0,0.18718236310715025
depression,Logistic Regression,2,90672,0,0.5392184709257236
depression,Logistic Regression,2,90679,0,0.6274223514454064
depression,Logistic Regression,2,90689,0,0.5145798446016843
depression,Logistic Regression,2,90698,0,0.4850383556715294
depression,Logistic Regression,2,90710,0,0.5716237751138398
depression,Logistic Regression,2,90719,0,0.5193948713951224
depression,Logistic Regression,2,90732,0,0.542105483184738
depression,Logistic Regression,2,90745,1,0.3455597826309622
depression,Logistic Regression,2,90758,0,0.5102341043550609
depression,Logistic Regression,2,90771,0,0.3863989083388902
depression,Logistic Regression,2,90786,0,0.5151632881799094
depression,Logistic Regression,2,90797,0,0.6300303357522082
depression,Logistic Regression,2,90808,0,0.5156654997409827
depression,Logistic Regression,2,90815,0,0.16698781596293732
depression,Logistic Regression,2,90825,0,0.1903736446540005
depression,Logistic Regression,2,90837,0,0.7318160320636645
depression,Logistic Regression,2,90847,0,0.45119706283342964
depression,Logistic Regression,2,90854,0,0.5824430581155781
depression,Logistic Regression,2,90865,0,0.48240189102132625
depression,Logistic Regression,2,90875,0,0.5128977505473639
depression,Logistic Regression,2,90887,0,0.5731868613632565
depression,Logistic Regression,2,90894,0,0.19516069513574552
depression,Logistic Regression,2,90904,0,0.5477631533897286
depression,Logistic Regression,2,90913,0,0.29487237689401563
depression,Logistic Regression,2,90922,0,0.2240095087491984
depression,Logistic Regression,2,90927,0,0.4363247326383122
depression,Logistic Regression,2,90934,0,0.4863304902137476
depression,Logistic Regression,2,90943,0,0.3742306436204064
depression,Logistic Regression,2,90955,0,0.38058471962806456
depression,Logistic Regression,2,90963,0,0.392191188319795
depression,Logistic Regression,2,90972,0,0.413423921198079
depression,Logistic Regression,2,90981,0,0.766236045853506
depression,Logistic Regression,2,90991,0,0.24559230134129284
depression,Logistic Regression,2,90999,0,0.640648896876143
depression,Logistic Regression,2,91010,0,0.6550922354762422
depression,Logistic Regression,2,91020,0,0.24273238264482935
depression,Logistic Regression,2,91026,0,0.4381015508368636
depression,Logistic Regression,2,91040,0,0.3865275244700532
depression,Logistic Regression,2,91048,0,0.6760829760064762
depression,Logistic Regression,2,91056,0,0.496433847059756
depression,Logistic Regression,2,91066,0,0.4611799651222145
depression,Logistic Regression,2,91078,0,0.6253418119166856
depression,Logistic Regression,2,91091,0,0.6231892820201804
depression,Logistic Regression,2,91100,0,0.37941686363001237
depression,Logistic Regression,2,91112,0,0.5946900404557249
depression,Logistic Regression,2,91127,0,0.5361776514555874
depression,Logistic Regression,2,91137,0,0.632189847704663
depression,Logistic Regression,2,91144,0,0.7010155140977815
depression,Logistic Regression,2,91156,0,0.3419289447797049
depression,Logistic Regression,2,91165,0,0.5603110818219724
depression,Logistic Regression,2,91174,0,0.3269560641832591
depression,Logistic Regression,2,91184,0,0.34955796632650965
depression,Logistic Regression,2,91196,0,0.40005702086387007
depression,Logistic Regression,2,91213,0,0.43046783937059035
depression,Logistic Regression,2,91222,0,0.24574045491727625
depression,Logistic Regression,2,91234,0,0.5828397658842035
depression,Logistic Regression,2,91249,0,0.24804333574638354
depression,Logistic Regression,2,91259,0,0.36501034636145757
depression,Logistic Regression,2,91272,0,0.35367896806398
depression,Logistic Regression,2,91278,0,0.6655896222700116
depression,Logistic Regression,2,91290,0,0.5726592198543319
depression,Logistic Regression,2,91302,0,0.20286970446435965
depression,Logistic Regression,2,91313,0,0.6122705335771838
depression,Logistic Regression,2,91323,0,0.5170550989617592
depression,Logistic Regression,2,91329,0,0.5318389208184002
depression,Logistic Regression,2,91338,0,0.604253914725105
depression,Logistic Regression,2,91345,0,0.6420908108284796
depression,Logistic Regression,2,91354,0,0.19168321667681892
depression,Logistic Regression,2,91360,0,0.20594391748008847
depression,Logistic Regression,2,91366,0,0.5242308376596931
depression,Logistic Regression,2,91377,1,0.6229841670703686
depression,Logistic Regression,2,91392,0,0.5429792154010131
depression,Logistic Regression,2,91400,1,0.5712780932534898
depression,Logistic Regression,2,91414,0,0.300723540013132
depression,Logistic Regression,2,91423,0,0.3638217067780792
depression,Logistic Regression,2,91433,0,0.7069239457638966
depression,Logistic Regression,2,91442,0,0.21396221526447137
depression,Logistic Regression,2,91450,1,0.6172206543184799
depression,Logistic Regression,2,91461,0,0.4153841632852238
depression,Logistic Regression,2,91474,0,0.7125659236938071
depression,Logistic Regression,2,91479,0,0.6839484075571292
depression,Logistic Regression,2,91487,0,0.2963735895743629
depression,Logistic Regression,2,91495,0,0.21962840553100027
depression,Logistic Regression,2,91508,0,0.21911678004012
depression,Logistic Regression,2,91520,1,0.1850893462179256
depression,Logistic Regression,2,91532,0,0.5606272553161293
depression,Logistic Regression,2,91542,0,0.23488908313608176
depression,Logistic Regression,2,91552,0,0.5174397471251112
depression,Logistic Regression,2,91562,0,0.41809425199495354
depression,Logistic Regression,2,91570,0,0.28075846250288944
depression,Logistic Regression,2,91583,0,0.45088347952051644
depression,Logistic Regression,2,91592,0,0.3770580203050545
depression,Logistic Regression,2,91603,0,0.6629076649880827
depression,Logistic Regression,2,91612,0,0.431104827033606
depression,Logistic Regression,2,91621,0,0.6979657067342133
depression,Logistic Regression,2,91630,0,0.6235373953390176
depression,Logistic Regression,2,91633,0,0.5007501582081403
depression,Logistic Regression,2,91642,0,0.38958671231499925
depression,Logistic Regression,2,91659,0,0.5008912315516743
depression,Logistic Regression,2,91669,0,0.3555609527120782
depression,Logistic Regression,2,91672,0,0.30749183728377405
depression,Logistic Regression,2,91679,0,0.5799544664819286
depression,Logistic Regression,2,91697,0,0.2701064957603901
depression,Logistic Regression,2,91712,0,0.21528074071268402
depression,Logistic Regression,2,91721,0,0.53225314195289
depression,Logistic Regression,2,91727,0,0.2788437644272301
depression,Logistic Regression,2,91731,0,0.2011678362462257
depression,Logistic Regression,2,91739,0,0.4106533310530882
depression,Logistic Regression,2,91748,0,0.47756430423479934
depression,Logistic Regression,2,91758,0,0.5598048530764794
depression,Logistic Regression,2,91772,0,0.3224400239724807
depression,Logistic Regression,2,91785,0,0.3966988094145812
depression,Logistic Regression,2,91792,0,0.6239636746479942
depression,Logistic Regression,2,91803,1,0.38961482368287154
depression,Logistic Regression,2,91809,0,0.2612860197436851
depression,Logistic Regression,2,91816,0,0.3728455673581678
depression,Logistic Regression,2,91824,0,0.6585744078860841
depression,Logistic Regression,2,91834,0,0.4600652045355776
depression,Logistic Regression,2,91841,0,0.3867224566228204
depression,Logistic Regression,2,91850,0,0.2809459226843043
depression,Logistic Regression,2,91859,0,0.44898960506867713
depression,Logistic Regression,2,91868,0,0.4928078880004582
depression,Logistic Regression,2,91884,0,0.2428522238288726
depression,Logistic Regression,2,91890,0,0.38912926408369347
depression,Logistic Regression,2,91899,0,0.2249198833992735
depression,Logistic Regression,2,91911,0,0.4908372541073976
depression,Logistic Regression,2,91921,0,0.6328031551958705
depression,Logistic Regression,2,91930,0,0.3424141889205953
depression,Logistic Regression,2,91944,0,0.4240422552576912
depression,Logistic Regression,2,91956,0,0.6480089522886973
depression,Logistic Regression,2,91962,0,0.5651758691989802
depression,Logistic Regression,2,91970,0,0.3003656325606073
depression,Logistic Regression,2,91978,0,0.16899222587331078
depression,Logistic Regression,2,91992,0,0.3347314678255171
depression,Logistic Regression,2,92000,0,0.45106533966542667
depression,Logistic Regression,2,92010,0,0.6229265083570915
depression,Logistic Regression,2,92021,0,0.38362262323899754
depression,Logistic Regression,2,92027,0,0.6731048840298605
depression,Logistic Regression,2,92043,0,0.6107562286661151
depression,Logistic Regression,2,92050,0,0.6533074379070376
depression,Logistic Regression,2,92059,0,0.3021825949455487
depression,Logistic Regression,2,92072,0,0.40034213495966015
depression,Logistic Regression,2,92084,0,0.6162634535289554
depression,Logistic Regression,2,92092,0,0.3925006916886263
depression,Logistic Regression,2,92103,0,0.49502096974115833
depression,Logistic Regression,2,92111,0,0.5601260964268009
depression,Logistic Regression,2,92119,0,0.519620370038036
depression,Logistic Regression,2,92126,0,0.6096268862751996
depression,Logistic Regression,2,92133,0,0.3454347398695995
depression,Logistic Regression,2,92140,0,0.5729052067158785
depression,Logistic Regression,2,92155,0,0.4309256796494398
depression,Logistic Regression,2,92158,0,0.47252778659591077
depression,Logistic Regression,2,92168,0,0.3919708809881793
depression,Logistic Regression,2,92185,0,0.5925416850694188
depression,Logistic Regression,2,92198,0,0.5192194426996236
depression,Logistic Regression,2,92204,0,0.5726815917472932
depression,Logistic Regression,2,92217,0,0.22310686402383245
depression,Logistic Regression,2,92229,0,0.49537242323366626
depression,Logistic Regression,2,92240,0,0.46909278079362493
depression,Logistic Regression,2,92253,0,0.6295352200819214
depression,Logistic Regression,2,92256,0,0.37243998733610945
depression,Logistic Regression,2,92263,0,0.2997771262900221
depression,Logistic Regression,2,92281,0,0.46130624754519445
depression,Logistic Regression,2,92295,0,0.5860823987192054
depression,Logistic Regression,2,92300,1,0.672333095323381
depression,Logistic Regression,2,92320,0,0.7005969767103695
depression,Logistic Regression,2,92335,0,0.6353478237969861
depression,Logistic Regression,2,92340,0,0.40065498170617864
depression,Logistic Regression,2,92356,0,0.3648497299487661
depression,Logistic Regression,2,92363,1,0.7058639165600749
depression,Logistic Regression,2,92371,0,0.36312204234686507
depression,Logistic Regression,2,92380,0,0.594958527980492
depression,Logistic Regression,2,92395,0,0.6193595948144572
depression,Logistic Regression,2,92404,0,0.18515220377723163
depression,Logistic Regression,2,92412,0,0.24670832901511627
depression,Logistic Regression,2,92418,0,0.5704424045696971
depression,Logistic Regression,2,92426,0,0.430976173782788
depression,Logistic Regression,2,92436,0,0.5518522121857475
depression,Logistic Regression,2,92446,0,0.5723301592875267
depression,Logistic Regression,2,92459,0,0.2008083557297099
depression,Logistic Regression,2,92476,0,0.30222963102417405
depression,Logistic Regression,2,92487,0,0.18128547394837713
depression,Logistic Regression,2,92497,0,0.6207151566679447
depression,Logistic Regression,2,92507,0,0.5377412853800787
depression,Logistic Regression,2,92513,1,0.39920769685998153
depression,Logistic Regression,2,92527,0,0.5127883507220865
depression,Logistic Regression,2,92535,0,0.4059514101127748
depression,Logistic Regression,2,92542,0,0.24719322636257618
depression,Logistic Regression,2,92553,0,0.5654609313136947
depression,Logistic Regression,2,92559,0,0.4809757960445113
depression,Logistic Regression,2,92564,0,0.1849910451077134
depression,Logistic Regression,2,92573,1,0.6383002214303808
depression,Logistic Regression,2,92587,0,0.23606260999389203
depression,Logistic Regression,2,92598,0,0.6727196029783739
depression,Logistic Regression,2,92606,0,0.42247236713938857
depression,Logistic Regression,2,92615,0,0.17895633682323875
depression,Logistic Regression,2,92623,0,0.3293720124450456
depression,Logistic Regression,2,92633,0,0.24743591494480435
depression,Logistic Regression,2,92642,0,0.6084291872288159
depression,Logistic Regression,2,92654,0,0.2904680777802616
depression,Logistic Regression,2,92663,0,0.4775655533765263
depression,Logistic Regression,2,92674,0,0.6763826578800819
depression,Logistic Regression,2,92686,0,0.5342423858691809
depression,Logistic Regression,2,92695,1,0.6363724682313749
depression,Logistic Regression,2,92703,1,0.6158261545472391
depression,Logistic Regression,2,92717,0,0.6115515789163648
depression,Logistic Regression,2,92725,0,0.6135846675101325
depression,Logistic Regression,2,92738,0,0.5800731630348448
depression,Logistic Regression,2,92746,0,0.18920075214428755
depression,Logistic Regression,2,92752,0,0.37936928956902405
depression,Logistic Regression,2,92764,1,0.16662542687899498
depression,Logistic Regression,2,92775,0,0.3255445848546376
depression,Logistic Regression,2,92787,0,0.5229303926852327
depression,Logistic Regression,2,92797,0,0.18827576612638028
depression,Logistic Regression,2,92812,0,0.5661768578026959
depression,Logistic Regression,2,92821,0,0.23582758088565553
depression,Logistic Regression,2,92828,0,0.5897928210768082
depression,Logistic Regression,2,92838,0,0.6553715635123394
depression,Logistic Regression,2,92848,0,0.6204141552270362
depression,Logistic Regression,2,92858,0,0.6852571994320925
depression,Logistic Regression,2,92876,0,0.328545183042109
depression,Logistic Regression,2,92886,0,0.5828949517817563
depression,Logistic Regression,2,92894,0,0.512492415901437
depression,Logistic Regression,2,92895,0,0.5231482371645181
depression,Logistic Regression,2,92901,0,0.6784129275700419
depression,Logistic Regression,2,92908,0,0.5569114399148409
depression,Logistic Regression,2,92915,0,0.3537705913633942
depression,Logistic Regression,2,92924,0,0.2595570059913584
depression,Logistic Regression,2,92935,0,0.702098898090391
depression,Logistic Regression,2,92942,0,0.23122889766888305
depression,Logistic Regression,2,92954,0,0.41884465371525564
depression,Logistic Regression,2,92964,0,0.21877544177026928
depression,Logistic Regression,2,92975,0,0.47460307263806245
depression,Logistic Regression,2,92985,0,0.4736840870457661
depression,Logistic Regression,2,92990,0,0.6493422391406853
depression,Logistic Regression,2,92998,0,0.2727035915975777
depression,Logistic Regression,2,93004,0,0.4962937434577685
depression,Logistic Regression,2,93012,0,0.506329103728521
depression,Logistic Regression,2,93018,0,0.5146616732529865
depression,Logistic Regression,2,93028,0,0.18787759845925112
depression,Logistic Regression,2,93042,1,0.1845982442521131
depression,Logistic Regression,2,93050,1,0.5924227199769841
depression,Logistic Regression,2,93057,0,0.31337968169587527
depression,Logistic Regression,2,93072,0,0.2893139777759631
depression,Logistic Regression,2,93077,0,0.31982723214676156
depression,Logistic Regression,2,93087,0,0.4924445682633504
depression,Logistic Regression,2,93095,0,0.4523785781411586
depression,Logistic Regression,2,93106,0,0.6816772379761253
depression,Logistic Regression,2,93115,0,0.7079247659992673
depression,Logistic Regression,2,93127,0,0.2560507389880063
depression,Logistic Regression,2,93142,0,0.6389848546795964
depression,Logistic Regression,2,93153,0,0.5254775606885488
depression,Logistic Regression,2,93169,0,0.255558234069733
depression,Logistic Regression,2,93176,0,0.33375272566565706
depression,Logistic Regression,2,93181,0,0.302386080961332
depression,Logistic Regression,2,93196,0,0.2555543649043286
depression,Logistic Regression,2,93205,0,0.6320944888595862
depression,Logistic Regression,2,93212,1,0.7101505437562121
depression,Logistic Regression,2,93228,0,0.3702183450355831
depression,Logistic Regression,2,93239,0,0.5563974105194457
depression,Logistic Regression,2,93249,0,0.6519825518009482
depression,Logistic Regression,2,93263,0,0.2181288680010952
depression,Logistic Regression,2,93272,0,0.44094145960104536
depression,Logistic Regression,2,93277,0,0.5961277282981815
depression,Logistic Regression,2,93283,0,0.5467645557375046
depression,Logistic Regression,2,93291,0,0.5325777034132907
depression,Logistic Regression,2,93305,0,0.591694841026986
depression,Logistic Regression,2,93311,0,0.2172912101758688
depression,Logistic Regression,2,93325,0,0.39032058205010145
depression,Logistic Regression,2,93330,0,0.4060206605891207
depression,Logistic Regression,2,93340,0,0.525943495289127
depression,Logistic Regression,2,93352,0,0.48638074976718254
depression,Logistic Regression,2,93356,0,0.23195141762494859
depression,Logistic Regression,2,93365,0,0.4157307235314101
depression,Logistic Regression,2,93371,0,0.5933974704857685
depression,Logistic Regression,2,93386,0,0.5483985554537909
depression,Logistic Regression,2,93399,1,0.2729754558509529
depression,Logistic Regression,2,93417,1,0.590561016642904
depression,Logistic Regression,2,93428,1,0.7508310034566809
depression,Logistic Regression,2,93436,0,0.6195822499072879
depression,Logistic Regression,2,93443,0,0.46139794090901937
depression,Logistic Regression,2,93459,0,0.669309127375637
depression,Logistic Regression,2,93476,0,0.7222343328013414
depression,Logistic Regression,2,93486,0,0.45556686753381126
depression,Logistic Regression,2,93493,0,0.552698852667392
depression,Logistic Regression,2,93502,0,0.6659411897538989
depression,Logistic Regression,2,93511,0,0.6298415274131491
depression,Logistic Regression,2,93520,0,0.42818663362627213
depression,Logistic Regression,2,93529,1,0.5564884795188881
depression,Logistic Regression,2,93539,0,0.382158627925413
depression,Logistic Regression,2,93550,1,0.1676235127551985
depression,Logistic Regression,2,93558,0,0.24345203239596946
depression,Logistic Regression,2,93565,0,0.18215785402987203
depression,Logistic Regression,2,93574,0,0.4033189341287965
depression,Logistic Regression,2,93587,0,0.3233378330458945
depression,Logistic Regression,2,93597,0,0.5044982482097369
depression,Logistic Regression,2,93608,0,0.28344637256123906
depression,Logistic Regression,2,93614,1,0.591645266561817
depression,Logistic Regression,2,93622,0,0.5705348437402394
depression,Logistic Regression,2,93633,0,0.5117846070306471
depression,Logistic Regression,2,93643,0,0.6921673580236603
depression,Logistic Regression,2,93654,0,0.47886680347880667
depression,Logistic Regression,2,93663,0,0.6070993644336666
depression,Logistic Regression,2,93672,0,0.7465344361287611
depression,Logistic Regression,2,93684,0,0.3301800977659178
depression,Logistic Regression,2,93696,0,0.325053799087365
depression,RBF SVM,2,83734,0,0.4765217091597642
depression,RBF SVM,2,83742,0,0.6795309582910664
depression,RBF SVM,2,83754,0,0.6024930562245046
depression,RBF SVM,2,83767,0,0.1505383687668143
depression,RBF SVM,2,83781,0,0.28039954564795816
depression,RBF SVM,2,83789,0,0.26781963866613684
depression,RBF SVM,2,83812,0,0.18524223239425894
depression,RBF SVM,2,83820,0,0.2548041544026917
depression,RBF SVM,2,83829,0,0.26834464848066397
depression,RBF SVM,2,83843,0,0.23359720517420535
depression,RBF SVM,2,83851,0,0.7118638871194064
depression,RBF SVM,2,83862,0,0.6904385937838596
depression,RBF SVM,2,83869,1,0.5021157738328911
depression,RBF SVM,2,83876,0,0.7524925340236625
depression,RBF SVM,2,83886,0,0.25576524996452304
depression,RBF SVM,2,83894,1,0.5142305949870106
depression,RBF SVM,2,83900,1,0.5762745843469985
depression,RBF SVM,2,83911,0,0.2745300119688764
depression,RBF SVM,2,83920,0,0.7835581955686642
depression,RBF SVM,2,83931,1,0.42280482981287465
depression,RBF SVM,2,83944,0,0.4526099021160331
depression,RBF SVM,2,83951,0,0.6015245078881495
depression,RBF SVM,2,83959,0,0.6532399360490165
depression,RBF SVM,2,83965,0,0.43071346026210616
depression,RBF SVM,2,83976,0,0.2933705731818723
depression,RBF SVM,2,83988,0,0.3160777171408289
depression,RBF SVM,2,83995,0,0.23109351574253473
depression,RBF SVM,2,84005,0,0.2713524904469404
depression,RBF SVM,2,84014,0,0.26818716894783207
depression,RBF SVM,2,84021,0,0.6144729933316165
depression,RBF SVM,2,84028,0,0.2693682914894077
depression,RBF SVM,2,84034,0,0.46463989744138384
depression,RBF SVM,2,84042,0,0.5711637275076887
depression,RBF SVM,2,84055,0,0.27674624110244417
depression,RBF SVM,2,84068,0,0.23847650736763415
depression,RBF SVM,2,84075,0,0.6158273682440362
depression,RBF SVM,2,84088,0,0.33228592166957194
depression,RBF SVM,2,84099,0,0.4741441768525433
depression,RBF SVM,2,84109,0,0.26781963866613684
depression,RBF SVM,2,84111,0,0.47650036392906997
depression,RBF SVM,2,84120,0,0.5864437168842509
depression,RBF SVM,2,84129,0,0.6028137791636725
depression,RBF SVM,2,84142,0,0.2337943105504758
depression,RBF SVM,2,84157,0,0.43731680563445746
depression,RBF SVM,2,84169,0,0.3927523188832207
depression,RBF SVM,2,84174,0,0.7040625351161925
depression,RBF SVM,2,84187,0,0.5912544567067257
depression,RBF SVM,2,84195,0,0.33602896157670814
depression,RBF SVM,2,84203,0,0.29137392572043763
depression,RBF SVM,2,84219,0,0.6582666369163205
depression,RBF SVM,2,84226,0,0.5017668078661
depression,RBF SVM,2,84232,0,0.5967914951810953
depression,RBF SVM,2,84241,1,0.7342342256349634
depression,RBF SVM,2,84260,0,0.7208332062739975
depression,RBF SVM,2,84276,0,0.5754313858854836
depression,RBF SVM,2,84287,0,0.6316663575082102
depression,RBF SVM,2,84295,0,0.5426434603155292
depression,RBF SVM,2,84302,0,0.2615987620393507
depression,RBF SVM,2,84316,0,0.3699251725717327
depression,RBF SVM,2,84329,0,0.4672883404434818
depression,RBF SVM,2,84347,0,0.34337600494262865
depression,RBF SVM,2,84359,0,0.5647200998623579
depression,RBF SVM,2,84372,0,0.6284996271701633
depression,RBF SVM,2,84378,0,0.6444141510662204
depression,RBF SVM,2,84383,0,0.25261028598496993
depression,RBF SVM,2,84390,0,0.5113923274585656
depression,RBF SVM,2,84395,0,0.35570517412186803
depression,RBF SVM,2,84403,0,0.26934224149894226
depression,RBF SVM,2,84411,0,0.4456686138857802
depression,RBF SVM,2,84423,0,0.7217196330246316
depression,RBF SVM,2,84429,0,0.6180720167262455
depression,RBF SVM,2,84440,0,0.731083073174453
depression,RBF SVM,2,84452,0,0.7593036057201574
depression,RBF SVM,2,84459,0,0.2705235121777256
depression,RBF SVM,2,84471,0,0.19744500536422668
depression,RBF SVM,2,84480,0,0.48540516463566824
depression,RBF SVM,2,84492,0,0.3466778908214956
depression,RBF SVM,2,84499,0,0.15067525511876736
depression,RBF SVM,2,84505,0,0.6970396448716244
depression,RBF SVM,2,84530,0,0.6123826100939096
depression,RBF SVM,2,84545,0,0.29724783036963975
depression,RBF SVM,2,84547,0,0.7450966364766289
depression,RBF SVM,2,84562,0,0.8733315703330163
depression,RBF SVM,2,84565,0,0.27137894232161086
depression,RBF SVM,2,84576,0,0.7085009908421488
depression,RBF SVM,2,84583,0,0.6135864795846535
depression,RBF SVM,2,84593,0,0.31699698536521304
depression,RBF SVM,2,84600,0,0.5109687891447465
depression,RBF SVM,2,84611,1,0.7532670407575528
depression,RBF SVM,2,84617,0,0.37098879868141715
depression,RBF SVM,2,84625,0,0.306661426555643
depression,RBF SVM,2,84631,0,0.535744606304978
depression,RBF SVM,2,84644,0,0.30555524744368096
depression,RBF SVM,2,84659,0,0.5126852979662899
depression,RBF SVM,2,84665,1,0.21622390089004084
depression,RBF SVM,2,84675,0,0.2690092718135954
depression,RBF SVM,2,84679,0,0.3393980587556917
depression,RBF SVM,2,84691,0,0.7049896549041715
depression,RBF SVM,2,84703,0,0.23749294269654822
depression,RBF SVM,2,84711,0,0.2688712916277341
depression,RBF SVM,2,84717,0,0.7597525630813562
depression,RBF SVM,2,84727,0,0.7490426088104336
depression,RBF SVM,2,84738,0,0.29269578884982933
depression,RBF SVM,2,84754,0,0.7669679343006955
depression,RBF SVM,2,84757,0,0.2648429212758805
depression,RBF SVM,2,84765,0,0.6868595373337459
depression,RBF SVM,2,84774,0,0.4901213886893641
depression,RBF SVM,2,84780,0,0.7063061094048171
depression,RBF SVM,2,84785,0,0.33290050521208925
depression,RBF SVM,2,84793,0,0.3920151032747771
depression,RBF SVM,2,84797,0,0.25821709287217925
depression,RBF SVM,2,84805,0,0.6366688837055662
depression,RBF SVM,2,84817,0,0.2097703101169394
depression,RBF SVM,2,84828,0,0.6641378879590941
depression,RBF SVM,2,84833,0,0.28800712726509975
depression,RBF SVM,2,84843,0,0.23997242741024197
depression,RBF SVM,2,84854,0,0.7734487024353613
depression,RBF SVM,2,84867,0,0.8283205344008789
depression,RBF SVM,2,84874,0,0.37861292390441675
depression,RBF SVM,2,84887,1,0.2059890625381484
depression,RBF SVM,2,84899,0,0.5996942634224872
depression,RBF SVM,2,84905,0,0.40090009615373845
depression,RBF SVM,2,84914,1,0.7651282283071262
depression,RBF SVM,2,84920,0,0.7560392854802817
depression,RBF SVM,2,84927,0,0.38019967524659204
depression,RBF SVM,2,84934,0,0.19296982897776327
depression,RBF SVM,2,84944,0,0.8013438728997062
depression,RBF SVM,2,84950,0,0.26847120439974953
depression,RBF SVM,2,84962,0,0.26834918608938174
depression,RBF SVM,2,84973,0,0.5942057178148636
depression,RBF SVM,2,84982,0,0.25094878347642713
depression,RBF SVM,2,84997,0,0.2559691611711626
depression,RBF SVM,2,85002,1,0.7310440481093159
depression,RBF SVM,2,85016,0,0.48632422272547915
depression,RBF SVM,2,85024,0,0.26323079253063
depression,RBF SVM,2,85040,0,0.15014929352384018
depression,RBF SVM,2,85049,0,0.2259459057801233
depression,RBF SVM,2,85055,0,0.2564939178447995
depression,RBF SVM,2,85063,0,0.284641494377671
depression,RBF SVM,2,85073,0,0.30059489629391606
depression,RBF SVM,2,85076,0,0.6500387936045362
depression,RBF SVM,2,85103,0,0.23364174349541486
depression,RBF SVM,2,85109,0,0.3075752089167501
depression,RBF SVM,2,85117,1,0.2965809080231245
depression,RBF SVM,2,85127,0,0.604912598462248
depression,RBF SVM,2,85138,0,0.702989354557544
depression,RBF SVM,2,85149,0,0.38574128924300677
depression,RBF SVM,2,85159,0,0.4777769637565543
depression,RBF SVM,2,85164,0,0.3006058517544028
depression,RBF SVM,2,85173,0,0.6164299655998648
depression,RBF SVM,2,85183,0,0.30740666433938385
depression,RBF SVM,2,85197,0,0.4841177994587922
depression,RBF SVM,2,85205,0,0.2800527581995954
depression,RBF SVM,2,85214,0,0.3655421897355827
depression,RBF SVM,2,85220,0,0.40891693915798766
depression,RBF SVM,2,85230,0,0.7622843338519782
depression,RBF SVM,2,85236,1,0.730029080831088
depression,RBF SVM,2,85244,1,0.5435031010007673
depression,RBF SVM,2,85252,0,0.5790128332115937
depression,RBF SVM,2,85260,0,0.26791611475806043
depression,RBF SVM,2,85270,0,0.2657194634817456
depression,RBF SVM,2,85281,0,0.19864904507502326
depression,RBF SVM,2,85287,0,0.5503178649717211
depression,RBF SVM,2,85294,0,0.5331307834652528
depression,RBF SVM,2,85303,0,0.4228814306102785
depression,RBF SVM,2,85315,0,0.4219739886589113
depression,RBF SVM,2,85324,0,0.3950623663556029
depression,RBF SVM,2,85337,0,0.1727424430819827
depression,RBF SVM,2,85345,0,0.225532485570428
depression,RBF SVM,2,85354,0,0.23764236397555003
depression,RBF SVM,2,85361,0,0.23879702709104816
depression,RBF SVM,2,85369,0,0.25854537216904433
depression,RBF SVM,2,85377,0,0.36798627041649834
depression,RBF SVM,2,85390,0,0.6805124153314086
depression,RBF SVM,2,85395,0,0.341963651054873
depression,RBF SVM,2,85401,0,0.695475969447742
depression,RBF SVM,2,85409,0,0.3285111210874077
depression,RBF SVM,2,85423,1,0.7176763280753622
depression,RBF SVM,2,85431,1,0.41828898457825486
depression,RBF SVM,2,85442,0,0.26874671898814123
depression,RBF SVM,2,85450,0,0.27468408600870126
depression,RBF SVM,2,85457,0,0.24599389922253087
depression,RBF SVM,2,85471,0,0.4759706907043489
depression,RBF SVM,2,85484,0,0.2375297810791817
depression,RBF SVM,2,85491,0,0.7206039469813971
depression,RBF SVM,2,85501,0,0.5551635734479424
depression,RBF SVM,2,85515,0,0.37455132502140576
depression,RBF SVM,2,85523,0,0.24316425658181504
depression,RBF SVM,2,85530,0,0.30428383906643147
depression,RBF SVM,2,85538,1,0.7980908516179289
depression,RBF SVM,2,85548,0,0.21449671666989498
depression,RBF SVM,2,85555,0,0.3413733128696034
depression,RBF SVM,2,85573,0,0.2671445851711622
depression,RBF SVM,2,85584,0,0.24691617486301898
depression,RBF SVM,2,85589,0,0.37983622910150516
depression,RBF SVM,2,85601,0,0.7128579734592869
depression,RBF SVM,2,85621,0,0.7557260467232222
depression,RBF SVM,2,85624,0,0.29748585947402983
depression,RBF SVM,2,85632,0,0.23723906073910062
depression,RBF SVM,2,85647,0,0.2215446289059785
depression,RBF SVM,2,85656,0,0.3584895795254022
depression,RBF SVM,2,85663,0,0.7744426775891381
depression,RBF SVM,2,85670,0,0.3588712710589818
depression,RBF SVM,2,85679,0,0.2017802816822433
depression,RBF SVM,2,85692,0,0.41697154281533366
depression,RBF SVM,2,85700,0,0.26024058750443796
depression,RBF SVM,2,85711,0,0.4729945351146214
depression,RBF SVM,2,85724,0,0.22759506107078958
depression,RBF SVM,2,85730,0,0.4028496426321472
depression,RBF SVM,2,85738,0,0.7314660027780875
depression,RBF SVM,2,85746,0,0.3831694512523892
depression,RBF SVM,2,85757,0,0.23904984601717466
depression,RBF SVM,2,85774,0,0.7815038916709324
depression,RBF SVM,2,85779,0,0.5804651443889849
depression,RBF SVM,2,85786,0,0.26934224149894226
depression,RBF SVM,2,85792,0,0.5595373210591881
depression,RBF SVM,2,85807,0,0.7906632745455044
depression,RBF SVM,2,85814,0,0.41329417290393583
depression,RBF SVM,2,85823,0,0.3252790228960874
depression,RBF SVM,2,85831,0,0.3861413425225402
depression,RBF SVM,2,85836,0,0.2351064387544816
depression,RBF SVM,2,85849,0,0.3445801676908142
depression,RBF SVM,2,85856,0,0.26853610108581666
depression,RBF SVM,2,85864,0,0.2702994673596669
depression,RBF SVM,2,85872,0,0.389839151565949
depression,RBF SVM,2,85884,0,0.1381675143211925
depression,RBF SVM,2,85899,0,0.3869872231998926
depression,RBF SVM,2,85905,0,0.2271614575741543
depression,RBF SVM,2,85920,0,0.2862621762685786
depression,RBF SVM,2,85931,0,0.6297156006586775
depression,RBF SVM,2,85942,0,0.42413884670620156
depression,RBF SVM,2,85948,1,0.7614262077369001
depression,RBF SVM,2,85951,0,0.2843633958438337
depression,RBF SVM,2,85961,0,0.43150969718800336
depression,RBF SVM,2,85967,0,0.28029240854177684
depression,RBF SVM,2,85978,0,0.2521568286078469
depression,RBF SVM,2,85990,0,0.26807382845131134
depression,RBF SVM,2,85996,0,0.282675476744296
depression,RBF SVM,2,86009,0,0.5933638157660382
depression,RBF SVM,2,86017,0,0.40195122820250057
depression,RBF SVM,2,86027,0,0.39740491928096716
depression,RBF SVM,2,86033,1,0.44741685440106194
depression,RBF SVM,2,86039,0,0.1721136395928884
depression,RBF SVM,2,86050,0,0.3928792611079261
depression,RBF SVM,2,86056,0,0.589199625477881
depression,RBF SVM,2,86058,0,0.5028131714288335
depression,RBF SVM,2,86067,0,0.6640543773283413
depression,RBF SVM,2,86070,0,0.7156941829426643
depression,RBF SVM,2,86083,0,0.4635683270815865
depression,RBF SVM,2,86091,0,0.6122111052271794
depression,RBF SVM,2,86097,0,0.6357219755378796
depression,RBF SVM,2,86105,0,0.4373701048916512
depression,RBF SVM,2,86123,0,0.2689149062534187
depression,RBF SVM,2,86137,0,0.3129307744352004
depression,RBF SVM,2,86150,0,0.32061435270454586
depression,RBF SVM,2,86157,0,0.22644395201438472
depression,RBF SVM,2,86165,0,0.7359094658471098
depression,RBF SVM,2,86175,0,0.24480869210097742
depression,RBF SVM,2,86182,0,0.22475346867021234
depression,RBF SVM,2,86185,0,0.3012360422586903
depression,RBF SVM,2,86194,0,0.37446650288975786
depression,RBF SVM,2,86203,0,0.20261334459284486
depression,RBF SVM,2,86214,1,0.707799412198353
depression,RBF SVM,2,86220,0,0.5049901013293726
depression,RBF SVM,2,86227,1,0.4671424255477061
depression,RBF SVM,2,86239,1,0.8110649769802291
depression,RBF SVM,2,86246,0,0.20371576361857063
depression,RBF SVM,2,86259,0,0.3766029371898065
depression,RBF SVM,2,86268,0,0.8103255661644176
depression,RBF SVM,2,86277,1,0.4784134408967447
depression,RBF SVM,2,86284,0,0.43072124381852883
depression,RBF SVM,2,86293,0,0.3782103488018021
depression,RBF SVM,2,86300,0,0.11886908507713427
depression,RBF SVM,2,86318,0,0.45594832094079074
depression,RBF SVM,2,86325,0,0.6452847068649624
depression,RBF SVM,2,86333,0,0.2803620593645021
depression,RBF SVM,2,86342,0,0.63802497505983
depression,RBF SVM,2,86351,1,0.3147274743157046
depression,RBF SVM,2,86358,0,0.6727103833245669
depression,RBF SVM,2,86365,0,0.6349878588549333
depression,RBF SVM,2,86377,0,0.32190820156312777
depression,RBF SVM,2,86394,0,0.4060059691589483
depression,RBF SVM,2,86401,0,0.32486827441041405
depression,RBF SVM,2,86413,0,0.2623071797444929
depression,RBF SVM,2,86424,0,0.27640118895915144
depression,RBF SVM,2,86435,0,0.6140870078338341
depression,RBF SVM,2,86445,0,0.25269488457999395
depression,RBF SVM,2,86454,0,0.41785855284473206
depression,RBF SVM,2,86468,0,0.23365543542397985
depression,RBF SVM,2,86479,0,0.2663162951901737
depression,RBF SVM,2,86487,0,0.3136752089587133
depression,RBF SVM,2,86495,0,0.19142640428205585
depression,RBF SVM,2,86507,0,0.2634327754614862
depression,RBF SVM,2,86516,0,0.242456416734308
depression,RBF SVM,2,86520,0,0.2711936041426048
depression,RBF SVM,2,86526,0,0.40847659200320613
depression,RBF SVM,2,86537,0,0.5394435557058661
depression,RBF SVM,2,86548,1,0.6165648385798542
depression,RBF SVM,2,86557,0,0.5745742649421393
depression,RBF SVM,2,86566,0,0.4097292219954316
depression,RBF SVM,2,86572,0,0.5340153612876146
depression,RBF SVM,2,86580,0,0.5207353657209897
depression,RBF SVM,2,86590,0,0.341955835133039
depression,RBF SVM,2,86599,0,0.45008526686252714
depression,RBF SVM,2,86609,0,0.748334245423016
depression,RBF SVM,2,86618,0,0.4920315329320571
depression,RBF SVM,2,86627,0,0.5587066014876686
depression,RBF SVM,2,86638,0,0.33805749687472053
depression,RBF SVM,2,86645,0,0.43261353259214813
depression,RBF SVM,2,86657,0,0.24839700313378316
depression,RBF SVM,2,86664,0,0.2742685891672016
depression,RBF SVM,2,86674,0,0.2710635191586825
depression,RBF SVM,2,86681,0,0.4867149757788906
depression,RBF SVM,2,86696,1,0.738353326899646
depression,RBF SVM,2,86705,1,0.6783782545317377
depression,RBF SVM,2,86713,0,0.36290888494637275
depression,RBF SVM,2,86728,0,0.7250694872805244
depression,RBF SVM,2,86736,0,0.2759181161628153
depression,RBF SVM,2,86744,1,0.6463186335408854
depression,RBF SVM,2,86752,0,0.7387117477889119
depression,RBF SVM,2,86761,0,0.3173491318405197
depression,RBF SVM,2,86773,1,0.6849401536379879
depression,RBF SVM,2,86776,0,0.6105090385736983
depression,RBF SVM,2,86790,0,0.285028988552158
depression,RBF SVM,2,86801,0,0.6055119890745752
depression,RBF SVM,2,86812,0,0.4481769777862884
depression,RBF SVM,2,86817,0,0.38604968122400024
depression,RBF SVM,2,86830,0,0.7784419389469277
depression,RBF SVM,2,86838,0,0.2623071797444929
depression,RBF SVM,2,86858,0,0.24917752130613902
depression,RBF SVM,2,86870,0,0.7071904735870923
depression,RBF SVM,2,86878,0,0.33372044878754475
depression,RBF SVM,2,86889,0,0.8358265292989994
depression,RBF SVM,2,86898,0,0.6107700567908183
depression,RBF SVM,2,86909,0,0.18025630569152767
depression,RBF SVM,2,86925,0,0.5502471362408152
depression,RBF SVM,2,86939,0,0.5150264842982741
depression,RBF SVM,2,86952,0,0.49588999445153636
depression,RBF SVM,2,86960,0,0.6741696176715058
depression,RBF SVM,2,86970,0,0.41810769319330776
depression,RBF SVM,2,86977,0,0.718767373752505
depression,RBF SVM,2,86985,0,0.5692038600977983
depression,RBF SVM,2,86992,0,0.27733658068911343
depression,RBF SVM,2,87000,0,0.24965172134813574
depression,RBF SVM,2,87008,0,0.22236259647883092
depression,RBF SVM,2,87021,1,0.47665699909620013
depression,RBF SVM,2,87032,0,0.26886874221668566
depression,RBF SVM,2,87050,0,0.7802882050873499
depression,RBF SVM,2,87056,0,0.35146216272522335
depression,RBF SVM,2,87067,0,0.6491238297562133
depression,RBF SVM,2,87079,0,0.4501512310659402
depression,RBF SVM,2,87088,0,0.5892506810110423
depression,RBF SVM,2,87099,0,0.4138587421543801
depression,RBF SVM,2,87113,0,0.43612497436695324
depression,RBF SVM,2,87123,1,0.32738750318913834
depression,RBF SVM,2,87130,0,0.751230915814491
depression,RBF SVM,2,87141,0,0.2543416063283767
depression,RBF SVM,2,87154,0,0.36532782765307603
depression,RBF SVM,2,87159,0,0.653033153329157
depression,RBF SVM,2,87165,0,0.15709879578850197
depression,RBF SVM,2,87170,0,0.6358492469793567
depression,RBF SVM,2,87177,0,0.2665398167828552
depression,RBF SVM,2,87187,0,0.23593480786925713
depression,RBF SVM,2,87197,0,0.2869320962101547
depression,RBF SVM,2,87202,0,0.2914359108305117
depression,RBF SVM,2,87215,0,0.26486555063561906
depression,RBF SVM,2,87223,0,0.6911188711115277
depression,RBF SVM,2,87231,0,0.3383877215131071
depression,RBF SVM,2,87241,0,0.4426831598669538
depression,RBF SVM,2,87246,0,0.2450704433805343
depression,RBF SVM,2,87251,1,0.512879583789544
depression,RBF SVM,2,87260,1,0.3800743920398918
depression,RBF SVM,2,87268,0,0.29790795534541853
depression,RBF SVM,2,87277,0,0.6961385917434074
depression,RBF SVM,2,87288,0,0.3045918928397388
depression,RBF SVM,2,87294,0,0.18398748509566548
depression,RBF SVM,2,87303,0,0.41912037057220536
depression,RBF SVM,2,87314,0,0.3322295715670475
depression,RBF SVM,2,87321,0,0.6004542933397848
depression,RBF SVM,2,87330,1,0.7831893502443474
depression,RBF SVM,2,87343,0,0.618481068914668
depression,RBF SVM,2,87351,1,0.6866889750674062
depression,RBF SVM,2,87362,0,0.23814011229519916
depression,RBF SVM,2,87373,0,0.25533286655703513
depression,RBF SVM,2,87384,0,0.47444377683726974
depression,RBF SVM,2,87393,0,0.2613774101562479
depression,RBF SVM,2,87415,0,0.3461698622640279
depression,RBF SVM,2,87423,0,0.7896718888736146
depression,RBF SVM,2,87429,0,0.681831257461433
depression,RBF SVM,2,87437,0,0.26877631796895923
depression,RBF SVM,2,87448,0,0.6966514564330084
depression,RBF SVM,2,87461,0,0.424329656583932
depression,RBF SVM,2,87470,0,0.6251493085951375
depression,RBF SVM,2,87480,0,0.34827470024594087
depression,RBF SVM,2,87487,0,0.640112390557146
depression,RBF SVM,2,87496,0,0.462171656124939
depression,RBF SVM,2,87505,0,0.29085633099197067
depression,RBF SVM,2,87511,0,0.24277933457212444
depression,RBF SVM,2,87515,0,0.7816929305303786
depression,RBF SVM,2,87529,0,0.30360989346337103
depression,RBF SVM,2,87539,0,0.5904111984447685
depression,RBF SVM,2,87555,0,0.623467576242116
depression,RBF SVM,2,87560,0,0.2676541731255841
depression,RBF SVM,2,87573,0,0.3011140421992073
depression,RBF SVM,2,87585,0,0.6622176948689988
depression,RBF SVM,2,87593,0,0.19900543057227074
depression,RBF SVM,2,87601,0,0.32251609922803304
depression,RBF SVM,2,87608,0,0.2618162158631789
depression,RBF SVM,2,87630,1,0.6009083941734301
depression,RBF SVM,2,87645,0,0.7150661072635582
depression,RBF SVM,2,87663,0,0.25300842565866494
depression,RBF SVM,2,87672,0,0.6185272170823255
depression,RBF SVM,2,87688,0,0.4060472327496366
depression,RBF SVM,2,87697,1,0.2546509133971304
depression,RBF SVM,2,87711,0,0.21471164489078573
depression,RBF SVM,2,87727,1,0.7494870167298291
depression,RBF SVM,2,87740,0,0.3271721188071068
depression,RBF SVM,2,87750,0,0.4414348578486096
depression,RBF SVM,2,87761,0,0.40653082312148686
depression,RBF SVM,2,87773,0,0.23506735836482556
depression,RBF SVM,2,87778,0,0.684799213375634
depression,RBF SVM,2,87790,0,0.2463867632434716
depression,RBF SVM,2,87799,1,0.29269271245483797
depression,RBF SVM,2,87805,0,0.2695816707111904
depression,RBF SVM,2,87814,0,0.687983887144933
depression,RBF SVM,2,87824,0,0.5959019768653946
depression,RBF SVM,2,87840,0,0.22759506107078958
depression,RBF SVM,2,87849,0,0.3674647362073264
depression,RBF SVM,2,87856,1,0.1933251770516425
depression,RBF SVM,2,87871,0,0.6262751583667828
depression,RBF SVM,2,87882,0,0.35643085820274767
depression,RBF SVM,2,87886,0,0.46646942911345696
depression,RBF SVM,2,87898,0,0.25633241444703286
depression,RBF SVM,2,87909,0,0.175239953568813
depression,RBF SVM,2,87919,0,0.1827178276174878
depression,RBF SVM,2,87937,0,0.2781637559609367
depression,RBF SVM,2,87943,0,0.6710620651397338
depression,RBF SVM,2,87953,0,0.706112892792879
depression,RBF SVM,2,87965,0,0.267658816180734
depression,RBF SVM,2,87975,1,0.33957738109333063
depression,RBF SVM,2,87985,0,0.2799806011540687
depression,RBF SVM,2,87995,0,0.7603324294272333
depression,RBF SVM,2,88001,0,0.19915376333230655
depression,RBF SVM,2,88011,0,0.26297562746798625
depression,RBF SVM,2,88022,0,0.23372087472479455
depression,RBF SVM,2,88031,1,0.3780089038889893
depression,RBF SVM,2,88046,0,0.38799362555098377
depression,RBF SVM,2,88051,0,0.2606075393534448
depression,RBF SVM,2,88069,0,0.7363050111274714
depression,RBF SVM,2,88075,0,0.627276882554228
depression,RBF SVM,2,88086,0,0.45186847107917755
depression,RBF SVM,2,88094,0,0.7172332683068007
depression,RBF SVM,2,88102,1,0.2950541654341151
depression,RBF SVM,2,88112,1,0.6154500483038507
depression,RBF SVM,2,88120,0,0.6210186289713556
depression,RBF SVM,2,88131,0,0.4709294295423347
depression,RBF SVM,2,88138,0,0.3269902081461389
depression,RBF SVM,2,88149,0,0.24470336800418013
depression,RBF SVM,2,88157,0,0.23973323352071033
depression,RBF SVM,2,88167,0,0.785776625862978
depression,RBF SVM,2,88173,1,0.7807245503255077
depression,RBF SVM,2,88182,0,0.6574302619437771
depression,RBF SVM,2,88192,0,0.5374991293409006
depression,RBF SVM,2,88200,0,0.4973958614573512
depression,RBF SVM,2,88210,0,0.26973053065451347
depression,RBF SVM,2,88217,0,0.27928914600036747
depression,RBF SVM,2,88229,0,0.3495501970637058
depression,RBF SVM,2,88234,0,0.6858618751361213
depression,RBF SVM,2,88244,0,0.2665592283634502
depression,RBF SVM,2,88257,0,0.4556999959499594
depression,RBF SVM,2,88264,0,0.441478535534488
depression,RBF SVM,2,88285,0,0.1648540751150921
depression,RBF SVM,2,88293,0,0.26013883211594485
depression,RBF SVM,2,88303,0,0.26078097632979025
depression,RBF SVM,2,88309,0,0.3058645918929361
depression,RBF SVM,2,88319,0,0.26721054994573035
depression,RBF SVM,2,88330,0,0.7713766117249541
depression,RBF SVM,2,88334,0,0.44832523031664
depression,RBF SVM,2,88346,0,0.2578435508142625
depression,RBF SVM,2,88352,0,0.26739227872497795
depression,RBF SVM,2,88365,1,0.5918079106326769
depression,RBF SVM,2,88376,0,0.1721136395928884
depression,RBF SVM,2,88388,1,0.28030757363268227
depression,RBF SVM,2,88398,0,0.5391101903765125
depression,RBF SVM,2,88406,0,0.23182266424349687
depression,RBF SVM,2,88417,0,0.18764829310335165
depression,RBF SVM,2,88428,0,0.6843110450628676
depression,RBF SVM,2,88434,0,0.22991723005673914
depression,RBF SVM,2,88448,0,0.44918176308061786
depression,RBF SVM,2,88459,0,0.254826548515799
depression,RBF SVM,2,88462,0,0.6294953246418046
depression,RBF SVM,2,88476,0,0.38672370040514403
depression,RBF SVM,2,88485,0,0.18709099422578193
depression,RBF SVM,2,88501,0,0.3884646140126203
depression,RBF SVM,2,88515,0,0.21342890607968948
depression,RBF SVM,2,88527,0,0.5809966645215364
depression,RBF SVM,2,88536,0,0.5970370747684859
depression,RBF SVM,2,88542,0,0.2781678001764678
depression,RBF SVM,2,88549,0,0.3564155464177387
depression,RBF SVM,2,88565,0,0.7456438107021611
depression,RBF SVM,2,88575,0,0.24890514271469022
depression,RBF SVM,2,88588,0,0.801953465194455
depression,RBF SVM,2,88600,0,0.24543284069611307
depression,RBF SVM,2,88607,0,0.5648076457015061
depression,RBF SVM,2,88613,0,0.5683675982924346
depression,RBF SVM,2,88625,0,0.29833526794581067
depression,RBF SVM,2,88628,0,0.6119409985728865
depression,RBF SVM,2,88637,0,0.2653159356323647
depression,RBF SVM,2,88647,0,0.23069603792856003
depression,RBF SVM,2,88653,0,0.1910612144925568
depression,RBF SVM,2,88661,0,0.2657076219604516
depression,RBF SVM,2,88674,0,0.7823641131719778
depression,RBF SVM,2,88682,0,0.2791474907584486
depression,RBF SVM,2,88692,0,0.27304572410286765
depression,RBF SVM,2,88702,0,0.681287012315459
depression,RBF SVM,2,88708,0,0.31328093024805626
depression,RBF SVM,2,88723,0,0.1882871723446894
depression,RBF SVM,2,88729,1,0.584527052673452
depression,RBF SVM,2,88740,0,0.26781963866613684
depression,RBF SVM,2,88748,0,0.2998825263526962
depression,RBF SVM,2,88759,0,0.39731736494074815
depression,RBF SVM,2,88770,0,0.2664524574999121
depression,RBF SVM,2,88775,0,0.6477280809206506
depression,RBF SVM,2,88791,1,0.25968038302165597
depression,RBF SVM,2,88799,1,0.6204102544428234
depression,RBF SVM,2,88809,0,0.26521028128592294
depression,RBF SVM,2,88818,0,0.6381733951302422
depression,RBF SVM,2,88833,0,0.3456375726367942
depression,RBF SVM,2,88841,0,0.21449671666989498
depression,RBF SVM,2,88854,0,0.17799804263308924
depression,RBF SVM,2,88857,0,0.24880450940081805
depression,RBF SVM,2,88867,0,0.34543784801549243
depression,RBF SVM,2,88875,1,0.7532286491159065
depression,RBF SVM,2,88881,0,0.20271386371567873
depression,RBF SVM,2,88891,1,0.3857520220277735
depression,RBF SVM,2,88895,1,0.7419303783897948
depression,RBF SVM,2,88903,0,0.33483134442904255
depression,RBF SVM,2,88912,0,0.5943145994513042
depression,RBF SVM,2,88919,0,0.6097191001058978
depression,RBF SVM,2,88926,0,0.26486555063561906
depression,RBF SVM,2,88940,0,0.22525222692715346
depression,RBF SVM,2,88947,0,0.7971313952992612
depression,RBF SVM,2,88964,0,0.5420587226161268
depression,RBF SVM,2,88976,0,0.4029879115531677
depression,RBF SVM,2,88986,1,0.4010025391785689
depression,RBF SVM,2,89005,0,0.3846471869569165
depression,RBF SVM,2,89013,0,0.32983083811331626
depression,RBF SVM,2,89022,0,0.636213205381378
depression,RBF SVM,2,89034,1,0.5507437279379465
depression,RBF SVM,2,89041,0,0.6638728649263679
depression,RBF SVM,2,89045,0,0.5896141998843724
depression,RBF SVM,2,89064,0,0.690136909992284
depression,RBF SVM,2,89072,0,0.20009749436535545
depression,RBF SVM,2,89083,0,0.5570106773071039
depression,RBF SVM,2,89093,0,0.7628862320211173
depression,RBF SVM,2,89102,0,0.7786997782129852
depression,RBF SVM,2,89108,0,0.25602792624821397
depression,RBF SVM,2,89120,0,0.6608430525817105
depression,RBF SVM,2,89127,0,0.4546352826897449
depression,RBF SVM,2,89134,0,0.3473237171733449
depression,RBF SVM,2,89152,0,0.47042461183643103
depression,RBF SVM,2,89159,0,0.27340697539346354
depression,RBF SVM,2,89167,0,0.2564004944794214
depression,RBF SVM,2,89174,0,0.26968331628115155
depression,RBF SVM,2,89182,0,0.19121333782701402
depression,RBF SVM,2,89188,0,0.6188433379472366
depression,RBF SVM,2,89201,0,0.3351600985613241
depression,RBF SVM,2,89215,0,0.6862602016259628
depression,RBF SVM,2,89232,0,0.580800742354035
depression,RBF SVM,2,89243,0,0.2586308265201548
depression,RBF SVM,2,89255,0,0.7074793898593875
depression,RBF SVM,2,89264,0,0.22861990430816417
depression,RBF SVM,2,89266,1,0.2792145303787059
depression,RBF SVM,2,89276,0,0.3892567160476154
depression,RBF SVM,2,89288,0,0.40807503981219084
depression,RBF SVM,2,89297,0,0.2658060521213511
depression,RBF SVM,2,89304,0,0.2977780396263748
depression,RBF SVM,2,89314,0,0.6226181481658384
depression,RBF SVM,2,89321,0,0.1848274528389716
depression,RBF SVM,2,89331,0,0.31443608456233685
depression,RBF SVM,2,89340,0,0.4343184060874172
depression,RBF SVM,2,89351,0,0.7500591080853403
depression,RBF SVM,2,89358,0,0.3141643191923989
depression,RBF SVM,2,89370,0,0.2515211214763355
depression,RBF SVM,2,89383,0,0.2963563750449495
depression,RBF SVM,2,89390,1,0.8253222886231244
depression,RBF SVM,2,89402,0,0.6713662322325092
depression,RBF SVM,2,89412,0,0.518676699540964
depression,RBF SVM,2,89425,0,0.27623152961399544
depression,RBF SVM,2,89437,0,0.28282968863097674
depression,RBF SVM,2,89444,0,0.4458213653526304
depression,RBF SVM,2,89457,0,0.2775775259938655
depression,RBF SVM,2,89471,0,0.3450557384033239
depression,RBF SVM,2,89476,0,0.39794285722405787
depression,RBF SVM,2,89490,0,0.24657952830965493
depression,RBF SVM,2,89497,0,0.46148040623784786
depression,RBF SVM,2,89508,0,0.6901101960696848
depression,RBF SVM,2,89524,0,0.5435969664621002
depression,RBF SVM,2,89538,1,0.5214593527645103
depression,RBF SVM,2,89546,0,0.26082780936016486
depression,RBF SVM,2,89552,0,0.46105771770709875
depression,RBF SVM,2,89563,0,0.6941689685558886
depression,RBF SVM,2,89572,1,0.4145883724049217
depression,RBF SVM,2,89576,0,0.23503290335410015
depression,RBF SVM,2,89582,0,0.2664524574999121
depression,RBF SVM,2,89587,0,0.4569392658044514
depression,RBF SVM,2,89597,0,0.3850569558942992
depression,RBF SVM,2,89606,0,0.42974396349805627
depression,RBF SVM,2,89611,0,0.6284393236337007
depression,RBF SVM,2,89618,0,0.216336634548415
depression,RBF SVM,2,89628,0,0.21602452954645032
depression,RBF SVM,2,89637,1,0.3785037842299093
depression,RBF SVM,2,89644,0,0.4718745085533456
depression,RBF SVM,2,89649,0,0.28335890103739214
depression,RBF SVM,2,89655,0,0.5226747042169243
depression,RBF SVM,2,89669,0,0.33863958356432666
depression,RBF SVM,2,89676,0,0.18164990885928203
depression,RBF SVM,2,89685,0,0.35617520731355845
depression,RBF SVM,2,89698,0,0.4679620915519659
depression,RBF SVM,2,89704,0,0.7676766549125287
depression,RBF SVM,2,89710,0,0.8006302937976733
depression,RBF SVM,2,89720,0,0.26282194230094263
depression,RBF SVM,2,89726,0,0.18089480852071196
depression,RBF SVM,2,89733,0,0.26888070563397765
depression,RBF SVM,2,89742,0,0.7618288678504234
depression,RBF SVM,2,89755,0,0.6397805169076894
depression,RBF SVM,2,89771,0,0.6600198078137414
depression,RBF SVM,2,89780,0,0.7751799889500532
depression,RBF SVM,2,89790,0,0.6837827889188671
depression,RBF SVM,2,89795,0,0.6795006479155509
depression,RBF SVM,2,89803,0,0.3571366417579118
depression,RBF SVM,2,89810,0,0.7379394212509233
depression,RBF SVM,2,89822,0,0.26010336399719686
depression,RBF SVM,2,89831,0,0.36681066895006575
depression,RBF SVM,2,89841,0,0.4048294269969694
depression,RBF SVM,2,89848,0,0.2240757384734215
depression,RBF SVM,2,89854,0,0.5513380917085144
depression,RBF SVM,2,89868,0,0.26648326920176074
depression,RBF SVM,2,89889,0,0.3858273290093721
depression,RBF SVM,2,89898,0,0.2705181283741914
depression,RBF SVM,2,89907,0,0.5200362275406225
depression,RBF SVM,2,89911,0,0.24346096507654685
depression,RBF SVM,2,89929,0,0.5879945770996622
depression,RBF SVM,2,89942,0,0.3758194610722718
depression,RBF SVM,2,89948,0,0.3352464808284608
depression,RBF SVM,2,89959,0,0.35673543210401004
depression,RBF SVM,2,89966,0,0.4462022556036837
depression,RBF SVM,2,89976,0,0.2890194446474504
depression,RBF SVM,2,89984,0,0.4925960936840711
depression,RBF SVM,2,89994,0,0.6654521237861241
depression,RBF SVM,2,90005,0,0.3848232457471357
depression,RBF SVM,2,90011,0,0.19438636485393293
depression,RBF SVM,2,90020,0,0.7714685207941299
depression,RBF SVM,2,90031,0,0.19220170897507616
depression,RBF SVM,2,90046,1,0.7045201240790385
depression,RBF SVM,2,90052,0,0.5520477290331322
depression,RBF SVM,2,90059,0,0.3930050362589136
depression,RBF SVM,2,90066,0,0.2652875131699243
depression,RBF SVM,2,90074,1,0.42200958226625235
depression,RBF SVM,2,90081,0,0.5753190419251645
depression,RBF SVM,2,90090,0,0.2692027168857638
depression,RBF SVM,2,90098,0,0.5336476131347524
depression,RBF SVM,2,90108,0,0.22385553841609415
depression,RBF SVM,2,90117,0,0.512032867622814
depression,RBF SVM,2,90124,0,0.2884157453692232
depression,RBF SVM,2,90139,0,0.28039478963724246
depression,RBF SVM,2,90146,1,0.8051010949060377
depression,RBF SVM,2,90154,0,0.26387189688662055
depression,RBF SVM,2,90164,0,0.6090904764062978
depression,RBF SVM,2,90181,0,0.3919217321564854
depression,RBF SVM,2,90186,0,0.3924747191182442
depression,RBF SVM,2,90194,0,0.43905236693497074
depression,RBF SVM,2,90206,0,0.2540728595863849
depression,RBF SVM,2,90229,0,0.21475627755980445
depression,RBF SVM,2,90242,0,0.6280106131444798
depression,RBF SVM,2,90248,0,0.5363146659478101
depression,RBF SVM,2,90256,0,0.25857856106116206
depression,RBF SVM,2,90266,1,0.4366628371350114
depression,RBF SVM,2,90279,0,0.2984584704053727
depression,RBF SVM,2,90285,0,0.600123922985739
depression,RBF SVM,2,90297,1,0.6405275803570631
depression,RBF SVM,2,90304,0,0.22436513033759994
depression,RBF SVM,2,90318,0,0.5850372639299574
depression,RBF SVM,2,90323,0,0.5264877022712967
depression,RBF SVM,2,90329,1,0.7638224323387323
depression,RBF SVM,2,90340,1,0.5916831684169986
depression,RBF SVM,2,90350,1,0.5848582970776741
depression,RBF SVM,2,90357,0,0.15242713263160146
depression,RBF SVM,2,90366,0,0.7446283775120871
depression,RBF SVM,2,90377,0,0.3681459434200147
depression,RBF SVM,2,90386,0,0.35487622924462897
depression,RBF SVM,2,90396,0,0.2676932167390357
depression,RBF SVM,2,90403,1,0.5343327716396643
depression,RBF SVM,2,90417,0,0.7947249078845516
depression,RBF SVM,2,90432,0,0.18730379201327893
depression,RBF SVM,2,90441,0,0.2687816771933193
depression,RBF SVM,2,90455,0,0.2686488423497135
depression,RBF SVM,2,90464,0,0.3188041303251979
depression,RBF SVM,2,90473,0,0.4351438160417814
depression,RBF SVM,2,90486,0,0.39849084625195674
depression,RBF SVM,2,90498,0,0.2180317267842603
depression,RBF SVM,2,90506,0,0.1798486540072919
depression,RBF SVM,2,90515,0,0.5239664362082892
depression,RBF SVM,2,90521,0,0.2991816153810067
depression,RBF SVM,2,90528,0,0.6608214595299301
depression,RBF SVM,2,90534,0,0.27082062368030924
depression,RBF SVM,2,90544,0,0.40795135133998617
depression,RBF SVM,2,90556,0,0.5432735490940832
depression,RBF SVM,2,90569,0,0.6369615262655859
depression,RBF SVM,2,90581,0,0.2599803084775219
depression,RBF SVM,2,90588,0,0.41616234518127093
depression,RBF SVM,2,90597,0,0.4323437632241937
depression,RBF SVM,2,90608,0,0.266006787935986
depression,RBF SVM,2,90614,0,0.7248185680779765
depression,RBF SVM,2,90625,0,0.19632442034080058
depression,RBF SVM,2,90634,0,0.3952993841133151
depression,RBF SVM,2,90644,0,0.4421685929767214
depression,RBF SVM,2,90651,0,0.340456757053775
depression,RBF SVM,2,90656,0,0.2537997922402277
depression,RBF SVM,2,90659,0,0.6500387936045362
depression,RBF SVM,2,90666,0,0.25651205030999447
depression,RBF SVM,2,90672,0,0.47094320683478325
depression,RBF SVM,2,90679,0,0.1633297190540062
depression,RBF SVM,2,90689,0,0.5359739264774176
depression,RBF SVM,2,90698,0,0.556757557609027
depression,RBF SVM,2,90710,0,0.3464619466873547
depression,RBF SVM,2,90719,0,0.46893395685536227
depression,RBF SVM,2,90732,0,0.5821778114079117
depression,RBF SVM,2,90745,1,0.42421104474328464
depression,RBF SVM,2,90758,0,0.7187078291175752
depression,RBF SVM,2,90771,0,0.24324050867884528
depression,RBF SVM,2,90786,0,0.4011296200764601
depression,RBF SVM,2,90797,0,0.6671212602578356
depression,RBF SVM,2,90808,0,0.6590033660963246
depression,RBF SVM,2,90815,0,0.26872132562105533
depression,RBF SVM,2,90825,0,0.2458810404859609
depression,RBF SVM,2,90837,0,0.777072653152482
depression,RBF SVM,2,90847,0,0.21713033163538106
depression,RBF SVM,2,90854,0,0.7593165281517141
depression,RBF SVM,2,90865,0,0.49474621062856977
depression,RBF SVM,2,90875,0,0.47408527608191975
depression,RBF SVM,2,90887,0,0.6791123269604705
depression,RBF SVM,2,90894,0,0.2661250545804581
depression,RBF SVM,2,90904,0,0.6358754273193665
depression,RBF SVM,2,90913,0,0.2900835555253183
depression,RBF SVM,2,90922,0,0.2319252310695701
depression,RBF SVM,2,90927,0,0.3099259791686378
depression,RBF SVM,2,90934,0,0.5357730414843986
depression,RBF SVM,2,90943,0,0.25558357266320114
depression,RBF SVM,2,90955,0,0.2797609544498639
depression,RBF SVM,2,90963,0,0.36605423726242475
depression,RBF SVM,2,90972,0,0.24209536496498527
depression,RBF SVM,2,90981,0,0.7492803202388534
depression,RBF SVM,2,90991,0,0.13571485134973515
depression,RBF SVM,2,90999,0,0.6814618621127684
depression,RBF SVM,2,91010,0,0.7565340397993564
depression,RBF SVM,2,91020,0,0.23617157297013314
depression,RBF SVM,2,91026,0,0.2584431229358768
depression,RBF SVM,2,91040,0,0.078425758718108
depression,RBF SVM,2,91048,0,0.5698123239499185
depression,RBF SVM,2,91056,0,0.4861315571260095
depression,RBF SVM,2,91066,0,0.27771638475682314
depression,RBF SVM,2,91078,0,0.7453283611539733
depression,RBF SVM,2,91091,0,0.6004457462417792
depression,RBF SVM,2,91100,0,0.1485359160911199
depression,RBF SVM,2,91112,0,0.32185586595476245
depression,RBF SVM,2,91127,0,0.7270832631318634
depression,RBF SVM,2,91137,0,0.7295385080648599
depression,RBF SVM,2,91144,0,0.7414748774730077
depression,RBF SVM,2,91156,0,0.26269931889976555
depression,RBF SVM,2,91165,0,0.44791809761417156
depression,RBF SVM,2,91174,0,0.3623610714379012
depression,RBF SVM,2,91184,0,0.2506006884421673
depression,RBF SVM,2,91196,0,0.6030841498789351
depression,RBF SVM,2,91213,0,0.2934838846142893
depression,RBF SVM,2,91222,0,0.2775775259938655
depression,RBF SVM,2,91234,0,0.7381720878929173
depression,RBF SVM,2,91249,0,0.2659727400526256
depression,RBF SVM,2,91259,0,0.4746432755654003
depression,RBF SVM,2,91272,0,0.14527533844009108
depression,RBF SVM,2,91278,0,0.6805316634574308
depression,RBF SVM,2,91290,0,0.4981222429545284
depression,RBF SVM,2,91302,0,0.2822252010856198
depression,RBF SVM,2,91313,0,0.7098898474737535
depression,RBF SVM,2,91323,0,0.39419291402766105
depression,RBF SVM,2,91329,0,0.4760444121905024
depression,RBF SVM,2,91338,0,0.7519478360175696
depression,RBF SVM,2,91345,0,0.25992933125537737
depression,RBF SVM,2,91354,0,0.23182085416759737
depression,RBF SVM,2,91360,0,0.23156823772972268
depression,RBF SVM,2,91366,0,0.6805052783803485
depression,RBF SVM,2,91377,1,0.5083101805660382
depression,RBF SVM,2,91392,0,0.6904385937838596
depression,RBF SVM,2,91400,1,0.39189589495647514
depression,RBF SVM,2,91414,0,0.19604845105613355
depression,RBF SVM,2,91423,0,0.318873715842246
depression,RBF SVM,2,91433,0,0.754691528646763
depression,RBF SVM,2,91442,0,0.2010998900224012
depression,RBF SVM,2,91450,1,0.8052468169055719
depression,RBF SVM,2,91461,0,0.23660621761336076
depression,RBF SVM,2,91474,0,0.7498330888280685
depression,RBF SVM,2,91479,0,0.7701250865214145
depression,RBF SVM,2,91487,0,0.324333758713549
depression,RBF SVM,2,91495,0,0.23802590283976552
depression,RBF SVM,2,91508,0,0.2401443020852752
depression,RBF SVM,2,91520,1,0.25476846046890045
depression,RBF SVM,2,91532,0,0.5652024933856971
depression,RBF SVM,2,91542,0,0.23215551087613823
depression,RBF SVM,2,91552,0,0.5935858088554022
depression,RBF SVM,2,91562,0,0.5452265356389026
depression,RBF SVM,2,91570,0,0.2886706442790907
depression,RBF SVM,2,91583,0,0.19239020303406668
depression,RBF SVM,2,91592,0,0.27315776172845485
depression,RBF SVM,2,91603,0,0.35180093565413995
depression,RBF SVM,2,91612,0,0.47837287215511887
depression,RBF SVM,2,91621,0,0.3423141498891209
depression,RBF SVM,2,91630,0,0.316006033628541
depression,RBF SVM,2,91633,0,0.27538715059774305
depression,RBF SVM,2,91642,0,0.359792864081835
depression,RBF SVM,2,91659,0,0.1591945129581112
depression,RBF SVM,2,91669,0,0.20197341131122964
depression,RBF SVM,2,91672,0,0.38452456807467905
depression,RBF SVM,2,91679,0,0.7283580542174111
depression,RBF SVM,2,91697,0,0.2441547720833061
depression,RBF SVM,2,91712,0,0.19864904507502326
depression,RBF SVM,2,91721,0,0.5664786376782245
depression,RBF SVM,2,91727,0,0.1360845981134045
depression,RBF SVM,2,91731,0,0.26514297021015043
depression,RBF SVM,2,91739,0,0.32742438849976574
depression,RBF SVM,2,91748,0,0.34028925695421786
depression,RBF SVM,2,91758,0,0.7572451981425892
depression,RBF SVM,2,91772,0,0.21981353087678374
depression,RBF SVM,2,91785,0,0.3596170527266727
depression,RBF SVM,2,91792,0,0.6372439836919634
depression,RBF SVM,2,91803,1,0.5221543031405023
depression,RBF SVM,2,91809,0,0.3298676218745299
depression,RBF SVM,2,91816,0,0.290879579959433
depression,RBF SVM,2,91824,0,0.7078069269702638
depression,RBF SVM,2,91834,0,0.33557864878459487
depression,RBF SVM,2,91841,0,0.4149227461317676
depression,RBF SVM,2,91850,0,0.20132773729991732
depression,RBF SVM,2,91859,0,0.40504246880367745
depression,RBF SVM,2,91868,0,0.5668150655320618
depression,RBF SVM,2,91884,0,0.23949923996133454
depression,RBF SVM,2,91890,0,0.30386242487462856
depression,RBF SVM,2,91899,0,0.36196983611265116
depression,RBF SVM,2,91911,0,0.2816242302278323
depression,RBF SVM,2,91921,0,0.42630122201721565
depression,RBF SVM,2,91930,0,0.23883590604636595
depression,RBF SVM,2,91944,0,0.40545743163082715
depression,RBF SVM,2,91956,0,0.7365589110069858
depression,RBF SVM,2,91962,0,0.7390379488845429
depression,RBF SVM,2,91970,0,0.17439410890495524
depression,RBF SVM,2,91978,0,0.2688721251121748
depression,RBF SVM,2,91992,0,0.333910934456303
depression,RBF SVM,2,92000,0,0.4381109442486847
depression,RBF SVM,2,92010,0,0.5803155500683891
depression,RBF SVM,2,92021,0,0.1676187453038629
depression,RBF SVM,2,92027,0,0.47015158608199353
depression,RBF SVM,2,92043,0,0.6046684727516308
depression,RBF SVM,2,92050,0,0.7065383252310741
depression,RBF SVM,2,92059,0,0.18806703349975396
depression,RBF SVM,2,92072,0,0.4671365606948319
depression,RBF SVM,2,92084,0,0.7251881491338006
depression,RBF SVM,2,92092,0,0.28387709674864464
depression,RBF SVM,2,92103,0,0.49105934033161797
depression,RBF SVM,2,92111,0,0.7656243819484838
depression,RBF SVM,2,92119,0,0.6638361615869118
depression,RBF SVM,2,92126,0,0.5165940486747858
depression,RBF SVM,2,92133,0,0.3317907319418993
depression,RBF SVM,2,92140,0,0.7165019260554668
depression,RBF SVM,2,92155,0,0.6787883123281508
depression,RBF SVM,2,92158,0,0.6109704925126413
depression,RBF SVM,2,92168,0,0.330980995190694
depression,RBF SVM,2,92185,0,0.6575711961779815
depression,RBF SVM,2,92198,0,0.42257749909536363
depression,RBF SVM,2,92204,0,0.6378207216911932
depression,RBF SVM,2,92217,0,0.40913294029265235
depression,RBF SVM,2,92229,0,0.13872504996106422
depression,RBF SVM,2,92240,0,0.39246264064243064
depression,RBF SVM,2,92253,0,0.16292705556059647
depression,RBF SVM,2,92256,0,0.3569520487315304
depression,RBF SVM,2,92263,0,0.2642726164749564
depression,RBF SVM,2,92281,0,0.5253071167347473
depression,RBF SVM,2,92295,0,0.8052265985516595
depression,RBF SVM,2,92300,1,0.5840963910876867
depression,RBF SVM,2,92320,0,0.7900532086919875
depression,RBF SVM,2,92335,0,0.6565133094319872
depression,RBF SVM,2,92340,0,0.22739246589695983
depression,RBF SVM,2,92356,0,0.27775555077145686
depression,RBF SVM,2,92363,1,0.8014282559091988
depression,RBF SVM,2,92371,0,0.25892199954736655
depression,RBF SVM,2,92380,0,0.4996303209648647
depression,RBF SVM,2,92395,0,0.39461646355970936
depression,RBF SVM,2,92404,0,0.2572454941685097
depression,RBF SVM,2,92412,0,0.27201136552592653
depression,RBF SVM,2,92418,0,0.7099110972416293
depression,RBF SVM,2,92426,0,0.3107768246502831
depression,RBF SVM,2,92436,0,0.555153165468447
depression,RBF SVM,2,92446,0,0.2686157767847983
depression,RBF SVM,2,92459,0,0.2721106017428792
depression,RBF SVM,2,92476,0,0.26032137680862333
depression,RBF SVM,2,92487,0,0.2657264669189912
depression,RBF SVM,2,92497,0,0.14818888095150015
depression,RBF SVM,2,92507,0,0.738422116385664
depression,RBF SVM,2,92513,1,0.29029652233192804
depression,RBF SVM,2,92527,0,0.7530989749723809
depression,RBF SVM,2,92535,0,0.3086204954249392
depression,RBF SVM,2,92542,0,0.2689149062534187
depression,RBF SVM,2,92553,0,0.41277805598150724
depression,RBF SVM,2,92559,0,0.391814005361359
depression,RBF SVM,2,92564,0,0.25433455410935973
depression,RBF SVM,2,92573,1,0.7578562383707574
depression,RBF SVM,2,92587,0,0.2516782353962307
depression,RBF SVM,2,92598,0,0.6860126271630334
depression,RBF SVM,2,92606,0,0.46593913800469094
depression,RBF SVM,2,92615,0,0.27956791241483014
depression,RBF SVM,2,92623,0,0.3124546431452563
depression,RBF SVM,2,92633,0,0.267658816180734
depression,RBF SVM,2,92642,0,0.6820721553496106
depression,RBF SVM,2,92654,0,0.23056202035937612
depression,RBF SVM,2,92663,0,0.3430471023400401
depression,RBF SVM,2,92674,0,0.677634589596822
depression,RBF SVM,2,92686,0,0.7711565549358317
depression,RBF SVM,2,92695,1,0.6280268290155268
depression,RBF SVM,2,92703,1,0.7568983866124668
depression,RBF SVM,2,92717,0,0.6380858758680638
depression,RBF SVM,2,92725,0,0.4026851075203763
depression,RBF SVM,2,92738,0,0.6352546471114602
depression,RBF SVM,2,92746,0,0.25029444388221095
depression,RBF SVM,2,92752,0,0.586984789639803
depression,RBF SVM,2,92764,1,0.26847120439974953
depression,RBF SVM,2,92775,0,0.3549276544804819
depression,RBF SVM,2,92787,0,0.6539838030012992
depression,RBF SVM,2,92797,0,0.2635547456894759
depression,RBF SVM,2,92812,0,0.6493732591135822
depression,RBF SVM,2,92821,0,0.24793547616383965
depression,RBF SVM,2,92828,0,0.7094112271463067
depression,RBF SVM,2,92838,0,0.655476846130747
depression,RBF SVM,2,92848,0,0.7889259300334162
depression,RBF SVM,2,92858,0,0.7769158602590269
depression,RBF SVM,2,92876,0,0.3100007540627384
depression,RBF SVM,2,92886,0,0.2681383810807484
depression,RBF SVM,2,92894,0,0.26261532035493323
depression,RBF SVM,2,92895,0,0.25525026241618104
depression,RBF SVM,2,92901,0,0.7633280873497007
depression,RBF SVM,2,92908,0,0.5459790463569208
depression,RBF SVM,2,92915,0,0.2196421564443469
depression,RBF SVM,2,92924,0,0.239246703142499
depression,RBF SVM,2,92935,0,0.736039249884183
depression,RBF SVM,2,92942,0,0.2612517879381476
depression,RBF SVM,2,92954,0,0.31737405086767945
depression,RBF SVM,2,92964,0,0.2682273874435205
depression,RBF SVM,2,92975,0,0.3358471434565302
depression,RBF SVM,2,92985,0,0.6952751414066901
depression,RBF SVM,2,92990,0,0.7526635791232864
depression,RBF SVM,2,92998,0,0.3200105822937374
depression,RBF SVM,2,93004,0,0.3801046116329749
depression,RBF SVM,2,93012,0,0.253329179363109
depression,RBF SVM,2,93018,0,0.3166360364540711
depression,RBF SVM,2,93028,0,0.26387189688662055
depression,RBF SVM,2,93042,1,0.2538670351514179
depression,RBF SVM,2,93050,1,0.5191502542417076
depression,RBF SVM,2,93057,0,0.30194740617930893
depression,RBF SVM,2,93072,0,0.3078103330239637
depression,RBF SVM,2,93077,0,0.31240943194588505
depression,RBF SVM,2,93087,0,0.266785855446559
depression,RBF SVM,2,93095,0,0.5157304659693236
depression,RBF SVM,2,93106,0,0.7880125532698528
depression,RBF SVM,2,93115,0,0.38385117540106356
depression,RBF SVM,2,93127,0,0.17861936046754345
depression,RBF SVM,2,93142,0,0.4751439226094392
depression,RBF SVM,2,93153,0,0.6553127706202219
depression,RBF SVM,2,93169,0,0.24444197732858716
depression,RBF SVM,2,93176,0,0.34801895314132636
depression,RBF SVM,2,93181,0,0.2684762532805632
depression,RBF SVM,2,93196,0,0.18057970924169794
depression,RBF SVM,2,93205,0,0.27672332182951764
depression,RBF SVM,2,93212,1,0.6211509698014421
depression,RBF SVM,2,93228,0,0.6104046427453438
depression,RBF SVM,2,93239,0,0.6811691371891343
depression,RBF SVM,2,93249,0,0.5531175582238076
depression,RBF SVM,2,93263,0,0.25721212284436673
depression,RBF SVM,2,93272,0,0.14056018920511454
depression,RBF SVM,2,93277,0,0.3308087348307762
depression,RBF SVM,2,93283,0,0.27788925257155217
depression,RBF SVM,2,93291,0,0.5588393471745065
depression,RBF SVM,2,93305,0,0.686549009933443
depression,RBF SVM,2,93311,0,0.22100817906962628
depression,RBF SVM,2,93325,0,0.48492901189965837
depression,RBF SVM,2,93330,0,0.19718050705894216
depression,RBF SVM,2,93340,0,0.3272641421081303
depression,RBF SVM,2,93352,0,0.3310489794952659
depression,RBF SVM,2,93356,0,0.19548860788958727
depression,RBF SVM,2,93365,0,0.5060636984094141
depression,RBF SVM,2,93371,0,0.7066119023033863
depression,RBF SVM,2,93386,0,0.4779882366408706
depression,RBF SVM,2,93399,1,0.2873151140189961
depression,RBF SVM,2,93417,1,0.7463964971682063
depression,RBF SVM,2,93428,1,0.23791435006284636
depression,RBF SVM,2,93436,0,0.78038011670756
depression,RBF SVM,2,93443,0,0.4107963577418311
depression,RBF SVM,2,93459,0,0.5584916925932405
depression,RBF SVM,2,93476,0,0.7262819893392942
depression,RBF SVM,2,93486,0,0.4439134024509924
depression,RBF SVM,2,93493,0,0.7269327566988876
depression,RBF SVM,2,93502,0,0.7436975659066224
depression,RBF SVM,2,93511,0,0.677318510501471
depression,RBF SVM,2,93520,0,0.34632040604574693
depression,RBF SVM,2,93529,1,0.7110600222863328
depression,RBF SVM,2,93539,0,0.173952959598583
depression,RBF SVM,2,93550,1,0.2689891064916242
depression,RBF SVM,2,93558,0,0.25507210654825885
depression,RBF SVM,2,93565,0,0.2693260122267679
depression,RBF SVM,2,93574,0,0.23275482874238737
depression,RBF SVM,2,93587,0,0.33957265376515766
depression,RBF SVM,2,93597,0,0.39962195518742616
depression,RBF SVM,2,93608,0,0.2541425765659933
depression,RBF SVM,2,93614,1,0.7456050943689277
depression,RBF SVM,2,93622,0,0.5819027978354663
depression,RBF SVM,2,93633,0,0.49566880954976766
depression,RBF SVM,2,93643,0,0.6458565222639736
depression,RBF SVM,2,93654,0,0.39945670556469737
depression,RBF SVM,2,93663,0,0.3148242642366945
depression,RBF SVM,2,93672,0,0.7499429373568786
depression,RBF SVM,2,93684,0,0.2505060631721111
depression,RBF SVM,2,93696,0,0.26889280637914714
depression,Random Forest,2,83734,0,0.3821567861877181
depression,Random Forest,2,83742,0,0.5030566736235508
depression,Random Forest,2,83754,0,0.2542963815037938
depression,Random Forest,2,83767,0,0.013183862577870839
depression,Random Forest,2,83781,0,0.07576811941714605
depression,Random Forest,2,83789,0,0.05895216140636226
depression,Random Forest,2,83812,0,0.0
depression,Random Forest,2,83820,0,0.017706991266179396
depression,Random Forest,2,83829,0,0.014141268435597059
depression,Random Forest,2,83843,0,0.014419430595016608
depression,Random Forest,2,83851,0,0.1692915848194932
depression,Random Forest,2,83862,0,0.3252084470438965
depression,Random Forest,2,83869,1,0.07508516278521829
depression,Random Forest,2,83876,0,0.2535828486033467
depression,Random Forest,2,83886,0,0.0
depression,Random Forest,2,83894,1,0.05765230344349162
depression,Random Forest,2,83900,1,0.19178744337046869
depression,Random Forest,2,83911,0,0.034169024041786546
depression,Random Forest,2,83920,0,0.5271656265812863
depression,Random Forest,2,83931,1,0.10352195052477375
depression,Random Forest,2,83944,0,0.3056715017767936
depression,Random Forest,2,83951,0,0.096297025823283
depression,Random Forest,2,83959,0,0.03313840989500027
depression,Random Forest,2,83965,0,0.10091369109252042
depression,Random Forest,2,83976,0,0.04357721926499592
depression,Random Forest,2,83988,0,0.2514735463209308
depression,Random Forest,2,83995,0,0.0
depression,Random Forest,2,84005,0,0.025265625934317904
depression,Random Forest,2,84014,0,0.014141268435597059
depression,Random Forest,2,84021,0,0.06878437855493172
depression,Random Forest,2,84028,0,0.026811842533792353
depression,Random Forest,2,84034,0,0.12890941449064652
depression,Random Forest,2,84042,0,0.16718786294050006
depression,Random Forest,2,84055,0,0.13178094496056186
depression,Random Forest,2,84068,0,0.0
depression,Random Forest,2,84075,0,0.10616822997947926
depression,Random Forest,2,84088,0,0.023485179473514712
depression,Random Forest,2,84099,0,0.04719520531244458
depression,Random Forest,2,84109,0,0.05895216140636226
depression,Random Forest,2,84111,0,0.23217279240720556
depression,Random Forest,2,84120,0,0.19953644377993915
depression,Random Forest,2,84129,0,0.2767434277949103
depression,Random Forest,2,84142,0,0.032124112586420873
depression,Random Forest,2,84157,0,0.0721846744234827
depression,Random Forest,2,84169,0,0.0870420918948552
depression,Random Forest,2,84174,0,0.8459906764672108
depression,Random Forest,2,84187,0,0.03035617538720308
depression,Random Forest,2,84195,0,0.04381195159064442
depression,Random Forest,2,84203,0,0.013802366859344413
depression,Random Forest,2,84219,0,0.05911513856814989
depression,Random Forest,2,84226,0,0.15175832997087138
depression,Random Forest,2,84232,0,0.15644734651877396
depression,Random Forest,2,84241,1,0.5690343452855062
depression,Random Forest,2,84260,0,0.1891305374357903
depression,Random Forest,2,84276,0,0.14135240334477378
depression,Random Forest,2,84287,0,0.2637323471790653
depression,Random Forest,2,84295,0,0.24969587276157296
depression,Random Forest,2,84302,0,0.016623481775416983
depression,Random Forest,2,84316,0,0.03236588015266428
depression,Random Forest,2,84329,0,0.08228812730201904
depression,Random Forest,2,84347,0,0.05355660224013475
depression,Random Forest,2,84359,0,0.4162183674211947
depression,Random Forest,2,84372,0,0.07427866415097024
depression,Random Forest,2,84378,0,0.19000735660016294
depression,Random Forest,2,84383,0,0.004794016985676258
depression,Random Forest,2,84390,0,0.0895344131919111
depression,Random Forest,2,84395,0,0.012727894680547382
depression,Random Forest,2,84403,0,0.00942333010101789
depression,Random Forest,2,84411,0,0.15666366498767742
depression,Random Forest,2,84423,0,0.14697428417229863
depression,Random Forest,2,84429,0,0.13046346781320037
depression,Random Forest,2,84440,0,0.19066978495521514
depression,Random Forest,2,84452,0,0.12786514867642107
depression,Random Forest,2,84459,0,0.07082080036010678
depression,Random Forest,2,84471,0,0.004729076358786262
depression,Random Forest,2,84480,0,0.21550499724939715
depression,Random Forest,2,84492,0,0.0
depression,Random Forest,2,84499,0,0.06308003271788774
depression,Random Forest,2,84505,0,0.1528166011510279
depression,Random Forest,2,84530,0,0.031025289484092222
depression,Random Forest,2,84545,0,0.06134308686259717
depression,Random Forest,2,84547,0,0.20132922103216472
depression,Random Forest,2,84562,0,0.21311147718288992
depression,Random Forest,2,84565,0,0.07908467508577278
depression,Random Forest,2,84576,0,0.31910869591027696
depression,Random Forest,2,84583,0,0.048534222193989764
depression,Random Forest,2,84593,0,0.06359410380004546
depression,Random Forest,2,84600,0,0.05362158011182148
depression,Random Forest,2,84611,1,0.47540773527408
depression,Random Forest,2,84617,0,0.06942366834024444
depression,Random Forest,2,84625,0,0.05231385621355068
depression,Random Forest,2,84631,0,0.17184991817392883
depression,Random Forest,2,84644,0,0.015079460940540279
depression,Random Forest,2,84659,0,0.14603445757826272
depression,Random Forest,2,84665,1,0.017521665303173863
depression,Random Forest,2,84675,0,0.030833610640083595
depression,Random Forest,2,84679,0,0.12390115926552558
depression,Random Forest,2,84691,0,0.16885979009586458
depression,Random Forest,2,84703,0,0.061645689271284346
depression,Random Forest,2,84711,0,0.025644131772403433
depression,Random Forest,2,84717,0,0.5647857705846868
depression,Random Forest,2,84727,0,0.5508490814486265
depression,Random Forest,2,84738,0,0.05765750121098547
depression,Random Forest,2,84754,0,0.5895796413973463
depression,Random Forest,2,84757,0,0.13376864021123452
depression,Random Forest,2,84765,0,0.23420749523489476
depression,Random Forest,2,84774,0,0.016741951757870178
depression,Random Forest,2,84780,0,0.08295047688919074
depression,Random Forest,2,84785,0,0.1206797366371225
depression,Random Forest,2,84793,0,0.2901796123127606
depression,Random Forest,2,84797,0,0.31409241376642816
depression,Random Forest,2,84805,0,0.20867921587538202
depression,Random Forest,2,84817,0,0.0
depression,Random Forest,2,84828,0,0.39333915829731675
depression,Random Forest,2,84833,0,0.19088077730394656
depression,Random Forest,2,84843,0,0.0476330631198673
depression,Random Forest,2,84854,0,0.10004317986901066
depression,Random Forest,2,84867,0,0.20161335513897755
depression,Random Forest,2,84874,0,0.05818858137616834
depression,Random Forest,2,84887,1,0.012017013645348025
depression,Random Forest,2,84899,0,0.11052824457479746
depression,Random Forest,2,84905,0,0.15945630676540776
depression,Random Forest,2,84914,1,0.27741840460367406
depression,Random Forest,2,84920,0,0.1351807048599918
depression,Random Forest,2,84927,0,0.04448078581663503
depression,Random Forest,2,84934,0,0.029262877714625227
depression,Random Forest,2,84944,0,0.38357667679899854
depression,Random Forest,2,84950,0,0.014141268435597059
depression,Random Forest,2,84962,0,0.041541502320387814
depression,Random Forest,2,84973,0,0.07484988606795721
depression,Random Forest,2,84982,0,0.02782740924523249
depression,Random Forest,2,84997,0,0.029699920575858196
depression,Random Forest,2,85002,1,0.836136034338017
depression,Random Forest,2,85016,0,0.17161418376080295
depression,Random Forest,2,85024,0,0.002488097108159777
depression,Random Forest,2,85040,0,0.04002292784888668
depression,Random Forest,2,85049,0,0.06703876082951542
depression,Random Forest,2,85055,0,0.033068975211414976
depression,Random Forest,2,85063,0,0.02171725607967589
depression,Random Forest,2,85073,0,0.03616078505253264
depression,Random Forest,2,85076,0,0.0447481401018075
depression,Random Forest,2,85103,0,0.007696170443987059
depression,Random Forest,2,85109,0,0.013373545499753574
depression,Random Forest,2,85117,1,0.13862958957660793
depression,Random Forest,2,85127,0,0.12456268376383106
depression,Random Forest,2,85138,0,0.1917576947057902
depression,Random Forest,2,85149,0,0.03918225432392224
depression,Random Forest,2,85159,0,0.1914244800642659
depression,Random Forest,2,85164,0,0.004860766001199554
depression,Random Forest,2,85173,0,0.4160918683888699
depression,Random Forest,2,85183,0,0.02108442595061594
depression,Random Forest,2,85197,0,0.05096671497180113
depression,Random Forest,2,85205,0,0.0540354546565988
depression,Random Forest,2,85214,0,0.06580896273631645
depression,Random Forest,2,85220,0,0.05066935191198639
depression,Random Forest,2,85230,0,0.21710031027362348
depression,Random Forest,2,85236,1,0.6777151674419183
depression,Random Forest,2,85244,1,0.037125920975054176
depression,Random Forest,2,85252,0,0.09327796256223143
depression,Random Forest,2,85260,0,0.0045492264936541175
depression,Random Forest,2,85270,0,0.01845466281933718
depression,Random Forest,2,85281,0,0.004604334063793524
depression,Random Forest,2,85287,0,0.05667173423951621
depression,Random Forest,2,85294,0,0.116172807739124
depression,Random Forest,2,85303,0,0.006268226412178557
depression,Random Forest,2,85315,0,0.08814825254667286
depression,Random Forest,2,85324,0,0.1886837097363901
depression,Random Forest,2,85337,0,0.009208668127587048
depression,Random Forest,2,85345,0,0.004604334063793524
depression,Random Forest,2,85354,0,0.017706991266179396
depression,Random Forest,2,85361,0,0.0
depression,Random Forest,2,85369,0,0.0889674084982162
depression,Random Forest,2,85377,0,0.008503466186193485
depression,Random Forest,2,85390,0,0.10170909131130734
depression,Random Forest,2,85395,0,0.00824189120118632
depression,Random Forest,2,85401,0,0.23380504011564995
depression,Random Forest,2,85409,0,0.0646853932494909
depression,Random Forest,2,85423,1,0.055381583395054806
depression,Random Forest,2,85431,1,0.009398351049469782
depression,Random Forest,2,85442,0,0.024283835400790994
depression,Random Forest,2,85450,0,0.02230054817920033
depression,Random Forest,2,85457,0,0.054184154719570846
depression,Random Forest,2,85471,0,0.20108128533127417
depression,Random Forest,2,85484,0,0.008835960451483348
depression,Random Forest,2,85491,0,0.24818153670161527
depression,Random Forest,2,85501,0,0.06319384831064313
depression,Random Forest,2,85515,0,0.11128971309231128
depression,Random Forest,2,85523,0,0.004266696750902528
depression,Random Forest,2,85530,0,0.10775841788339927
depression,Random Forest,2,85538,1,0.295963167536775
depression,Random Forest,2,85548,0,0.0
depression,Random Forest,2,85555,0,0.109979000017756
depression,Random Forest,2,85573,0,0.11674055659550074
depression,Random Forest,2,85584,0,0.0
depression,Random Forest,2,85589,0,0.1838356304432154
depression,Random Forest,2,85601,0,0.16565147100866656
depression,Random Forest,2,85621,0,0.458421830924065
depression,Random Forest,2,85624,0,0.07682337991555441
depression,Random Forest,2,85632,0,0.13113053194032198
depression,Random Forest,2,85647,0,0.04705232516659861
depression,Random Forest,2,85656,0,0.15631470764626093
depression,Random Forest,2,85663,0,0.1927297833411193
depression,Random Forest,2,85670,0,0.013300120872079822
depression,Random Forest,2,85679,0,0.000790155440414508
depression,Random Forest,2,85692,0,0.043040844222547676
depression,Random Forest,2,85700,0,0.0315565827332785
depression,Random Forest,2,85711,0,0.07508760067368449
depression,Random Forest,2,85724,0,0.000790155440414508
depression,Random Forest,2,85730,0,0.20334854135370353
depression,Random Forest,2,85738,0,0.07993741221531367
depression,Random Forest,2,85746,0,0.03250650893607077
depression,Random Forest,2,85757,0,0.11676703176101087
depression,Random Forest,2,85774,0,0.2195077816669243
depression,Random Forest,2,85779,0,0.03694313261225726
depression,Random Forest,2,85786,0,0.00942333010101789
depression,Random Forest,2,85792,0,0.39620068617134757
depression,Random Forest,2,85807,0,0.5136565004864175
depression,Random Forest,2,85814,0,0.19518108330710013
depression,Random Forest,2,85823,0,0.15046372722646803
depression,Random Forest,2,85831,0,0.03895771231747727
depression,Random Forest,2,85836,0,0.0269294674225572
depression,Random Forest,2,85849,0,0.1690495305840759
depression,Random Forest,2,85856,0,0.014141268435597059
depression,Random Forest,2,85864,0,0.03309342735064832
depression,Random Forest,2,85872,0,0.03626350873181921
depression,Random Forest,2,85884,0,0.012717957615440312
depression,Random Forest,2,85899,0,0.04624148213341605
depression,Random Forest,2,85905,0,0.13990522265014488
depression,Random Forest,2,85920,0,0.008871030814696052
depression,Random Forest,2,85931,0,0.5749969964774405
depression,Random Forest,2,85942,0,0.032198543667593046
depression,Random Forest,2,85948,1,0.3783340611497057
depression,Random Forest,2,85951,0,0.07864992656701342
depression,Random Forest,2,85961,0,0.23429269531707547
depression,Random Forest,2,85967,0,0.058762073610632515
depression,Random Forest,2,85978,0,0.09603850101715647
depression,Random Forest,2,85990,0,0.0
depression,Random Forest,2,85996,0,0.01985555297623634
depression,Random Forest,2,86009,0,0.07599123484360613
depression,Random Forest,2,86017,0,0.01846087317468187
depression,Random Forest,2,86027,0,0.08551301417971591
depression,Random Forest,2,86033,1,0.23624243105009093
depression,Random Forest,2,86039,0,0.0034973182911041244
depression,Random Forest,2,86050,0,0.018265050508867117
depression,Random Forest,2,86056,0,0.09263407235661504
depression,Random Forest,2,86058,0,0.05609075159299052
depression,Random Forest,2,86067,0,0.2777969160668847
depression,Random Forest,2,86070,0,0.39029193980264937
depression,Random Forest,2,86083,0,0.04377736338111313
depression,Random Forest,2,86091,0,0.5281022784302921
depression,Random Forest,2,86097,0,0.26950493621553173
depression,Random Forest,2,86105,0,0.23244504387786263
depression,Random Forest,2,86123,0,0.018787943494767298
depression,Random Forest,2,86137,0,0.06153283498757153
depression,Random Forest,2,86150,0,0.15705940732246548
depression,Random Forest,2,86157,0,0.014842240772080328
depression,Random Forest,2,86165,0,0.5040341733591677
depression,Random Forest,2,86175,0,0.019060713736578784
depression,Random Forest,2,86182,0,0.01769429083017823
depression,Random Forest,2,86185,0,0.03840519566131034
depression,Random Forest,2,86194,0,0.013745298401088114
depression,Random Forest,2,86203,0,0.0
depression,Random Forest,2,86214,1,0.261434472334323
depression,Random Forest,2,86220,0,0.14427638109260316
depression,Random Forest,2,86227,1,0.1322553968574126
depression,Random Forest,2,86239,1,0.40854594677280176
depression,Random Forest,2,86246,0,0.0031220075945187385
depression,Random Forest,2,86259,0,0.05475399149930351
depression,Random Forest,2,86268,0,0.24892579639815898
depression,Random Forest,2,86277,1,0.010771535769999223
depression,Random Forest,2,86284,0,0.07120383156921657
depression,Random Forest,2,86293,0,0.03014793340685446
depression,Random Forest,2,86300,0,0.0
depression,Random Forest,2,86318,0,0.10491815171880672
depression,Random Forest,2,86325,0,0.2121046872356431
depression,Random Forest,2,86333,0,0.01941945381226153
depression,Random Forest,2,86342,0,0.11016122945926918
depression,Random Forest,2,86351,1,0.0606036369634877
depression,Random Forest,2,86358,0,0.11719993293757701
depression,Random Forest,2,86365,0,0.3395690053963175
depression,Random Forest,2,86377,0,0.003781432785082238
depression,Random Forest,2,86394,0,0.05233561172966983
depression,Random Forest,2,86401,0,0.008101652354897649
depression,Random Forest,2,86413,0,0.05595013693674526
depression,Random Forest,2,86424,0,0.19202565015942177
depression,Random Forest,2,86435,0,0.004604334063793524
depression,Random Forest,2,86445,0,0.016058967588713682
depression,Random Forest,2,86454,0,0.03702231222933508
depression,Random Forest,2,86468,0,0.20878823248755118
depression,Random Forest,2,86479,0,0.2300333921429572
depression,Random Forest,2,86487,0,0.06354736960092004
depression,Random Forest,2,86495,0,0.02190693900155863
depression,Random Forest,2,86507,0,0.09311370618318021
depression,Random Forest,2,86516,0,0.05648190752101172
depression,Random Forest,2,86520,0,0.5647346668464218
depression,Random Forest,2,86526,0,0.08976060871174188
depression,Random Forest,2,86537,0,0.09902227261579975
depression,Random Forest,2,86548,1,0.14664807253431095
depression,Random Forest,2,86557,0,0.24279741292133628
depression,Random Forest,2,86566,0,0.06811416406559227
depression,Random Forest,2,86572,0,0.293340948706134
depression,Random Forest,2,86580,0,0.13612253820423661
depression,Random Forest,2,86590,0,0.10255669010028189
depression,Random Forest,2,86599,0,0.05629565772083709
depression,Random Forest,2,86609,0,0.38468694263622505
depression,Random Forest,2,86618,0,0.05640740288530912
depression,Random Forest,2,86627,0,0.3197352690691706
depression,Random Forest,2,86638,0,0.07277199385174521
depression,Random Forest,2,86645,0,0.18759671804871803
depression,Random Forest,2,86657,0,0.012300504507780584
depression,Random Forest,2,86664,0,0.04100429459520452
depression,Random Forest,2,86674,0,0.0037789998912728094
depression,Random Forest,2,86681,0,0.018607019177056826
depression,Random Forest,2,86696,1,0.11433476439082044
depression,Random Forest,2,86705,1,0.26752025542963787
depression,Random Forest,2,86713,0,0.20310776734034225
depression,Random Forest,2,86728,0,0.28089876544243636
depression,Random Forest,2,86736,0,0.1823727355739346
depression,Random Forest,2,86744,1,0.10178820092368063
depression,Random Forest,2,86752,0,0.028177914803695893
depression,Random Forest,2,86761,0,0.045008492337094946
depression,Random Forest,2,86773,1,0.3332364732541716
depression,Random Forest,2,86776,0,0.08407075596889219
depression,Random Forest,2,86790,0,0.32121915551349145
depression,Random Forest,2,86801,0,0.15488204471853986
depression,Random Forest,2,86812,0,0.0663105072437764
depression,Random Forest,2,86817,0,0.04641700975505916
depression,Random Forest,2,86830,0,0.1407278649255089
depression,Random Forest,2,86838,0,0.05595013693674526
depression,Random Forest,2,86858,0,0.2330796563532199
depression,Random Forest,2,86870,0,0.24093485782852944
depression,Random Forest,2,86878,0,0.1847946674361542
depression,Random Forest,2,86889,0,0.4770625945930867
depression,Random Forest,2,86898,0,0.2554698679820403
depression,Random Forest,2,86909,0,0.004604334063793524
depression,Random Forest,2,86925,0,0.09561753990380678
depression,Random Forest,2,86939,0,0.04950796777871047
depression,Random Forest,2,86952,0,0.3113191033649532
depression,Random Forest,2,86960,0,0.3551652927232599
depression,Random Forest,2,86970,0,0.26557349664432117
depression,Random Forest,2,86977,0,0.1965262414251811
depression,Random Forest,2,86985,0,0.026343855727971793
depression,Random Forest,2,86992,0,0.024108269290143952
depression,Random Forest,2,87000,0,0.02552165092968963
depression,Random Forest,2,87008,0,0.116315212340725
depression,Random Forest,2,87021,1,0.10177689788311314
depression,Random Forest,2,87032,0,0.0025147948666799647
depression,Random Forest,2,87050,0,0.6284520854691998
depression,Random Forest,2,87056,0,0.0561377456044277
depression,Random Forest,2,87067,0,0.26633085057042793
depression,Random Forest,2,87079,0,0.029173164168073248
depression,Random Forest,2,87088,0,0.09125553155936757
depression,Random Forest,2,87099,0,0.05644195640624851
depression,Random Forest,2,87113,0,0.23158306724430414
depression,Random Forest,2,87123,1,0.14940137078417556
depression,Random Forest,2,87130,0,0.6060127898251616
depression,Random Forest,2,87141,0,0.015756574305052055
depression,Random Forest,2,87154,0,0.04996818463308147
depression,Random Forest,2,87159,0,0.10890342782383432
depression,Random Forest,2,87165,0,0.04926871527881853
depression,Random Forest,2,87170,0,0.26585529103159655
depression,Random Forest,2,87177,0,0.08729038945708556
depression,Random Forest,2,87187,0,0.004604334063793524
depression,Random Forest,2,87197,0,0.10156312420338906
depression,Random Forest,2,87202,0,0.23912015930972313
depression,Random Forest,2,87215,0,0.0
depression,Random Forest,2,87223,0,0.16882177372574353
depression,Random Forest,2,87231,0,0.038708662715174515
depression,Random Forest,2,87241,0,0.012673175389448076
depression,Random Forest,2,87246,0,0.06954674450495768
depression,Random Forest,2,87251,1,0.15864815058191886
depression,Random Forest,2,87260,1,0.23719411621379588
depression,Random Forest,2,87268,0,0.08843203930725835
depression,Random Forest,2,87277,0,0.042857153662400685
depression,Random Forest,2,87288,0,0.03568881707318829
depression,Random Forest,2,87294,0,0.006328705762106246
depression,Random Forest,2,87303,0,0.11576503678042323
depression,Random Forest,2,87314,0,0.024726412088500963
depression,Random Forest,2,87321,0,0.22053177956300776
depression,Random Forest,2,87330,1,0.6086895573948814
depression,Random Forest,2,87343,0,0.48172641769797075
depression,Random Forest,2,87351,1,0.39026006768969373
depression,Random Forest,2,87362,0,0.11464744221003159
depression,Random Forest,2,87373,0,0.0028541243443765255
depression,Random Forest,2,87384,0,0.6332488360199732
depression,Random Forest,2,87393,0,0.03960331049312371
depression,Random Forest,2,87415,0,0.27878595023812636
depression,Random Forest,2,87423,0,0.5479083934071616
depression,Random Forest,2,87429,0,0.13910664156267588
depression,Random Forest,2,87437,0,0.013052124964004114
depression,Random Forest,2,87448,0,0.08832574974511641
depression,Random Forest,2,87461,0,0.13373649264094356
depression,Random Forest,2,87470,0,0.10294875140940325
depression,Random Forest,2,87480,0,0.35400903776116016
depression,Random Forest,2,87487,0,0.160866311339117
depression,Random Forest,2,87496,0,0.2921121167313469
depression,Random Forest,2,87505,0,0.006006998468764506
depression,Random Forest,2,87511,0,0.03491957438356339
depression,Random Forest,2,87515,0,0.22883264794387898
depression,Random Forest,2,87529,0,0.06470627342542679
depression,Random Forest,2,87539,0,0.12299648815985394
depression,Random Forest,2,87555,0,0.05539790572288864
depression,Random Forest,2,87560,0,0.018846089020684798
depression,Random Forest,2,87573,0,0.4561578812212463
depression,Random Forest,2,87585,0,0.18869291774549424
depression,Random Forest,2,87593,0,0.000790155440414508
depression,Random Forest,2,87601,0,0.009208668127587048
depression,Random Forest,2,87608,0,0.014407721437067382
depression,Random Forest,2,87630,1,0.1277296630271907
depression,Random Forest,2,87645,0,0.20669049397794495
depression,Random Forest,2,87663,0,0.004604334063793524
depression,Random Forest,2,87672,0,0.06529569123665303
depression,Random Forest,2,87688,0,0.02005754249000964
depression,Random Forest,2,87697,1,0.0
depression,Random Forest,2,87711,0,0.0048948424254190125
depression,Random Forest,2,87727,1,0.10872478878723335
depression,Random Forest,2,87740,0,0.060239155179967536
depression,Random Forest,2,87750,0,0.2824324648399266
depression,Random Forest,2,87761,0,0.06710763247206862
depression,Random Forest,2,87773,0,0.017977879563547097
depression,Random Forest,2,87778,0,0.29207140664292064
depression,Random Forest,2,87790,0,0.07601133075546682
depression,Random Forest,2,87799,1,0.014136957931538184
depression,Random Forest,2,87805,0,0.020950192744206047
depression,Random Forest,2,87814,0,0.20743224979368896
depression,Random Forest,2,87824,0,0.09621866822183811
depression,Random Forest,2,87840,0,0.000790155440414508
depression,Random Forest,2,87849,0,0.06786537278848238
depression,Random Forest,2,87856,1,0.020900291555593094
depression,Random Forest,2,87871,0,0.02747804999175288
depression,Random Forest,2,87882,0,0.2249673153791456
depression,Random Forest,2,87886,0,0.06106516264363162
depression,Random Forest,2,87898,0,0.018648747707931304
depression,Random Forest,2,87909,0,0.008871030814696052
depression,Random Forest,2,87919,0,0.0
depression,Random Forest,2,87937,0,0.01586584703299059
depression,Random Forest,2,87943,0,0.06467223156551383
depression,Random Forest,2,87953,0,0.23723955012211614
depression,Random Forest,2,87965,0,0.018787943494767298
depression,Random Forest,2,87975,1,0.09289569930299489
depression,Random Forest,2,87985,0,0.04473169058115287
depression,Random Forest,2,87995,0,0.48131581923681965
depression,Random Forest,2,88001,0,0.059407395555079144
depression,Random Forest,2,88011,0,0.16070340395626492
depression,Random Forest,2,88022,0,0.004429090057383769
depression,Random Forest,2,88031,1,0.062036346901595846
depression,Random Forest,2,88046,0,0.0033625748325529013
depression,Random Forest,2,88051,0,0.017742061629392104
depression,Random Forest,2,88069,0,0.280697717973717
depression,Random Forest,2,88075,0,0.107147761369573
depression,Random Forest,2,88086,0,0.062499970195122795
depression,Random Forest,2,88094,0,0.13387248563844678
depression,Random Forest,2,88102,1,0.042900951633708384
depression,Random Forest,2,88112,1,0.38492718564664197
depression,Random Forest,2,88120,0,0.26957534591763127
depression,Random Forest,2,88131,0,0.01751133021766858
depression,Random Forest,2,88138,0,0.05887396939805611
depression,Random Forest,2,88149,0,0.0
depression,Random Forest,2,88157,0,0.1290841864106423
depression,Random Forest,2,88167,0,0.38505734882788806
depression,Random Forest,2,88173,1,0.6263916232574896
depression,Random Forest,2,88182,0,0.05377535384404966
depression,Random Forest,2,88192,0,0.17190139586421493
depression,Random Forest,2,88200,0,0.18108788349129357
depression,Random Forest,2,88210,0,0.05126102698419811
depression,Random Forest,2,88217,0,0.040181428442841956
depression,Random Forest,2,88229,0,0.017521020861288684
depression,Random Forest,2,88234,0,0.0069783764635554316
depression,Random Forest,2,88244,0,0.15357200932245643
depression,Random Forest,2,88257,0,0.2212567615145528
depression,Random Forest,2,88264,0,0.2083217925383333
depression,Random Forest,2,88285,0,0.09549493323446091
depression,Random Forest,2,88293,0,0.06282301017078688
depression,Random Forest,2,88303,0,0.07718561987268008
depression,Random Forest,2,88309,0,0.036274461192203906
depression,Random Forest,2,88319,0,0.0031220075945187394
depression,Random Forest,2,88330,0,0.5174242054362657
depression,Random Forest,2,88334,0,0.12494578129633642
depression,Random Forest,2,88346,0,0.012357681820404951
depression,Random Forest,2,88352,0,0.18743910375631448
depression,Random Forest,2,88365,1,0.24009551766503465
depression,Random Forest,2,88376,0,0.0034973182911041244
depression,Random Forest,2,88388,1,0.49024690363116363
depression,Random Forest,2,88398,0,0.03976550275202693
depression,Random Forest,2,88406,0,0.03978811663832483
depression,Random Forest,2,88417,0,0.017931744551274838
depression,Random Forest,2,88428,0,0.2663231432844274
depression,Random Forest,2,88434,0,0.018019506479298907
depression,Random Forest,2,88448,0,0.07226402977915002
depression,Random Forest,2,88459,0,0.012046286051200056
depression,Random Forest,2,88462,0,0.3300021310646777
depression,Random Forest,2,88476,0,0.07664807888102765
depression,Random Forest,2,88485,0,0.021213110404939783
depression,Random Forest,2,88501,0,0.03698030077522023
depression,Random Forest,2,88515,0,0.043026475862887936
depression,Random Forest,2,88527,0,0.1671191553014537
depression,Random Forest,2,88536,0,0.1395377808629517
depression,Random Forest,2,88542,0,0.09716819637092546
depression,Random Forest,2,88549,0,0.028199122982342947
depression,Random Forest,2,88565,0,0.3178623098170456
depression,Random Forest,2,88575,0,0.0
depression,Random Forest,2,88588,0,0.43891068998177063
depression,Random Forest,2,88600,0,0.08319217364221279
depression,Random Forest,2,88607,0,0.0820967432070995
depression,Random Forest,2,88613,0,0.055615945470923175
depression,Random Forest,2,88625,0,0.15585410207369776
depression,Random Forest,2,88628,0,0.18669298581708543
depression,Random Forest,2,88637,0,0.0009595575176333282
depression,Random Forest,2,88647,0,0.021023580931468375
depression,Random Forest,2,88653,0,0.008871030814696052
depression,Random Forest,2,88661,0,0.021766700155269957
depression,Random Forest,2,88674,0,0.1192820649359613
depression,Random Forest,2,88682,0,0.08682023977795109
depression,Random Forest,2,88692,0,0.011094323380757283
depression,Random Forest,2,88702,0,0.3173887203599632
depression,Random Forest,2,88708,0,0.21347884658105443
depression,Random Forest,2,88723,0,0.048758840894209225
depression,Random Forest,2,88729,1,0.10192471897476388
depression,Random Forest,2,88740,0,0.05895216140636226
depression,Random Forest,2,88748,0,0.16369059828462665
depression,Random Forest,2,88759,0,0.09924652637677175
depression,Random Forest,2,88770,0,0.05509376896015399
depression,Random Forest,2,88775,0,0.21372366015991762
depression,Random Forest,2,88791,1,0.03856017070137296
depression,Random Forest,2,88799,1,0.10894852813264368
depression,Random Forest,2,88809,0,0.04557900265315104
depression,Random Forest,2,88818,0,0.062314633114601836
depression,Random Forest,2,88833,0,0.026492872542926628
depression,Random Forest,2,88841,0,0.0
depression,Random Forest,2,88854,0,0.008110583324741332
depression,Random Forest,2,88857,0,0.0039751944502837925
depression,Random Forest,2,88867,0,0.026492872542926628
depression,Random Forest,2,88875,1,0.0923533880708929
depression,Random Forest,2,88881,0,0.06235503941548412
depression,Random Forest,2,88891,1,0.04399777924166577
depression,Random Forest,2,88895,1,0.15376357115260583
depression,Random Forest,2,88903,0,0.19226148233931104
depression,Random Forest,2,88912,0,0.14427297564359665
depression,Random Forest,2,88919,0,0.39084305982706546
depression,Random Forest,2,88926,0,0.0
depression,Random Forest,2,88940,0,0.011725155159072577
depression,Random Forest,2,88947,0,0.4610714545689703
depression,Random Forest,2,88964,0,0.2680319855100124
depression,Random Forest,2,88976,0,0.1807973883031738
depression,Random Forest,2,88986,1,0.12176995798660738
depression,Random Forest,2,89005,0,0.04058402565928786
depression,Random Forest,2,89013,0,0.062232528472276755
depression,Random Forest,2,89022,0,0.01786938457266064
depression,Random Forest,2,89034,1,0.04700201365158218
depression,Random Forest,2,89041,0,0.2538313959083207
depression,Random Forest,2,89045,0,0.16648964286460824
depression,Random Forest,2,89064,0,0.36327194683159897
depression,Random Forest,2,89072,0,0.013475364878489575
depression,Random Forest,2,89083,0,0.13420100961105566
depression,Random Forest,2,89093,0,0.36009221179947504
depression,Random Forest,2,89102,0,0.42654974169249754
depression,Random Forest,2,89108,0,0.010726503238476688
depression,Random Forest,2,89120,0,0.38741549175249745
depression,Random Forest,2,89127,0,0.021379618766784896
depression,Random Forest,2,89134,0,0.0304887382653094
depression,Random Forest,2,89152,0,0.0715571638891114
depression,Random Forest,2,89159,0,0.040159231418648626
depression,Random Forest,2,89167,0,0.03120325955903696
depression,Random Forest,2,89174,0,0.09962954282307092
depression,Random Forest,2,89182,0,0.052352182271916604
depression,Random Forest,2,89188,0,0.1548213013126217
depression,Random Forest,2,89201,0,0.18321651764950572
depression,Random Forest,2,89215,0,0.05897368641819679
depression,Random Forest,2,89232,0,0.2267923174121406
depression,Random Forest,2,89243,0,0.059514627060908605
depression,Random Forest,2,89255,0,0.41469013239566943
depression,Random Forest,2,89264,0,0.11983542713444724
depression,Random Forest,2,89266,1,0.01435994249041209
depression,Random Forest,2,89276,0,0.0
depression,Random Forest,2,89288,0,0.03207414488667152
depression,Random Forest,2,89297,0,0.03488654106553938
depression,Random Forest,2,89304,0,0.022648962642863917
depression,Random Forest,2,89314,0,0.09719514071241254
depression,Random Forest,2,89321,0,0.13699794440249724
depression,Random Forest,2,89331,0,0.03979695502195899
depression,Random Forest,2,89340,0,0.06897424359635365
depression,Random Forest,2,89351,0,0.06464062803930233
depression,Random Forest,2,89358,0,0.10079157232618696
depression,Random Forest,2,89370,0,0.04777659307096425
depression,Random Forest,2,89383,0,0.024899091518081597
depression,Random Forest,2,89390,1,0.3812971738755265
depression,Random Forest,2,89402,0,0.29497580136413293
depression,Random Forest,2,89412,0,0.23613135586762865
depression,Random Forest,2,89425,0,0.21574142842112065
depression,Random Forest,2,89437,0,0.0
depression,Random Forest,2,89444,0,0.16043937717598197
depression,Random Forest,2,89457,0,0.018686738157690123
depression,Random Forest,2,89471,0,0.13671853284162994
depression,Random Forest,2,89476,0,0.03360049908973231
depression,Random Forest,2,89490,0,0.03499409965264857
depression,Random Forest,2,89497,0,0.3713190252389147
depression,Random Forest,2,89508,0,0.2516618622448302
depression,Random Forest,2,89524,0,0.25774661949159033
depression,Random Forest,2,89538,1,0.15401411092962225
depression,Random Forest,2,89546,0,0.0
depression,Random Forest,2,89552,0,0.01505748448691508
depression,Random Forest,2,89563,0,0.05088415811739335
depression,Random Forest,2,89572,1,0.054224400729232985
depression,Random Forest,2,89576,0,0.0
depression,Random Forest,2,89582,0,0.05509376896015399
depression,Random Forest,2,89587,0,0.19185244276699914
depression,Random Forest,2,89597,0,0.2698530110363366
depression,Random Forest,2,89606,0,0.04260804523453181
depression,Random Forest,2,89611,0,0.020768834323398
depression,Random Forest,2,89618,0,0.021056241471971004
depression,Random Forest,2,89628,0,0.025833046698894527
depression,Random Forest,2,89637,1,0.22721654900758406
depression,Random Forest,2,89644,0,0.03226125233195965
depression,Random Forest,2,89649,0,0.025825300406932542
depression,Random Forest,2,89655,0,0.012379478957951355
depression,Random Forest,2,89669,0,0.08250936790843896
depression,Random Forest,2,89676,0,0.0
depression,Random Forest,2,89685,0,0.11713142367470214
depression,Random Forest,2,89698,0,0.03575060194211148
depression,Random Forest,2,89704,0,0.41243875083758824
depression,Random Forest,2,89710,0,0.2870503643684855
depression,Random Forest,2,89720,0,0.13169676629518096
depression,Random Forest,2,89726,0,0.07126487351361756
depression,Random Forest,2,89733,0,0.01894614047722142
depression,Random Forest,2,89742,0,0.48323670061408924
depression,Random Forest,2,89755,0,0.10735395684116852
depression,Random Forest,2,89771,0,0.13793985025320424
depression,Random Forest,2,89780,0,0.18306399237674498
depression,Random Forest,2,89790,0,0.21353647101089135
depression,Random Forest,2,89795,0,0.3685737513036698
depression,Random Forest,2,89803,0,0.0072742174788950975
depression,Random Forest,2,89810,0,0.5828572965038794
depression,Random Forest,2,89822,0,0.021261288182352442
depression,Random Forest,2,89831,0,0.03554224920173132
depression,Random Forest,2,89841,0,0.07000013090699551
depression,Random Forest,2,89848,0,0.0039751944502837925
depression,Random Forest,2,89854,0,0.11143650863174105
depression,Random Forest,2,89868,0,0.008434425421650887
depression,Random Forest,2,89889,0,0.133702837684997
depression,Random Forest,2,89898,0,0.058238294571754556
depression,Random Forest,2,89907,0,0.26458137810880616
depression,Random Forest,2,89911,0,0.0373648891519457
depression,Random Forest,2,89929,0,0.307895543920611
depression,Random Forest,2,89942,0,0.5573309716608651
depression,Random Forest,2,89948,0,0.06909868493042706
depression,Random Forest,2,89959,0,0.1741953359729457
depression,Random Forest,2,89966,0,0.13806160720516306
depression,Random Forest,2,89976,0,0.027259232625018833
depression,Random Forest,2,89984,0,0.028324525106044992
depression,Random Forest,2,89994,0,0.10391121762391213
depression,Random Forest,2,90005,0,0.025794719579563637
depression,Random Forest,2,90011,0,0.026319517853245936
depression,Random Forest,2,90020,0,0.2940760564296373
depression,Random Forest,2,90031,0,0.02994820294159619
depression,Random Forest,2,90046,1,0.4140461297953225
depression,Random Forest,2,90052,0,0.27888174452026593
depression,Random Forest,2,90059,0,0.11016830603596996
depression,Random Forest,2,90066,0,0.0990816121041228
depression,Random Forest,2,90074,1,0.03784661824140017
depression,Random Forest,2,90081,0,0.16732439329729787
depression,Random Forest,2,90090,0,0.09578004486489598
depression,Random Forest,2,90098,0,0.09551259789999915
depression,Random Forest,2,90108,0,0.0
depression,Random Forest,2,90117,0,0.30776055612080966
depression,Random Forest,2,90124,0,0.0
depression,Random Forest,2,90139,0,0.03479534510290965
depression,Random Forest,2,90146,1,0.3065614180325179
depression,Random Forest,2,90154,0,0.008614678715068458
depression,Random Forest,2,90164,0,0.12014926936052697
depression,Random Forest,2,90181,0,0.11760264835403764
depression,Random Forest,2,90186,0,0.031510534805502026
depression,Random Forest,2,90194,0,0.33825817604010505
depression,Random Forest,2,90206,0,0.0
depression,Random Forest,2,90229,0,0.08094398172292715
depression,Random Forest,2,90242,0,0.09554216872730815
depression,Random Forest,2,90248,0,0.23879449269577985
depression,Random Forest,2,90256,0,0.010146100510540384
depression,Random Forest,2,90266,1,0.1395283970820458
depression,Random Forest,2,90279,0,0.21666578773015144
depression,Random Forest,2,90285,0,0.1808317729403187
depression,Random Forest,2,90297,1,0.3826495977769157
depression,Random Forest,2,90304,0,0.19306840181478477
depression,Random Forest,2,90318,0,0.1320351783716867
depression,Random Forest,2,90323,0,0.06142410255782257
depression,Random Forest,2,90329,1,0.49473645841198277
depression,Random Forest,2,90340,1,0.21189929782928962
depression,Random Forest,2,90350,1,0.1673704974613474
depression,Random Forest,2,90357,0,0.08504695137064042
depression,Random Forest,2,90366,0,0.5421259069990237
depression,Random Forest,2,90377,0,0.15894834634282318
depression,Random Forest,2,90386,0,0.19983443024631367
depression,Random Forest,2,90396,0,0.00723506572528314
depression,Random Forest,2,90403,1,0.03740126086008042
depression,Random Forest,2,90417,0,0.29651474346464246
depression,Random Forest,2,90432,0,0.026802775365970886
depression,Random Forest,2,90441,0,0.005772629696669829
depression,Random Forest,2,90455,0,0.11162688363540398
depression,Random Forest,2,90464,0,0.023337879206275617
depression,Random Forest,2,90473,0,0.09301857243306834
depression,Random Forest,2,90486,0,0.05892191618976863
depression,Random Forest,2,90498,0,0.013731796815895606
depression,Random Forest,2,90506,0,0.02094787761987749
depression,Random Forest,2,90515,0,0.013665047800372308
depression,Random Forest,2,90521,0,0.06041131509631754
depression,Random Forest,2,90528,0,0.20573703967788204
depression,Random Forest,2,90534,0,0.02465251358537947
depression,Random Forest,2,90544,0,0.1584821614618269
depression,Random Forest,2,90556,0,0.1631911210269556
depression,Random Forest,2,90569,0,0.2290359713327656
depression,Random Forest,2,90581,0,0.01266109362622938
depression,Random Forest,2,90588,0,0.09882066636461975
depression,Random Forest,2,90597,0,0.18531696695462113
depression,Random Forest,2,90608,0,0.0021843594778791727
depression,Random Forest,2,90614,0,0.20170864747582049
depression,Random Forest,2,90625,0,0.07933999067011693
depression,Random Forest,2,90634,0,0.15926642829281826
depression,Random Forest,2,90644,0,0.11892358713926178
depression,Random Forest,2,90651,0,0.06499662528893752
depression,Random Forest,2,90656,0,0.004251552662437419
depression,Random Forest,2,90659,0,0.0447481401018075
depression,Random Forest,2,90666,0,0.0073887043454212665
depression,Random Forest,2,90672,0,0.06858518028470845
depression,Random Forest,2,90679,0,0.053958117755969176
depression,Random Forest,2,90689,0,0.128712882575958
depression,Random Forest,2,90698,0,0.08242437294329302
depression,Random Forest,2,90710,0,0.00824189120118632
depression,Random Forest,2,90719,0,0.13647912538223758
depression,Random Forest,2,90732,0,0.16017626907831342
depression,Random Forest,2,90745,1,0.17516947930997298
depression,Random Forest,2,90758,0,0.33754834182608356
depression,Random Forest,2,90771,0,0.0041157906192186315
depression,Random Forest,2,90786,0,0.1523013053292843
depression,Random Forest,2,90797,0,0.14972233112749309
depression,Random Forest,2,90808,0,0.1666508405140375
depression,Random Forest,2,90815,0,0.0156285505088128
depression,Random Forest,2,90825,0,0.006358298849142804
depression,Random Forest,2,90837,0,0.23201352812149337
depression,Random Forest,2,90847,0,0.010039326447572357
depression,Random Forest,2,90854,0,0.12647271236471744
depression,Random Forest,2,90865,0,0.06748760664789921
depression,Random Forest,2,90875,0,0.17130151079551773
depression,Random Forest,2,90887,0,0.09402313906960272
depression,Random Forest,2,90894,0,0.014731880518150078
depression,Random Forest,2,90904,0,0.318168941308143
depression,Random Forest,2,90913,0,0.17127407753719226
depression,Random Forest,2,90922,0,0.008325310057496791
depression,Random Forest,2,90927,0,0.20406253740333352
depression,Random Forest,2,90934,0,0.1681865415721615
depression,Random Forest,2,90943,0,0.29806989022986896
depression,Random Forest,2,90955,0,0.08511831475375833
depression,Random Forest,2,90963,0,0.030626992726374674
depression,Random Forest,2,90972,0,0.007567355060346328
depression,Random Forest,2,90981,0,0.37538606788013434
depression,Random Forest,2,90991,0,0.025380185223325764
depression,Random Forest,2,90999,0,0.20601678921328173
depression,Random Forest,2,91010,0,0.3930435040098
depression,Random Forest,2,91020,0,0.00891924177805459
depression,Random Forest,2,91026,0,0.023560234719462184
depression,Random Forest,2,91040,0,0.013171291209875551
depression,Random Forest,2,91048,0,0.2971757393275534
depression,Random Forest,2,91056,0,0.06477718671243395
depression,Random Forest,2,91066,0,0.009208668127587048
depression,Random Forest,2,91078,0,0.14789426668800704
depression,Random Forest,2,91091,0,0.15035136768407967
depression,Random Forest,2,91100,0,0.008695786808286296
depression,Random Forest,2,91112,0,0.02602573574222394
depression,Random Forest,2,91127,0,0.15928279833343517
depression,Random Forest,2,91137,0,0.13744661491891558
depression,Random Forest,2,91144,0,0.15091413027439984
depression,Random Forest,2,91156,0,0.12997434222003895
depression,Random Forest,2,91165,0,0.10937989833101075
depression,Random Forest,2,91174,0,0.043656134012138886
depression,Random Forest,2,91184,0,0.1057033183028226
depression,Random Forest,2,91196,0,0.4827151913668149
depression,Random Forest,2,91213,0,0.21894034618029606
depression,Random Forest,2,91222,0,0.018686738157690123
depression,Random Forest,2,91234,0,0.04909013115494805
depression,Random Forest,2,91249,0,0.0067886935416726964
depression,Random Forest,2,91259,0,0.10941729185591641
depression,Random Forest,2,91272,0,0.012437362130928614
depression,Random Forest,2,91278,0,0.14486314044043588
depression,Random Forest,2,91290,0,0.1508349646058448
depression,Random Forest,2,91302,0,0.015443170296960797
depression,Random Forest,2,91313,0,0.1919360287131177
depression,Random Forest,2,91323,0,0.04089513241101422
depression,Random Forest,2,91329,0,0.35959668456939586
depression,Random Forest,2,91338,0,0.1246886546731158
depression,Random Forest,2,91345,0,0.06938951181434398
depression,Random Forest,2,91354,0,0.008637903559515063
depression,Random Forest,2,91360,0,0.0
depression,Random Forest,2,91366,0,0.056411898083253226
depression,Random Forest,2,91377,1,0.0665101173855346
depression,Random Forest,2,91392,0,0.3252084470438965
depression,Random Forest,2,91400,1,0.051629668174245226
depression,Random Forest,2,91414,0,0.015787155513489484
depression,Random Forest,2,91423,0,0.36750400417737444
depression,Random Forest,2,91433,0,0.2882059911925417
depression,Random Forest,2,91442,0,0.0
depression,Random Forest,2,91450,1,0.3765750274391833
depression,Random Forest,2,91461,0,0.014363696380061759
depression,Random Forest,2,91474,0,0.3291608254579693
depression,Random Forest,2,91479,0,0.2816411723512523
depression,Random Forest,2,91487,0,0.037860568236622434
depression,Random Forest,2,91495,0,0.148924017989278
depression,Random Forest,2,91508,0,0.04214159240466068
depression,Random Forest,2,91520,1,0.0028541243443765255
depression,Random Forest,2,91532,0,0.22186839462545802
depression,Random Forest,2,91542,0,0.011374588895423941
depression,Random Forest,2,91552,0,0.12904448053246456
depression,Random Forest,2,91562,0,0.15408607199491167
depression,Random Forest,2,91570,0,0.07086830130085976
depression,Random Forest,2,91583,0,0.026624315728238427
depression,Random Forest,2,91592,0,0.037655675047495445
depression,Random Forest,2,91603,0,0.29622288348042125
depression,Random Forest,2,91612,0,0.4888043558298715
depression,Random Forest,2,91621,0,0.13702564617725435
depression,Random Forest,2,91630,0,0.09726838792261872
depression,Random Forest,2,91633,0,0.028929047322239654
depression,Random Forest,2,91642,0,0.11058685533104036
depression,Random Forest,2,91659,0,0.09933110917041114
depression,Random Forest,2,91669,0,0.038422757477938385
depression,Random Forest,2,91672,0,0.11302633794516932
depression,Random Forest,2,91679,0,0.18013446022985768
depression,Random Forest,2,91697,0,0.0
depression,Random Forest,2,91712,0,0.004604334063793524
depression,Random Forest,2,91721,0,0.0797528905188964
depression,Random Forest,2,91727,0,0.0
depression,Random Forest,2,91731,0,0.0033952778525900003
depression,Random Forest,2,91739,0,0.11752756658608397
depression,Random Forest,2,91748,0,0.1312669484321718
depression,Random Forest,2,91758,0,0.5077448203225317
depression,Random Forest,2,91772,0,0.031697617791389895
depression,Random Forest,2,91785,0,0.16353435631299135
depression,Random Forest,2,91792,0,0.3701641162707194
depression,Random Forest,2,91803,1,0.02230437798255237
depression,Random Forest,2,91809,0,0.08967174728308425
depression,Random Forest,2,91816,0,0.07367624101373027
depression,Random Forest,2,91824,0,0.2842699054953925
depression,Random Forest,2,91834,0,0.3571175312413748
depression,Random Forest,2,91841,0,0.038303029280475145
depression,Random Forest,2,91850,0,0.00887103081469605
depression,Random Forest,2,91859,0,0.15107333259637704
depression,Random Forest,2,91868,0,0.10380053621627428
depression,Random Forest,2,91884,0,0.03043357090420233
depression,Random Forest,2,91890,0,0.08586785724192397
depression,Random Forest,2,91899,0,0.06596950143420591
depression,Random Forest,2,91911,0,0.01629480725212906
depression,Random Forest,2,91921,0,0.40462548140592747
depression,Random Forest,2,91930,0,0.008533393501805056
depression,Random Forest,2,91944,0,0.2107326801908985
depression,Random Forest,2,91956,0,0.4479283041424592
depression,Random Forest,2,91962,0,0.2870340626610522
depression,Random Forest,2,91970,0,0.04498995791565851
depression,Random Forest,2,91978,0,0.01894614047722142
depression,Random Forest,2,91992,0,0.19686022960899296
depression,Random Forest,2,92000,0,0.008662789994229512
depression,Random Forest,2,92010,0,0.0864957514992152
depression,Random Forest,2,92021,0,0.046754069991776774
depression,Random Forest,2,92027,0,0.09387494150384879
depression,Random Forest,2,92043,0,0.08455506204230183
depression,Random Forest,2,92050,0,0.30916815130361447
depression,Random Forest,2,92059,0,0.03754702152056862
depression,Random Forest,2,92072,0,0.3060623094890002
depression,Random Forest,2,92084,0,0.4535973753247973
depression,Random Forest,2,92092,0,0.053708998108475285
depression,Random Forest,2,92103,0,0.025882775287437636
depression,Random Forest,2,92111,0,0.5364464079401994
depression,Random Forest,2,92119,0,0.039142361653328545
depression,Random Forest,2,92126,0,0.20718733981052054
depression,Random Forest,2,92133,0,0.10148874650030372
depression,Random Forest,2,92140,0,0.1477470810309092
depression,Random Forest,2,92155,0,0.14264317207690208
depression,Random Forest,2,92158,0,0.2545004206938532
depression,Random Forest,2,92168,0,0.14710189463212228
depression,Random Forest,2,92185,0,0.2314116924186684
depression,Random Forest,2,92198,0,0.0018391363547947876
depression,Random Forest,2,92204,0,0.14608239311147236
depression,Random Forest,2,92217,0,0.37530470781994796
depression,Random Forest,2,92229,0,0.017322291679233836
depression,Random Forest,2,92240,0,0.18487403221377297
depression,Random Forest,2,92253,0,0.08766245033646204
depression,Random Forest,2,92256,0,0.09536358459872255
depression,Random Forest,2,92263,0,0.00858174199490282
depression,Random Forest,2,92281,0,0.06450951120626022
depression,Random Forest,2,92295,0,0.3207993287531615
depression,Random Forest,2,92300,1,0.18655974402636907
depression,Random Forest,2,92320,0,0.24836826714504415
depression,Random Forest,2,92335,0,0.24382188867342436
depression,Random Forest,2,92340,0,0.024398546736264543
depression,Random Forest,2,92356,0,0.018665047800372307
depression,Random Forest,2,92363,1,0.17618100699691402
depression,Random Forest,2,92371,0,0.11354742093962888
depression,Random Forest,2,92380,0,0.12654335715505227
depression,Random Forest,2,92395,0,0.10817221826793456
depression,Random Forest,2,92404,0,0.0010847865993575034
depression,Random Forest,2,92412,0,0.447477378781644
depression,Random Forest,2,92418,0,0.1909207676750097
depression,Random Forest,2,92426,0,0.2517183274232681
depression,Random Forest,2,92436,0,0.022077483509229653
depression,Random Forest,2,92446,0,0.052610122245097035
depression,Random Forest,2,92459,0,0.009351189917579881
depression,Random Forest,2,92476,0,0.013921479737778339
depression,Random Forest,2,92487,0,0.0
depression,Random Forest,2,92497,0,0.12659910924964116
depression,Random Forest,2,92507,0,0.02581307102636981
depression,Random Forest,2,92513,1,0.05745474405245596
depression,Random Forest,2,92527,0,0.42532413206127223
depression,Random Forest,2,92535,0,0.19078631737958238
depression,Random Forest,2,92542,0,0.018787943494767298
depression,Random Forest,2,92553,0,0.0754437344100144
depression,Random Forest,2,92559,0,0.05791498864333528
depression,Random Forest,2,92564,0,0.0028541243443765255
depression,Random Forest,2,92573,1,0.13983574313611935
depression,Random Forest,2,92587,0,0.024382004171883676
depression,Random Forest,2,92598,0,0.6393651719414817
depression,Random Forest,2,92606,0,0.1833777425994149
depression,Random Forest,2,92615,0,0.0013974283180608925
depression,Random Forest,2,92623,0,0.03403664390906915
depression,Random Forest,2,92633,0,0.018787943494767298
depression,Random Forest,2,92642,0,0.13715475303339492
depression,Random Forest,2,92654,0,0.06527248372397626
depression,Random Forest,2,92663,0,0.021587779918088107
depression,Random Forest,2,92674,0,0.42396473708595733
depression,Random Forest,2,92686,0,0.08578687005673125
depression,Random Forest,2,92695,1,0.338363491639449
depression,Random Forest,2,92703,1,0.37574483538440084
depression,Random Forest,2,92717,0,0.08996933701754664
depression,Random Forest,2,92725,0,0.04843396611395164
depression,Random Forest,2,92738,0,0.004604334063793524
depression,Random Forest,2,92746,0,0.0
depression,Random Forest,2,92752,0,0.24351029213247785
depression,Random Forest,2,92764,1,0.014141268435597059
depression,Random Forest,2,92775,0,0.10456103516886074
depression,Random Forest,2,92787,0,0.276221139984203
depression,Random Forest,2,92797,0,0.04643868673103369
depression,Random Forest,2,92812,0,0.1562902368879215
depression,Random Forest,2,92821,0,0.015348580050706382
depression,Random Forest,2,92828,0,0.28421205746799566
depression,Random Forest,2,92838,0,0.41176914659569414
depression,Random Forest,2,92848,0,0.5627832503152667
depression,Random Forest,2,92858,0,0.19311033957780066
depression,Random Forest,2,92876,0,0.07126073665917455
depression,Random Forest,2,92886,0,0.008815923244556644
depression,Random Forest,2,92894,0,0.0689648172247116
depression,Random Forest,2,92895,0,0.07926467306088035
depression,Random Forest,2,92901,0,0.2687119099646723
depression,Random Forest,2,92908,0,0.34258781695882007
depression,Random Forest,2,92915,0,0.027578875431495634
depression,Random Forest,2,92924,0,0.013183862577870839
depression,Random Forest,2,92935,0,0.5590051435557407
depression,Random Forest,2,92942,0,0.009208668127587048
depression,Random Forest,2,92954,0,0.01589102983701062
depression,Random Forest,2,92964,0,0.0009595575176333282
depression,Random Forest,2,92975,0,0.04384374800802941
depression,Random Forest,2,92985,0,0.37329754759593164
depression,Random Forest,2,92990,0,0.3053985238074171
depression,Random Forest,2,92998,0,0.03407306819886393
depression,Random Forest,2,93004,0,0.03140274273061966
depression,Random Forest,2,93012,0,0.01761295263525461
depression,Random Forest,2,93018,0,0.0783709041479978
depression,Random Forest,2,93028,0,0.008614678715068458
depression,Random Forest,2,93042,1,0.004251552662437419
depression,Random Forest,2,93050,1,0.15126419902548754
depression,Random Forest,2,93057,0,0.058830747581165604
depression,Random Forest,2,93072,0,0.11038803746860765
depression,Random Forest,2,93077,0,0.05518540511185405
depression,Random Forest,2,93087,0,0.05541191432115996
depression,Random Forest,2,93095,0,0.27518708824052474
depression,Random Forest,2,93106,0,0.23202290495645392
depression,Random Forest,2,93115,0,0.10128384280638575
depression,Random Forest,2,93127,0,0.008637903559515063
depression,Random Forest,2,93142,0,0.2565305012189644
depression,Random Forest,2,93153,0,0.0925202063908737
depression,Random Forest,2,93169,0,0.0
depression,Random Forest,2,93176,0,0.12349680621164134
depression,Random Forest,2,93181,0,0.0
depression,Random Forest,2,93196,0,0.030321152534771287
depression,Random Forest,2,93205,0,0.06403367478989025
depression,Random Forest,2,93212,1,0.3694008454623006
depression,Random Forest,2,93228,0,0.14613505201895688
depression,Random Forest,2,93239,0,0.41037623109909327
depression,Random Forest,2,93249,0,0.21602562937550152
depression,Random Forest,2,93263,0,0.012592006808399316
depression,Random Forest,2,93272,0,0.03323892347560013
depression,Random Forest,2,93277,0,0.02508107112666962
depression,Random Forest,2,93283,0,0.058332893828193816
depression,Random Forest,2,93291,0,0.08471327136060582
depression,Random Forest,2,93305,0,0.012554722964361109
depression,Random Forest,2,93311,0,0.014056381601740551
depression,Random Forest,2,93325,0,0.10975434255242587
depression,Random Forest,2,93330,0,0.021636050704190928
depression,Random Forest,2,93340,0,0.32503159228942285
depression,Random Forest,2,93352,0,0.004604334063793524
depression,Random Forest,2,93356,0,0.013183862577870839
depression,Random Forest,2,93365,0,0.007441951987406533
depression,Random Forest,2,93371,0,0.6194523009926642
depression,Random Forest,2,93386,0,0.07602259424073335
depression,Random Forest,2,93399,1,0.019349725744360394
depression,Random Forest,2,93417,1,0.2755884816407066
depression,Random Forest,2,93428,1,0.08754702678669737
depression,Random Forest,2,93436,0,0.41363567935492673
depression,Random Forest,2,93443,0,0.09370048346615438
depression,Random Forest,2,93459,0,0.021122063990464294
depression,Random Forest,2,93476,0,0.3499330381860547
depression,Random Forest,2,93486,0,0.2719196536406527
depression,Random Forest,2,93493,0,0.19689028361335495
depression,Random Forest,2,93502,0,0.354038404927547
depression,Random Forest,2,93511,0,0.08259244730814796
depression,Random Forest,2,93520,0,0.2063024151692484
depression,Random Forest,2,93529,1,0.22551523465690118
depression,Random Forest,2,93539,0,0.004604334063793524
depression,Random Forest,2,93550,1,0.1259232217545256
depression,Random Forest,2,93558,0,0.1001542916363751
depression,Random Forest,2,93565,0,0.013398524551301683
depression,Random Forest,2,93574,0,0.01028967913345371
depression,Random Forest,2,93587,0,0.11482838776704557
depression,Random Forest,2,93597,0,0.01746730277826013
depression,Random Forest,2,93608,0,0.027509728644063473
depression,Random Forest,2,93614,1,0.04127544519136854
depression,Random Forest,2,93622,0,0.3054128450447733
depression,Random Forest,2,93633,0,0.12080255316669736
depression,Random Forest,2,93643,0,0.18898231687805264
depression,Random Forest,2,93654,0,0.004266696750902527
depression,Random Forest,2,93663,0,0.10579293557215971
depression,Random Forest,2,93672,0,0.4342987007044934
depression,Random Forest,2,93684,0,0.048226428715043526
depression,Random Forest,2,93696,0,0.12275691414322966
depression,Logistic Regression,3,83735,1,0.2756140332596723
depression,Logistic Regression,3,83737,0,0.5498879648665742
depression,Logistic Regression,3,83750,0,0.5283326912565662
depression,Logistic Regression,3,83761,0,0.5981426656130548
depression,Logistic Regression,3,83777,1,0.4574562411184442
depression,Logistic Regression,3,83788,0,0.5400726891672997
depression,Logistic Regression,3,83809,0,0.42697131490707746
depression,Logistic Regression,3,83818,0,0.6981224197090321
depression,Logistic Regression,3,83828,0,0.7076505027518625
depression,Logistic Regression,3,83837,0,0.604994397275981
depression,Logistic Regression,3,83849,0,0.5015312882055842
depression,Logistic Regression,3,83860,0,0.20635695650735966
depression,Logistic Regression,3,83870,0,0.47946670928116836
depression,Logistic Regression,3,83881,0,0.5009460898631743
depression,Logistic Regression,3,83887,0,0.5516493086131439
depression,Logistic Regression,3,83895,0,0.6407413790898558
depression,Logistic Regression,3,83902,0,0.22110137816117523
depression,Logistic Regression,3,83913,0,0.4759561594843476
depression,Logistic Regression,3,83924,0,0.5568999199305671
depression,Logistic Regression,3,83932,0,0.4292753907776197
depression,Logistic Regression,3,83946,0,0.20590769887279817
depression,Logistic Regression,3,83953,0,0.31583628928606544
depression,Logistic Regression,3,83961,0,0.39131466996708975
depression,Logistic Regression,3,83966,0,0.6384261894425459
depression,Logistic Regression,3,83977,0,0.5043536882127148
depression,Logistic Regression,3,83989,1,0.6915321582647244
depression,Logistic Regression,3,83996,0,0.4793365353471491
depression,Logistic Regression,3,84006,0,0.6391101738584539
depression,Logistic Regression,3,84015,0,0.543458610769989
depression,Logistic Regression,3,84022,0,0.49993282912714293
depression,Logistic Regression,3,84029,0,0.6006609141048739
depression,Logistic Regression,3,84036,0,0.3065614703580486
depression,Logistic Regression,3,84046,0,0.2771214672891933
depression,Logistic Regression,3,84058,0,0.5151286477656345
depression,Logistic Regression,3,84069,0,0.5264405355126198
depression,Logistic Regression,3,84077,0,0.3530607284655107
depression,Logistic Regression,3,84089,0,0.355022919159762
depression,Logistic Regression,3,84101,0,0.2749488469666022
depression,Logistic Regression,3,84110,0,0.5746277120231238
depression,Logistic Regression,3,84118,0,0.5474064331043038
depression,Logistic Regression,3,84125,1,0.37376000940717635
depression,Logistic Regression,3,84126,0,0.583116453726001
depression,Logistic Regression,3,84143,0,0.7200349096849455
depression,Logistic Regression,3,84167,0,0.28088006304999935
depression,Logistic Regression,3,84172,0,0.5718093431941923
depression,Logistic Regression,3,84181,1,0.5891873778912572
depression,Logistic Regression,3,84192,0,0.5868073426759746
depression,Logistic Regression,3,84200,0,0.4862400296785041
depression,Logistic Regression,3,84211,0,0.2247813071794525
depression,Logistic Regression,3,84218,0,0.2202764233386801
depression,Logistic Regression,3,84228,0,0.49381506137715586
depression,Logistic Regression,3,84235,0,0.5488420015650461
depression,Logistic Regression,3,84238,0,0.6048488887207465
depression,Logistic Regression,3,84251,1,0.4454871925174064
depression,Logistic Regression,3,84269,0,0.49565940322689916
depression,Logistic Regression,3,84282,0,0.4186541091980215
depression,Logistic Regression,3,84292,0,0.48104914720367603
depression,Logistic Regression,3,84300,0,0.5550332095285399
depression,Logistic Regression,3,84309,0,0.4513299379372819
depression,Logistic Regression,3,84321,0,0.5513089111351533
depression,Logistic Regression,3,84336,0,0.48948104546475163
depression,Logistic Regression,3,84354,0,0.4831711990606135
depression,Logistic Regression,3,84366,0,0.6199034572755733
depression,Logistic Regression,3,84376,0,0.4299253468276975
depression,Logistic Regression,3,84384,0,0.23117943543355657
depression,Logistic Regression,3,84391,0,0.24940655328068784
depression,Logistic Regression,3,84396,0,0.6244338892257779
depression,Logistic Regression,3,84404,0,0.36372078626327464
depression,Logistic Regression,3,84412,0,0.6554923351201007
depression,Logistic Regression,3,84424,0,0.39331740904961743
depression,Logistic Regression,3,84431,0,0.4710486126873255
depression,Logistic Regression,3,84443,0,0.4407727066570279
depression,Logistic Regression,3,84453,0,0.5059299109571379
depression,Logistic Regression,3,84463,0,0.16239956307938982
depression,Logistic Regression,3,84467,0,0.345330738065343
depression,Logistic Regression,3,84482,0,0.2756149162771991
depression,Logistic Regression,3,84488,0,0.47561292197344845
depression,Logistic Regression,3,84498,0,0.31480263322878704
depression,Logistic Regression,3,84511,0,0.27261445347130414
depression,Logistic Regression,3,84532,0,0.6604304435029668
depression,Logistic Regression,3,84540,0,0.5077422116637514
depression,Logistic Regression,3,84548,0,0.43943245254018853
depression,Logistic Regression,3,84556,0,0.544308559491458
depression,Logistic Regression,3,84567,0,0.5448122924857071
depression,Logistic Regression,3,84579,0,0.22684774127299537
depression,Logistic Regression,3,84584,0,0.5491035692927951
depression,Logistic Regression,3,84594,0,0.3133264416223886
depression,Logistic Regression,3,84602,0,0.3843730381878451
depression,Logistic Regression,3,84612,0,0.3860171482276747
depression,Logistic Regression,3,84619,0,0.5320181381918184
depression,Logistic Regression,3,84626,0,0.2383223067558603
depression,Logistic Regression,3,84640,0,0.3114130342577347
depression,Logistic Regression,3,84649,0,0.2017930087078855
depression,Logistic Regression,3,84660,0,0.23304507712873992
depression,Logistic Regression,3,84668,0,0.5683869717244837
depression,Logistic Regression,3,84676,1,0.5864559718317548
depression,Logistic Regression,3,84685,0,0.5729188515702703
depression,Logistic Regression,3,84695,1,0.6248231040546328
depression,Logistic Regression,3,84704,0,0.5068755041013708
depression,Logistic Regression,3,84707,0,0.2802897483879577
depression,Logistic Regression,3,84719,0,0.36807665495982905
depression,Logistic Regression,3,84732,0,0.48749957337579625
depression,Logistic Regression,3,84741,0,0.5740905413833981
depression,Logistic Regression,3,84752,0,0.4213595080131543
depression,Logistic Regression,3,84759,0,0.6599458926438515
depression,Logistic Regression,3,84766,0,0.2780842739981252
depression,Logistic Regression,3,84768,0,0.5619534029624845
depression,Logistic Regression,3,84777,0,0.41696668041633217
depression,Logistic Regression,3,84786,0,0.42161407142394935
depression,Logistic Regression,3,84795,0,0.27808338610632766
depression,Logistic Regression,3,84802,0,0.4451130736500152
depression,Logistic Regression,3,84810,0,0.47212466800857533
depression,Logistic Regression,3,84825,1,0.5522672752569548
depression,Logistic Regression,3,84831,0,0.6098765771231723
depression,Logistic Regression,3,84838,0,0.16578313349615098
depression,Logistic Regression,3,84849,0,0.30685382598801
depression,Logistic Regression,3,84859,0,0.48565601237014516
depression,Logistic Regression,3,84868,0,0.4323901463357206
depression,Logistic Regression,3,84879,0,0.7056440512919971
depression,Logistic Regression,3,84891,0,0.5654805739899822
depression,Logistic Regression,3,84900,0,0.20568370317944856
depression,Logistic Regression,3,84906,0,0.463526992459451
depression,Logistic Regression,3,84915,0,0.4563901696029686
depression,Logistic Regression,3,84921,0,0.5601211319079931
depression,Logistic Regression,3,84929,0,0.6931406680835047
depression,Logistic Regression,3,84932,0,0.6301180334832753
depression,Logistic Regression,3,84945,0,0.26081143656357847
depression,Logistic Regression,3,84948,0,0.27009329552732786
depression,Logistic Regression,3,84964,0,0.6008690237342574
depression,Logistic Regression,3,84974,0,0.384675280599138
depression,Logistic Regression,3,84979,0,0.4308775414600696
depression,Logistic Regression,3,84998,0,0.5961786245909578
depression,Logistic Regression,3,85003,0,0.6861004311388773
depression,Logistic Regression,3,85017,0,0.235019209755482
depression,Logistic Regression,3,85020,0,0.6025633326053019
depression,Logistic Regression,3,85037,0,0.271766925156045
depression,Logistic Regression,3,85043,0,0.5363469039161024
depression,Logistic Regression,3,85053,0,0.48296707114699433
depression,Logistic Regression,3,85062,0,0.4130566662784103
depression,Logistic Regression,3,85069,0,0.4943663415382515
depression,Logistic Regression,3,85088,0,0.6053631729469144
depression,Logistic Regression,3,85098,1,0.6962612537442675
depression,Logistic Regression,3,85110,0,0.20613187520014764
depression,Logistic Regression,3,85118,0,0.4020183825104716
depression,Logistic Regression,3,85128,0,0.20345367916533236
depression,Logistic Regression,3,85142,0,0.602449512462411
depression,Logistic Regression,3,85152,0,0.4322103182574768
depression,Logistic Regression,3,85160,0,0.6593600715274204
depression,Logistic Regression,3,85166,0,0.6190958370573221
depression,Logistic Regression,3,85177,0,0.6523818436205707
depression,Logistic Regression,3,85190,0,0.6513243145511932
depression,Logistic Regression,3,85200,0,0.3783165272987344
depression,Logistic Regression,3,85211,0,0.18597538098148805
depression,Logistic Regression,3,85216,0,0.5934590448793969
depression,Logistic Regression,3,85224,0,0.3576332237465405
depression,Logistic Regression,3,85232,0,0.24134445066682877
depression,Logistic Regression,3,85239,0,0.6996187057738327
depression,Logistic Regression,3,85246,0,0.554741292673526
depression,Logistic Regression,3,85256,0,0.4534206115654276
depression,Logistic Regression,3,85263,0,0.4486244822443284
depression,Logistic Regression,3,85275,0,0.5608820526805325
depression,Logistic Regression,3,85284,0,0.3000560861734664
depression,Logistic Regression,3,85291,0,0.256093399586054
depression,Logistic Regression,3,85297,0,0.6394033648392796
depression,Logistic Regression,3,85309,0,0.5785983975569647
depression,Logistic Regression,3,85319,0,0.6140388056693953
depression,Logistic Regression,3,85325,0,0.2944735525930743
depression,Logistic Regression,3,85338,0,0.3646396845925621
depression,Logistic Regression,3,85346,1,0.7034581601116731
depression,Logistic Regression,3,85355,0,0.2243040441069959
depression,Logistic Regression,3,85363,0,0.5042620087689639
depression,Logistic Regression,3,85374,0,0.5928901888321624
depression,Logistic Regression,3,85380,1,0.5602424114565798
depression,Logistic Regression,3,85384,0,0.5074330369490007
depression,Logistic Regression,3,85396,0,0.4376519895841557
depression,Logistic Regression,3,85402,0,0.45892948438331166
depression,Logistic Regression,3,85415,0,0.5533435165826792
depression,Logistic Regression,3,85424,0,0.5376107522527283
depression,Logistic Regression,3,85435,0,0.20781895609848824
depression,Logistic Regression,3,85444,1,0.6905984633373503
depression,Logistic Regression,3,85451,0,0.29532845894667487
depression,Logistic Regression,3,85465,0,0.6523217173232828
depression,Logistic Regression,3,85476,0,0.6090570799383848
depression,Logistic Regression,3,85481,0,0.4210246346556329
depression,Logistic Regression,3,85492,0,0.5648722989106825
depression,Logistic Regression,3,85503,0,0.5000672805539843
depression,Logistic Regression,3,85516,0,0.5955548374324654
depression,Logistic Regression,3,85525,0,0.7407472393080057
depression,Logistic Regression,3,85531,0,0.4214466298648668
depression,Logistic Regression,3,85541,0,0.31362042678572355
depression,Logistic Regression,3,85549,0,0.6131606131719326
depression,Logistic Regression,3,85562,0,0.21804765183930536
depression,Logistic Regression,3,85576,0,0.3766730662392274
depression,Logistic Regression,3,85585,0,0.4995544581844538
depression,Logistic Regression,3,85591,1,0.5429172462737171
depression,Logistic Regression,3,85594,0,0.20245605866668415
depression,Logistic Regression,3,85603,0,0.4864203817922432
depression,Logistic Regression,3,85626,0,0.617911180716133
depression,Logistic Regression,3,85634,0,0.40800569609084847
depression,Logistic Regression,3,85648,1,0.5026265109278841
depression,Logistic Regression,3,85659,0,0.29976926291981515
depression,Logistic Regression,3,85664,0,0.27534050076498967
depression,Logistic Regression,3,85672,0,0.5939234849217366
depression,Logistic Regression,3,85678,0,0.22335168039852077
depression,Logistic Regression,3,85696,1,0.6096350875403711
depression,Logistic Regression,3,85702,0,0.6241124358187299
depression,Logistic Regression,3,85714,0,0.47693437845282866
depression,Logistic Regression,3,85725,0,0.6400346451994083
depression,Logistic Regression,3,85731,0,0.5252029799815635
depression,Logistic Regression,3,85739,0,0.31288431871115646
depression,Logistic Regression,3,85748,0,0.5391735373941376
depression,Logistic Regression,3,85760,0,0.3618216762558324
depression,Logistic Regression,3,85775,0,0.4290978176877345
depression,Logistic Regression,3,85781,1,0.5111695169943813
depression,Logistic Regression,3,85787,0,0.33715913793736124
depression,Logistic Regression,3,85796,0,0.4685062926960003
depression,Logistic Regression,3,85808,0,0.49952229636639234
depression,Logistic Regression,3,85815,0,0.30269877506804876
depression,Logistic Regression,3,85825,0,0.4715363072986809
depression,Logistic Regression,3,85833,0,0.4068508394499349
depression,Logistic Regression,3,85845,0,0.44861533948517585
depression,Logistic Regression,3,85854,0,0.43915043512528235
depression,Logistic Regression,3,85858,0,0.29632859167606407
depression,Logistic Regression,3,85866,0,0.5143877396746861
depression,Logistic Regression,3,85875,0,0.20278819271522272
depression,Logistic Regression,3,85885,0,0.4593246556989776
depression,Logistic Regression,3,85886,0,0.5898596313159302
depression,Logistic Regression,3,85900,0,0.5369670784708696
depression,Logistic Regression,3,85911,0,0.5139204769334154
depression,Logistic Regression,3,85925,0,0.4358441714926419
depression,Logistic Regression,3,85936,0,0.5114655880336044
depression,Logistic Regression,3,85944,0,0.29817824893444417
depression,Logistic Regression,3,85955,0,0.43730653097434424
depression,Logistic Regression,3,85963,0,0.6018909656333904
depression,Logistic Regression,3,85970,0,0.2972221657511664
depression,Logistic Regression,3,85980,0,0.5787235570477728
depression,Logistic Regression,3,85991,0,0.412815197871558
depression,Logistic Regression,3,85997,0,0.49596707423662095
depression,Logistic Regression,3,86002,0,0.5744256030035608
depression,Logistic Regression,3,86011,0,0.25936259013392343
depression,Logistic Regression,3,86021,0,0.6339232673700781
depression,Logistic Regression,3,86029,0,0.310763258812561
depression,Logistic Regression,3,86036,0,0.6139977633905306
depression,Logistic Regression,3,86044,0,0.648112459883657
depression,Logistic Regression,3,86054,1,0.45574549171696954
depression,Logistic Regression,3,86060,1,0.5541799341457847
depression,Logistic Regression,3,86068,0,0.5484347416248241
depression,Logistic Regression,3,86071,0,0.6558034605065963
depression,Logistic Regression,3,86085,0,0.38518186615322675
depression,Logistic Regression,3,86092,0,0.5262270144941261
depression,Logistic Regression,3,86098,0,0.23695754271741754
depression,Logistic Regression,3,86109,0,0.2035647515259657
depression,Logistic Regression,3,86127,1,0.6661532132353665
depression,Logistic Regression,3,86139,0,0.4042045498926467
depression,Logistic Regression,3,86151,0,0.23399689153922948
depression,Logistic Regression,3,86158,1,0.6795662232213786
depression,Logistic Regression,3,86167,0,0.33816165078687443
depression,Logistic Regression,3,86176,0,0.6224848045599334
depression,Logistic Regression,3,86183,0,0.5280236443039992
depression,Logistic Regression,3,86190,0,0.5596773093921662
depression,Logistic Regression,3,86197,0,0.5349201104766327
depression,Logistic Regression,3,86209,0,0.49283763926895663
depression,Logistic Regression,3,86218,0,0.574840450740347
depression,Logistic Regression,3,86223,0,0.7019597137881638
depression,Logistic Regression,3,86231,0,0.30550496379540915
depression,Logistic Regression,3,86241,0,0.46902807527672075
depression,Logistic Regression,3,86244,0,0.5225076740508474
depression,Logistic Regression,3,86258,0,0.6764548388073999
depression,Logistic Regression,3,86272,0,0.5094892635020708
depression,Logistic Regression,3,86278,0,0.6152751251920021
depression,Logistic Regression,3,86285,0,0.6365965030030502
depression,Logistic Regression,3,86296,0,0.4221423575565705
depression,Logistic Regression,3,86301,0,0.5196487812914803
depression,Logistic Regression,3,86319,0,0.6104468302315756
depression,Logistic Regression,3,86326,0,0.5715679405164186
depression,Logistic Regression,3,86334,0,0.42668029317101247
depression,Logistic Regression,3,86347,1,0.5452102928863181
depression,Logistic Regression,3,86352,0,0.45924431745126154
depression,Logistic Regression,3,86360,0,0.6236202992516522
depression,Logistic Regression,3,86366,0,0.27602464749979283
depression,Logistic Regression,3,86379,0,0.5125169311251058
depression,Logistic Regression,3,86395,1,0.6181428110339846
depression,Logistic Regression,3,86402,0,0.4917976457312246
depression,Logistic Regression,3,86416,1,0.6864014178563678
depression,Logistic Regression,3,86428,0,0.5323121388616395
depression,Logistic Regression,3,86436,0,0.5312525718446494
depression,Logistic Regression,3,86447,0,0.6513127749028851
depression,Logistic Regression,3,86456,0,0.4134924317614896
depression,Logistic Regression,3,86461,0,0.5615574981589784
depression,Logistic Regression,3,86476,0,0.5101742360300422
depression,Logistic Regression,3,86490,1,0.5076043076067018
depression,Logistic Regression,3,86499,0,0.412815197871558
depression,Logistic Regression,3,86510,0,0.6225334251320541
depression,Logistic Regression,3,86517,0,0.5505299326418385
depression,Logistic Regression,3,86522,0,0.6758872326251733
depression,Logistic Regression,3,86532,0,0.6271692439189174
depression,Logistic Regression,3,86541,0,0.5689657170856793
depression,Logistic Regression,3,86553,0,0.352530481627754
depression,Logistic Regression,3,86563,0,0.20445567470244944
depression,Logistic Regression,3,86564,0,0.18886372722560016
depression,Logistic Regression,3,86573,0,0.373842117890747
depression,Logistic Regression,3,86583,0,0.38807636345003005
depression,Logistic Regression,3,86592,1,0.2434674708708195
depression,Logistic Regression,3,86600,0,0.61238007988944
depression,Logistic Regression,3,86610,0,0.5860042412261339
depression,Logistic Regression,3,86620,0,0.4522097033875683
depression,Logistic Regression,3,86629,0,0.5461467561276095
depression,Logistic Regression,3,86640,1,0.5515917209444328
depression,Logistic Regression,3,86649,0,0.7296005529375398
depression,Logistic Regression,3,86661,1,0.6224508963874297
depression,Logistic Regression,3,86666,0,0.49314639922003484
depression,Logistic Regression,3,86671,0,0.46668630957549434
depression,Logistic Regression,3,86677,0,0.4938468579999334
depression,Logistic Regression,3,86698,0,0.5241052519372132
depression,Logistic Regression,3,86706,0,0.5996738416854289
depression,Logistic Regression,3,86715,1,0.4706360651259299
depression,Logistic Regression,3,86719,0,0.48888805142058417
depression,Logistic Regression,3,86731,0,0.4804921329051356
depression,Logistic Regression,3,86740,0,0.40639010013034654
depression,Logistic Regression,3,86746,0,0.5509701931558108
depression,Logistic Regression,3,86756,0,0.6309883554463624
depression,Logistic Regression,3,86771,0,0.5513854665360279
depression,Logistic Regression,3,86778,0,0.27780834277440464
depression,Logistic Regression,3,86794,0,0.5122760047866738
depression,Logistic Regression,3,86802,0,0.5788195555989042
depression,Logistic Regression,3,86814,0,0.5903060488545488
depression,Logistic Regression,3,86820,0,0.16305309074996435
depression,Logistic Regression,3,86831,0,0.6835069549907441
depression,Logistic Regression,3,86844,0,0.526057276077056
depression,Logistic Regression,3,86863,0,0.3191028075050191
depression,Logistic Regression,3,86872,0,0.7149052953174346
depression,Logistic Regression,3,86882,0,0.5846845026610703
depression,Logistic Regression,3,86887,0,0.6068359381593788
depression,Logistic Regression,3,86899,0,0.5331317872242671
depression,Logistic Regression,3,86910,0,0.5677246869352071
depression,Logistic Regression,3,86928,0,0.47838246972384396
depression,Logistic Regression,3,86941,0,0.551986059916854
depression,Logistic Regression,3,86949,0,0.2644930291129379
depression,Logistic Regression,3,86966,0,0.34414784504852425
depression,Logistic Regression,3,86971,0,0.2744137858770703
depression,Logistic Regression,3,86980,0,0.3010427521012779
depression,Logistic Regression,3,86986,0,0.6133999736529454
depression,Logistic Regression,3,86994,0,0.47967978761461955
depression,Logistic Regression,3,87003,0,0.4068476374789475
depression,Logistic Regression,3,87010,0,0.5885690710735995
depression,Logistic Regression,3,87026,0,0.6988327756060269
depression,Logistic Regression,3,87036,0,0.18227022032133142
depression,Logistic Regression,3,87048,0,0.44727073178852156
depression,Logistic Regression,3,87053,0,0.6943249820014379
depression,Logistic Regression,3,87064,1,0.558690729998402
depression,Logistic Regression,3,87074,0,0.2243040441069959
depression,Logistic Regression,3,87084,0,0.5361787355356037
depression,Logistic Regression,3,87100,0,0.4732624765269611
depression,Logistic Regression,3,87114,0,0.5302121995646552
depression,Logistic Regression,3,87124,0,0.5287888720915477
depression,Logistic Regression,3,87131,0,0.6164719020523808
depression,Logistic Regression,3,87147,0,0.6346305187586468
depression,Logistic Regression,3,87155,0,0.3531524981082444
depression,Logistic Regression,3,87161,0,0.5294586785706458
depression,Logistic Regression,3,87166,0,0.4333310236986332
depression,Logistic Regression,3,87172,0,0.6271843261906429
depression,Logistic Regression,3,87179,0,0.6545348179477896
depression,Logistic Regression,3,87190,0,0.29496648943476345
depression,Logistic Regression,3,87198,0,0.5223374529942678
depression,Logistic Regression,3,87207,0,0.48446903922084267
depression,Logistic Regression,3,87210,0,0.4023906358260975
depression,Logistic Regression,3,87225,0,0.5073694075912962
depression,Logistic Regression,3,87233,0,0.24607597709541945
depression,Logistic Regression,3,87242,0,0.5736479277043243
depression,Logistic Regression,3,87248,0,0.22039413868734362
depression,Logistic Regression,3,87256,0,0.52093623476141
depression,Logistic Regression,3,87261,0,0.6238345667612757
depression,Logistic Regression,3,87270,0,0.3881186388550119
depression,Logistic Regression,3,87278,0,0.20557177306799418
depression,Logistic Regression,3,87289,0,0.5935263707758395
depression,Logistic Regression,3,87297,0,0.33038190467742196
depression,Logistic Regression,3,87310,0,0.21056890550356946
depression,Logistic Regression,3,87318,0,0.5675745305691151
depression,Logistic Regression,3,87324,0,0.2911617782119781
depression,Logistic Regression,3,87334,0,0.4557432976403975
depression,Logistic Regression,3,87344,0,0.24347625130909284
depression,Logistic Regression,3,87353,0,0.2818037947914929
depression,Logistic Regression,3,87365,0,0.379086896244478
depression,Logistic Regression,3,87375,0,0.6138215081993994
depression,Logistic Regression,3,87387,1,0.5171062521346774
depression,Logistic Regression,3,87398,0,0.6050706075261522
depression,Logistic Regression,3,87416,0,0.68057153044621
depression,Logistic Regression,3,87425,0,0.4294432807656039
depression,Logistic Regression,3,87430,0,0.46783680228517144
depression,Logistic Regression,3,87440,0,0.6216789216954149
depression,Logistic Regression,3,87451,0,0.6879838263659684
depression,Logistic Regression,3,87462,0,0.6033970529967693
depression,Logistic Regression,3,87472,0,0.2411958191652891
depression,Logistic Regression,3,87476,0,0.5504626469500601
depression,Logistic Regression,3,87483,0,0.48345489044163625
depression,Logistic Regression,3,87494,0,0.5722840810277061
depression,Logistic Regression,3,87501,1,0.5033147839116369
depression,Logistic Regression,3,87510,0,0.41000443135130055
depression,Logistic Regression,3,87520,0,0.39180337037243207
depression,Logistic Regression,3,87530,0,0.2077061678582644
depression,Logistic Regression,3,87544,0,0.32447585227010645
depression,Logistic Regression,3,87556,0,0.36804588284891226
depression,Logistic Regression,3,87565,0,0.27835859678764285
depression,Logistic Regression,3,87582,0,0.21769735007079136
depression,Logistic Regression,3,87591,0,0.3982865062753746
depression,Logistic Regression,3,87598,0,0.6236109449232791
depression,Logistic Regression,3,87606,0,0.7192586393239684
depression,Logistic Regression,3,87627,1,0.5661121736770022
depression,Logistic Regression,3,87638,0,0.7014716971821323
depression,Logistic Regression,3,87652,0,0.6002242783724439
depression,Logistic Regression,3,87654,1,0.5999020903312862
depression,Logistic Regression,3,87673,0,0.6268107295707503
depression,Logistic Regression,3,87690,0,0.4617924668674854
depression,Logistic Regression,3,87707,0,0.5678777885264177
depression,Logistic Regression,3,87719,0,0.4914800966928766
depression,Logistic Regression,3,87733,0,0.38352822279892773
depression,Logistic Regression,3,87742,0,0.5860540860969472
depression,Logistic Regression,3,87756,0,0.3145061406172785
depression,Logistic Regression,3,87766,0,0.3913058662743846
depression,Logistic Regression,3,87770,0,0.42735093036643307
depression,Logistic Regression,3,87780,0,0.4967411339876115
depression,Logistic Regression,3,87791,0,0.4366337290668969
depression,Logistic Regression,3,87797,0,0.5842101424097549
depression,Logistic Regression,3,87806,0,0.22373821522307483
depression,Logistic Regression,3,87816,0,0.2640498313324441
depression,Logistic Regression,3,87827,0,0.2757809029923616
depression,Logistic Regression,3,87832,0,0.3711344071597716
depression,Logistic Regression,3,87844,0,0.5648753490846625
depression,Logistic Regression,3,87852,0,0.2767098450432368
depression,Logistic Regression,3,87865,0,0.20895005412933773
depression,Logistic Regression,3,87875,0,0.2077061678582644
depression,Logistic Regression,3,87895,1,0.6949248714817244
depression,Logistic Regression,3,87901,0,0.5535117768816072
depression,Logistic Regression,3,87910,1,0.6204696168803189
depression,Logistic Regression,3,87920,0,0.6376688663762747
depression,Logistic Regression,3,87942,0,0.6152819626320946
depression,Logistic Regression,3,87945,0,0.44530474223379646
depression,Logistic Regression,3,87954,0,0.46580232881468525
depression,Logistic Regression,3,87961,0,0.6582356784325428
depression,Logistic Regression,3,87971,0,0.5265686782624133
depression,Logistic Regression,3,87983,1,0.5249720889161038
depression,Logistic Regression,3,87990,0,0.5984304634123985
depression,Logistic Regression,3,88002,0,0.2032316698376403
depression,Logistic Regression,3,88018,0,0.20534804831028905
depression,Logistic Regression,3,88025,1,0.6354213682749826
depression,Logistic Regression,3,88034,0,0.6874234293814298
depression,Logistic Regression,3,88047,0,0.637950103053785
depression,Logistic Regression,3,88055,0,0.5646668521692563
depression,Logistic Regression,3,88070,0,0.412815197871558
depression,Logistic Regression,3,88079,0,0.6341833286762136
depression,Logistic Regression,3,88087,0,0.5325883098534585
depression,Logistic Regression,3,88096,0,0.45065018907643223
depression,Logistic Regression,3,88104,0,0.5634248030033725
depression,Logistic Regression,3,88113,0,0.6266310817898108
depression,Logistic Regression,3,88123,0,0.5068391409949693
depression,Logistic Regression,3,88132,0,0.37848560015192917
depression,Logistic Regression,3,88144,0,0.5090804430311717
depression,Logistic Regression,3,88151,0,0.6412078050916095
depression,Logistic Regression,3,88158,0,0.5481313485630327
depression,Logistic Regression,3,88168,1,0.3119188177597709
depression,Logistic Regression,3,88174,0,0.3679699508967672
depression,Logistic Regression,3,88184,0,0.3198496218836838
depression,Logistic Regression,3,88194,0,0.40272130518233257
depression,Logistic Regression,3,88203,0,0.5711084894503891
depression,Logistic Regression,3,88211,0,0.6406351588312562
depression,Logistic Regression,3,88222,0,0.5267482281092165
depression,Logistic Regression,3,88231,1,0.5147977549966484
depression,Logistic Regression,3,88241,0,0.4352457593607686
depression,Logistic Regression,3,88255,0,0.49899883136384576
depression,Logistic Regression,3,88261,0,0.6974445721475901
depression,Logistic Regression,3,88272,0,0.4062540119673186
depression,Logistic Regression,3,88289,0,0.27329438123500793
depression,Logistic Regression,3,88298,1,0.6514363302716698
depression,Logistic Regression,3,88301,0,0.22240220093945426
depression,Logistic Regression,3,88310,0,0.525811191206344
depression,Logistic Regression,3,88320,0,0.42818851935324076
depression,Logistic Regression,3,88332,0,0.6428290921237795
depression,Logistic Regression,3,88338,0,0.2186331465819475
depression,Logistic Regression,3,88348,0,0.6519771091786429
depression,Logistic Regression,3,88360,0,0.5231261489387744
depression,Logistic Regression,3,88369,1,0.6099596677344385
depression,Logistic Regression,3,88385,0,0.43596625948179946
depression,Logistic Regression,3,88393,1,0.42369953129720633
depression,Logistic Regression,3,88402,0,0.45652282159515334
depression,Logistic Regression,3,88413,0,0.611852671776442
depression,Logistic Regression,3,88425,0,0.2418740126633255
depression,Logistic Regression,3,88432,0,0.1648376252620541
depression,Logistic Regression,3,88436,0,0.5965236377029287
depression,Logistic Regression,3,88450,0,0.37972387049365075
depression,Logistic Regression,3,88460,0,0.3495515329147432
depression,Logistic Regression,3,88469,0,0.23750955967861884
depression,Logistic Regression,3,88480,0,0.5987936692449976
depression,Logistic Regression,3,88483,0,0.5242214387319002
depression,Logistic Regression,3,88504,1,0.6788805305077484
depression,Logistic Regression,3,88518,0,0.7052347185054257
depression,Logistic Regression,3,88529,1,0.6801731575740642
depression,Logistic Regression,3,88537,0,0.3657029966230277
depression,Logistic Regression,3,88543,0,0.5250500504142447
depression,Logistic Regression,3,88556,0,0.21737038116003976
depression,Logistic Regression,3,88566,0,0.5432952954587281
depression,Logistic Regression,3,88576,0,0.3650958890555326
depression,Logistic Regression,3,88589,0,0.41766338537818154
depression,Logistic Regression,3,88601,0,0.7023675874565667
depression,Logistic Regression,3,88608,0,0.6804034784432855
depression,Logistic Regression,3,88614,0,0.615811316470421
depression,Logistic Regression,3,88621,0,0.7040255418926411
depression,Logistic Regression,3,88629,0,0.5228094380737156
depression,Logistic Regression,3,88638,0,0.43138136549905426
depression,Logistic Regression,3,88650,0,0.6219458936332607
depression,Logistic Regression,3,88654,0,0.6834081232958297
depression,Logistic Regression,3,88664,1,0.5167295865328311
depression,Logistic Regression,3,88666,0,0.4588834640846919
depression,Logistic Regression,3,88677,0,0.33892888492040857
depression,Logistic Regression,3,88686,0,0.5785642946614364
depression,Logistic Regression,3,88695,0,0.6523324920123132
depression,Logistic Regression,3,88704,0,0.6314330266071773
depression,Logistic Regression,3,88713,0,0.29561374790964523
depression,Logistic Regression,3,88724,0,0.5501234946416824
depression,Logistic Regression,3,88733,0,0.5046936020777733
depression,Logistic Regression,3,88744,0,0.6232881736068243
depression,Logistic Regression,3,88757,0,0.45748707258329263
depression,Logistic Regression,3,88766,0,0.22433383676375748
depression,Logistic Regression,3,88786,0,0.5925340976284721
depression,Logistic Regression,3,88792,0,0.5934599263023678
depression,Logistic Regression,3,88801,0,0.25893334203237833
depression,Logistic Regression,3,88811,0,0.46344534469063975
depression,Logistic Regression,3,88829,0,0.22516959882062487
depression,Logistic Regression,3,88838,0,0.36571082063493854
depression,Logistic Regression,3,88847,0,0.40033430450810065
depression,Logistic Regression,3,88851,1,0.6997626903770867
depression,Logistic Regression,3,88859,0,0.48749579295156287
depression,Logistic Regression,3,88870,0,0.5260040767849528
depression,Logistic Regression,3,88877,0,0.6308534478560545
depression,Logistic Regression,3,88885,0,0.47621745038625735
depression,Logistic Regression,3,88892,0,0.512014012217622
depression,Logistic Regression,3,88896,0,0.36938373884938625
depression,Logistic Regression,3,88906,0,0.3066609222785501
depression,Logistic Regression,3,88915,0,0.6146885971543965
depression,Logistic Regression,3,88918,0,0.5101742360300422
depression,Logistic Regression,3,88927,0,0.6427710677456517
depression,Logistic Regression,3,88935,0,0.2916355755707309
depression,Logistic Regression,3,88944,0,0.38463135379123065
depression,Logistic Regression,3,88956,0,0.6026433272071821
depression,Logistic Regression,3,88970,0,0.22732883053092748
depression,Logistic Regression,3,88983,0,0.4650651631306808
depression,Logistic Regression,3,88994,0,0.5883040943043897
depression,Logistic Regression,3,89009,0,0.6195027342636408
depression,Logistic Regression,3,89019,0,0.5268973317326153
depression,Logistic Regression,3,89028,0,0.5295141213882606
depression,Logistic Regression,3,89038,0,0.5120129071553313
depression,Logistic Regression,3,89044,0,0.20736807416581718
depression,Logistic Regression,3,89067,0,0.5098340701919334
depression,Logistic Regression,3,89073,0,0.5909875835216887
depression,Logistic Regression,3,89084,0,0.7060911624724203
depression,Logistic Regression,3,89096,0,0.6552380362998478
depression,Logistic Regression,3,89103,0,0.5248165059851975
depression,Logistic Regression,3,89111,0,0.4285008175423523
depression,Logistic Regression,3,89122,1,0.5976120058997896
depression,Logistic Regression,3,89128,0,0.43849539737266935
depression,Logistic Regression,3,89137,0,0.2198060131409258
depression,Logistic Regression,3,89156,0,0.6176404617290749
depression,Logistic Regression,3,89161,0,0.6494237451120636
depression,Logistic Regression,3,89168,0,0.6044234051302563
depression,Logistic Regression,3,89175,0,0.4409250297291733
depression,Logistic Regression,3,89183,0,0.6701426792049314
depression,Logistic Regression,3,89190,0,0.42472469508939464
depression,Logistic Regression,3,89203,0,0.3197408795300097
depression,Logistic Regression,3,89208,1,0.49541945350132927
depression,Logistic Regression,3,89230,0,0.5117961104465135
depression,Logistic Regression,3,89237,0,0.5235034670589434
depression,Logistic Regression,3,89249,0,0.2754772459706491
depression,Logistic Regression,3,89261,0,0.4095290672548744
depression,Logistic Regression,3,89268,0,0.38936778910984826
depression,Logistic Regression,3,89278,0,0.31955155434708893
depression,Logistic Regression,3,89289,0,0.5811813880795459
depression,Logistic Regression,3,89299,0,0.4796785786083623
depression,Logistic Regression,3,89305,0,0.5077766819126776
depression,Logistic Regression,3,89316,0,0.544653754406405
depression,Logistic Regression,3,89325,0,0.3286874174216739
depression,Logistic Regression,3,89332,0,0.5717432211082264
depression,Logistic Regression,3,89346,0,0.29259168686761217
depression,Logistic Regression,3,89352,0,0.2767592713569688
depression,Logistic Regression,3,89359,0,0.6198774275133483
depression,Logistic Regression,3,89371,1,0.5972152362834915
depression,Logistic Regression,3,89384,0,0.37302260285198324
depression,Logistic Regression,3,89397,0,0.5999940517932693
depression,Logistic Regression,3,89407,0,0.42205778515200526
depression,Logistic Regression,3,89420,0,0.5603406153454921
depression,Logistic Regression,3,89435,0,0.5502772184560542
depression,Logistic Regression,3,89442,0,0.48092515864368984
depression,Logistic Regression,3,89453,0,0.5388364675501024
depression,Logistic Regression,3,89462,0,0.1652153081587475
depression,Logistic Regression,3,89472,0,0.21804840594076577
depression,Logistic Regression,3,89477,0,0.2072554666087466
depression,Logistic Regression,3,89491,0,0.20546061011824895
depression,Logistic Regression,3,89499,0,0.5267810812413141
depression,Logistic Regression,3,89511,1,0.6089898834137237
depression,Logistic Regression,3,89518,0,0.6483826419367872
depression,Logistic Regression,3,89541,0,0.6356798402113025
depression,Logistic Regression,3,89549,0,0.6068286406346642
depression,Logistic Regression,3,89553,0,0.23708146194192464
depression,Logistic Regression,3,89565,1,0.4334774255631788
depression,Logistic Regression,3,89573,0,0.4820317508717971
depression,Logistic Regression,3,89579,0,0.16427240068045537
depression,Logistic Regression,3,89586,0,0.4778462241430479
depression,Logistic Regression,3,89591,0,0.5035071793988354
depression,Logistic Regression,3,89599,0,0.614735390402536
depression,Logistic Regression,3,89602,0,0.577864762335821
depression,Logistic Regression,3,89612,0,0.22311404009006272
depression,Logistic Regression,3,89619,0,0.2072554666087466
depression,Logistic Regression,3,89632,0,0.21898453265063372
depression,Logistic Regression,3,89639,1,0.47067810770320195
depression,Logistic Regression,3,89645,0,0.457747398499572
depression,Logistic Regression,3,89650,0,0.3658818733797813
depression,Logistic Regression,3,89656,0,0.25031440089445306
depression,Logistic Regression,3,89670,0,0.363043478863598
depression,Logistic Regression,3,89677,0,0.5736388878247557
depression,Logistic Regression,3,89686,0,0.5318796636476022
depression,Logistic Regression,3,89700,0,0.2893749205763581
depression,Logistic Regression,3,89705,0,0.5454231330146944
depression,Logistic Regression,3,89712,0,0.4372502632370749
depression,Logistic Regression,3,89722,0,0.3375980903394363
depression,Logistic Regression,3,89729,0,0.22074679462338492
depression,Logistic Regression,3,89734,0,0.638143698674768
depression,Logistic Regression,3,89743,0,0.2776708838974393
depression,Logistic Regression,3,89761,0,0.6181413062899548
depression,Logistic Regression,3,89774,0,0.43721523975291005
depression,Logistic Regression,3,89787,0,0.5727181360647869
depression,Logistic Regression,3,89793,0,0.22051113893368224
depression,Logistic Regression,3,89800,0,0.3569273457520891
depression,Logistic Regression,3,89804,1,0.2742480556356366
depression,Logistic Regression,3,89813,0,0.5070123085533048
depression,Logistic Regression,3,89823,1,0.4697577721474205
depression,Logistic Regression,3,89832,0,0.5771703238483248
depression,Logistic Regression,3,89842,0,0.4939001068973103
depression,Logistic Regression,3,89849,0,0.4788257143124228
depression,Logistic Regression,3,89855,0,0.517432141472424
depression,Logistic Regression,3,89878,0,0.536816795750241
depression,Logistic Regression,3,89884,0,0.639008388109869
depression,Logistic Regression,3,89894,0,0.6769834255530095
depression,Logistic Regression,3,89904,0,0.37159418546728795
depression,Logistic Regression,3,89918,0,0.20624475515058607
depression,Logistic Regression,3,89933,0,0.610797106770236
depression,Logistic Regression,3,89945,0,0.16399037283019494
depression,Logistic Regression,3,89953,0,0.5254143406052969
depression,Logistic Regression,3,89960,0,0.5247308261842415
depression,Logistic Regression,3,89970,1,0.6425277783957453
depression,Logistic Regression,3,89977,0,0.5218421478078904
depression,Logistic Regression,3,89987,0,0.6406666143880889
depression,Logistic Regression,3,89997,0,0.48160989933996456
depression,Logistic Regression,3,90006,0,0.16559368483660394
depression,Logistic Regression,3,90013,0,0.5017577657694274
depression,Logistic Regression,3,90027,0,0.36505432854581343
depression,Logistic Regression,3,90034,1,0.5461862092378107
depression,Logistic Regression,3,90045,0,0.2577933135409458
depression,Logistic Regression,3,90055,1,0.6373521621081036
depression,Logistic Regression,3,90060,0,0.18792076964636187
depression,Logistic Regression,3,90067,0,0.6013604053421493
depression,Logistic Regression,3,90075,0,0.635294565370414
depression,Logistic Regression,3,90084,0,0.5228506913578207
depression,Logistic Regression,3,90092,0,0.5295141213882606
depression,Logistic Regression,3,90095,0,0.6475305817423982
depression,Logistic Regression,3,90106,0,0.7121114219698093
depression,Logistic Regression,3,90113,0,0.44239397998041996
depression,Logistic Regression,3,90121,0,0.3171892827531515
depression,Logistic Regression,3,90136,0,0.3388690121693429
depression,Logistic Regression,3,90143,0,0.25840858484083007
depression,Logistic Regression,3,90152,0,0.5389591455669237
depression,Logistic Regression,3,90158,0,0.6211934698022112
depression,Logistic Regression,3,90171,0,0.34454821815111075
depression,Logistic Regression,3,90185,0,0.22457240072572385
depression,Logistic Regression,3,90195,0,0.7095108119597808
depression,Logistic Regression,3,90209,0,0.4075973614944709
depression,Logistic Regression,3,90230,0,0.5511863640995117
depression,Logistic Regression,3,90243,0,0.5616554726895054
depression,Logistic Regression,3,90249,0,0.5079717150603074
depression,Logistic Regression,3,90258,0,0.40255542757662943
depression,Logistic Regression,3,90268,0,0.7283909656099068
depression,Logistic Regression,3,90274,0,0.2247813071794525
depression,Logistic Regression,3,90287,0,0.6036894164095374
depression,Logistic Regression,3,90298,0,0.27472086130398926
depression,Logistic Regression,3,90305,0,0.23362535040673518
depression,Logistic Regression,3,90319,0,0.312586107363882
depression,Logistic Regression,3,90325,0,0.38794794886378026
depression,Logistic Regression,3,90330,0,0.2542279909224001
depression,Logistic Regression,3,90341,0,0.4096528975782175
depression,Logistic Regression,3,90347,0,0.35924978496003074
depression,Logistic Regression,3,90354,0,0.6873470662340703
depression,Logistic Regression,3,90362,0,0.569327206214635
depression,Logistic Regression,3,90370,0,0.35392664074186303
depression,Logistic Regression,3,90381,0,0.41100005526943445
depression,Logistic Regression,3,90394,0,0.5481355797946197
depression,Logistic Regression,3,90409,1,0.6903324746491826
depression,Logistic Regression,3,90419,0,0.4719798364426254
depression,Logistic Regression,3,90433,0,0.30034399554791597
depression,Logistic Regression,3,90444,0,0.3567401659240274
depression,Logistic Regression,3,90456,0,0.6040528009632365
depression,Logistic Regression,3,90465,0,0.5497419141914848
depression,Logistic Regression,3,90477,0,0.2349809127166984
depression,Logistic Regression,3,90490,0,0.674585289810175
depression,Logistic Regression,3,90500,0,0.7062108141745453
depression,Logistic Regression,3,90507,0,0.5314483467486748
depression,Logistic Regression,3,90516,0,0.4395586555969455
depression,Logistic Regression,3,90522,1,0.4421607519380138
depression,Logistic Regression,3,90530,0,0.5894096764239236
depression,Logistic Regression,3,90535,0,0.478073066255264
depression,Logistic Regression,3,90545,0,0.40989717942597315
depression,Logistic Regression,3,90559,1,0.6800764369657477
depression,Logistic Regression,3,90572,0,0.5058734968147275
depression,Logistic Regression,3,90576,0,0.49844811156097946
depression,Logistic Regression,3,90585,0,0.2757410546120777
depression,Logistic Regression,3,90593,0,0.5081080853215308
depression,Logistic Regression,3,90603,0,0.5920043666330075
depression,Logistic Regression,3,90610,0,0.346272657210975
depression,Logistic Regression,3,90618,0,0.22600756730007765
depression,Logistic Regression,3,90630,0,0.40701301136967655
depression,Logistic Regression,3,90638,0,0.643726216964128
depression,Logistic Regression,3,90646,0,0.3474135360283708
depression,Logistic Regression,3,90653,1,0.48217907685001593
depression,Logistic Regression,3,90661,0,0.42426782417000813
depression,Logistic Regression,3,90668,0,0.30034399554791597
depression,Logistic Regression,3,90673,1,0.6089489509761917
depression,Logistic Regression,3,90680,0,0.20456643392657245
depression,Logistic Regression,3,90690,0,0.5463887156648566
depression,Logistic Regression,3,90700,0,0.4585184124184964
depression,Logistic Regression,3,90711,0,0.4451339145926612
depression,Logistic Regression,3,90720,0,0.33206382637121024
depression,Logistic Regression,3,90733,0,0.5488211720353859
depression,Logistic Regression,3,90746,0,0.29761431486036644
depression,Logistic Regression,3,90760,0,0.6590135998061535
depression,Logistic Regression,3,90772,0,0.5008927704415165
depression,Logistic Regression,3,90793,0,0.5682166889241943
depression,Logistic Regression,3,90800,0,0.36801572213588113
depression,Logistic Regression,3,90811,0,0.6865215242072544
depression,Logistic Regression,3,90817,0,0.6225117600165375
depression,Logistic Regression,3,90829,0,0.3071643283292687
depression,Logistic Regression,3,90842,1,0.5619729816296072
depression,Logistic Regression,3,90848,0,0.30234200681254003
depression,Logistic Regression,3,90856,0,0.4787673540638592
depression,Logistic Regression,3,90871,0,0.27835859678764285
depression,Logistic Regression,3,90882,0,0.5965447632024535
depression,Logistic Regression,3,90889,0,0.2961848053033612
depression,Logistic Regression,3,90895,0,0.5818484128163002
depression,Logistic Regression,3,90900,0,0.6517915842789852
depression,Logistic Regression,3,90908,0,0.5536905459230111
depression,Logistic Regression,3,90919,0,0.765188868154365
depression,Logistic Regression,3,90926,0,0.2267275814262321
depression,Logistic Regression,3,90932,0,0.2964705734659051
depression,Logistic Regression,3,90942,1,0.44945009837320277
depression,Logistic Regression,3,90954,0,0.3660519336116335
depression,Logistic Regression,3,90966,0,0.3838084104011666
depression,Logistic Regression,3,90973,0,0.5237053815901055
depression,Logistic Regression,3,90982,0,0.5927125542383862
depression,Logistic Regression,3,90992,0,0.44980213046768563
depression,Logistic Regression,3,91001,1,0.5228506913578207
depression,Logistic Regression,3,91011,0,0.35421744982282666
depression,Logistic Regression,3,91024,0,0.368458199438375
depression,Logistic Regression,3,91034,0,0.5073536884538141
depression,Logistic Regression,3,91038,0,0.2756140332596723
depression,Logistic Regression,3,91049,0,0.5572202324769854
depression,Logistic Regression,3,91062,0,0.577485590415669
depression,Logistic Regression,3,91074,0,0.2442501200513809
depression,Logistic Regression,3,91080,0,0.2609435643672659
depression,Logistic Regression,3,91094,1,0.6822660833979706
depression,Logistic Regression,3,91104,0,0.4136667646993852
depression,Logistic Regression,3,91114,0,0.25331963480278497
depression,Logistic Regression,3,91128,0,0.5106902965010092
depression,Logistic Regression,3,91138,0,0.5307417203287864
depression,Logistic Regression,3,91149,0,0.506886273408365
depression,Logistic Regression,3,91161,0,0.5068402464886681
depression,Logistic Regression,3,91167,0,0.48570358030117033
depression,Logistic Regression,3,91177,0,0.2051252252976182
depression,Logistic Regression,3,91190,0,0.39987947865544493
depression,Logistic Regression,3,91204,1,0.454971828060363
depression,Logistic Regression,3,91215,0,0.6831493849093762
depression,Logistic Regression,3,91223,0,0.7670067602688869
depression,Logistic Regression,3,91239,0,0.5309479315231637
depression,Logistic Regression,3,91251,0,0.5260442883060387
depression,Logistic Regression,3,91263,0,0.6386866210036436
depression,Logistic Regression,3,91271,0,0.5835259343707309
depression,Logistic Regression,3,91279,0,0.5045223072331126
depression,Logistic Regression,3,91292,0,0.43070807610960815
depression,Logistic Regression,3,91303,0,0.6274219312367866
depression,Logistic Regression,3,91316,0,0.6476246181771431
depression,Logistic Regression,3,91324,0,0.5202736425769148
depression,Logistic Regression,3,91332,0,0.5324155222696675
depression,Logistic Regression,3,91339,0,0.4302040901275723
depression,Logistic Regression,3,91347,1,0.6554559348606076
depression,Logistic Regression,3,91355,0,0.6465046847418756
depression,Logistic Regression,3,91361,0,0.34040035308444755
depression,Logistic Regression,3,91367,0,0.37224023204482815
depression,Logistic Regression,3,91383,0,0.28062197303346864
depression,Logistic Regression,3,91393,1,0.2558408754589901
depression,Logistic Regression,3,91402,0,0.4806620797624799
depression,Logistic Regression,3,91413,0,0.29120730777919157
depression,Logistic Regression,3,91421,0,0.621481283059646
depression,Logistic Regression,3,91432,0,0.4079967685893281
depression,Logistic Regression,3,91440,0,0.48835672590521295
depression,Logistic Regression,3,91449,0,0.7356617900334489
depression,Logistic Regression,3,91454,0,0.5713990495101919
depression,Logistic Regression,3,91475,1,0.5803473535745338
depression,Logistic Regression,3,91481,0,0.44861533948517585
depression,Logistic Regression,3,91489,0,0.597843401320591
depression,Logistic Regression,3,91497,0,0.3180615122794474
depression,Logistic Regression,3,91510,0,0.19171436530111682
depression,Logistic Regression,3,91525,0,0.3061245481738287
depression,Logistic Regression,3,91533,0,0.45185878699799564
depression,Logistic Regression,3,91544,0,0.5814258275113625
depression,Logistic Regression,3,91555,0,0.4581565482184105
depression,Logistic Regression,3,91563,0,0.5563252209711226
depression,Logistic Regression,3,91572,0,0.5228506913578207
depression,Logistic Regression,3,91584,0,0.6234183937436187
depression,Logistic Regression,3,91596,0,0.5958279725409057
depression,Logistic Regression,3,91604,0,0.207030387000813
depression,Logistic Regression,3,91615,0,0.22110061648672572
depression,Logistic Regression,3,91622,0,0.7111460036183552
depression,Logistic Regression,3,91631,1,0.5615042122435461
depression,Logistic Regression,3,91637,0,0.20456643392657245
depression,Logistic Regression,3,91646,0,0.23551234986617559
depression,Logistic Regression,3,91661,0,0.19097217347800527
depression,Logistic Regression,3,91670,0,0.5137822861435594
depression,Logistic Regression,3,91674,0,0.30892846774065896
depression,Logistic Regression,3,91683,0,0.25699860647026845
depression,Logistic Regression,3,91702,0,0.6384463328885146
depression,Logistic Regression,3,91714,0,0.6106203553285129
depression,Logistic Regression,3,91717,1,0.5236828711244464
depression,Logistic Regression,3,91728,0,0.5697189886794967
depression,Logistic Regression,3,91733,0,0.5824641977476371
depression,Logistic Regression,3,91742,0,0.4253724805351266
depression,Logistic Regression,3,91750,0,0.28113875746287076
depression,Logistic Regression,3,91759,1,0.5135597777216973
depression,Logistic Regression,3,91776,0,0.523146392521282
depression,Logistic Regression,3,91787,0,0.528512211366924
depression,Logistic Regression,3,91793,0,0.5875965190949186
depression,Logistic Regression,3,91804,0,0.5609946250398659
depression,Logistic Regression,3,91810,1,0.5459564055560556
depression,Logistic Regression,3,91817,0,0.20412079035365024
depression,Logistic Regression,3,91825,0,0.18928398310903713
depression,Logistic Regression,3,91832,0,0.2491314219653048
depression,Logistic Regression,3,91838,0,0.2768470105077522
depression,Logistic Regression,3,91846,0,0.2573913415330684
depression,Logistic Regression,3,91856,0,0.5707588186848368
depression,Logistic Regression,3,91865,0,0.27534050076498967
depression,Logistic Regression,3,91875,0,0.3340817332307495
depression,Logistic Regression,3,91888,0,0.3435789300887303
depression,Logistic Regression,3,91897,0,0.5271238069476459
depression,Logistic Regression,3,91906,0,0.3242339878544084
depression,Logistic Regression,3,91916,0,0.2979018035309414
depression,Logistic Regression,3,91927,0,0.36692894736851567
depression,Logistic Regression,3,91935,0,0.44861533948517585
depression,Logistic Regression,3,91950,0,0.5131775773095444
depression,Logistic Regression,3,91960,0,0.6588185927734991
depression,Logistic Regression,3,91972,0,0.5578640269969745
depression,Logistic Regression,3,91975,0,0.42580913343872273
depression,Logistic Regression,3,91984,0,0.6183370907527884
depression,Logistic Regression,3,91997,1,0.4817315466633712
depression,Logistic Regression,3,92004,0,0.412815197871558
depression,Logistic Regression,3,92020,0,0.6561144523223615
depression,Logistic Regression,3,92030,0,0.5997110505934127
depression,Logistic Regression,3,92044,0,0.3866125664743604
depression,Logistic Regression,3,92051,0,0.5276718368983462
depression,Logistic Regression,3,92060,0,0.568635152199573
depression,Logistic Regression,3,92074,0,0.22216528187184376
depression,Logistic Regression,3,92085,0,0.29490082554499714
depression,Logistic Regression,3,92094,0,0.4642429535819969
depression,Logistic Regression,3,92104,0,0.22454258555803253
depression,Logistic Regression,3,92109,1,0.35314056151649464
depression,Logistic Regression,3,92121,0,0.3501418258632987
depression,Logistic Regression,3,92130,0,0.29431018884462257
depression,Logistic Regression,3,92134,0,0.5619284903213401
depression,Logistic Regression,3,92143,0,0.7685300104365018
depression,Logistic Regression,3,92156,0,0.3767580030074976
depression,Logistic Regression,3,92160,0,0.40269812520633
depression,Logistic Regression,3,92179,0,0.5136761258592321
depression,Logistic Regression,3,92190,0,0.6157674086513188
depression,Logistic Regression,3,92202,0,0.5257571650341167
depression,Logistic Regression,3,92212,1,0.2266955970442742
depression,Logistic Regression,3,92220,0,0.44303384836512966
depression,Logistic Regression,3,92235,0,0.7018727380506109
depression,Logistic Regression,3,92243,1,0.6283381574260981
depression,Logistic Regression,3,92247,0,0.2754772459706491
depression,Logistic Regression,3,92257,0,0.6019456353536264
depression,Logistic Regression,3,92271,0,0.5063501757568821
depression,Logistic Regression,3,92283,0,0.5127896100364395
depression,Logistic Regression,3,92296,0,0.3686176663682103
depression,Logistic Regression,3,92307,0,0.5833132139745424
depression,Logistic Regression,3,92323,0,0.31902443885808573
depression,Logistic Regression,3,92337,0,0.6485081283834824
depression,Logistic Regression,3,92349,0,0.31717233426216945
depression,Logistic Regression,3,92359,0,0.525243470827373
depression,Logistic Regression,3,92366,0,0.2659197704677449
depression,Logistic Regression,3,92374,0,0.559771857528046
depression,Logistic Regression,3,92389,0,0.6239201879846177
depression,Logistic Regression,3,92393,0,0.20624475515058607
depression,Logistic Regression,3,92405,0,0.16559368483660394
depression,Logistic Regression,3,92413,0,0.33678277435476384
depression,Logistic Regression,3,92419,0,0.5553950285028207
depression,Logistic Regression,3,92428,0,0.2261274571455056
depression,Logistic Regression,3,92437,0,0.2051245041656349
depression,Logistic Regression,3,92448,0,0.6466304761340169
depression,Logistic Regression,3,92462,1,0.45329672293568196
depression,Logistic Regression,3,92478,0,0.4399733646929072
depression,Logistic Regression,3,92491,0,0.40337971577279697
depression,Logistic Regression,3,92500,0,0.22338138298740204
depression,Logistic Regression,3,92506,0,0.6948953609051536
depression,Logistic Regression,3,92512,0,0.6587696770136903
depression,Logistic Regression,3,92526,0,0.5984720396590392
depression,Logistic Regression,3,92533,0,0.7099434917698598
depression,Logistic Regression,3,92540,0,0.4927261325967276
depression,Logistic Regression,3,92546,0,0.5084417976516131
depression,Logistic Regression,3,92556,0,0.5797139930714474
depression,Logistic Regression,3,92566,0,0.4199212363344167
depression,Logistic Regression,3,92574,0,0.42974220861711204
depression,Logistic Regression,3,92588,0,0.5108736952943462
depression,Logistic Regression,3,92601,0,0.37090836292336976
depression,Logistic Regression,3,92608,0,0.419145479875445
depression,Logistic Regression,3,92617,1,0.4793269510364611
depression,Logistic Regression,3,92625,0,0.5049224180136722
depression,Logistic Regression,3,92634,0,0.22732883053092748
depression,Logistic Regression,3,92647,0,0.6465698939758306
depression,Logistic Regression,3,92657,0,0.6985168097042843
depression,Logistic Regression,3,92667,0,0.5115551673757015
depression,Logistic Regression,3,92676,0,0.27126567102917515
depression,Logistic Regression,3,92688,0,0.207030387000813
depression,Logistic Regression,3,92698,0,0.16333382160467322
depression,Logistic Regression,3,92704,1,0.5510942262166518
depression,Logistic Regression,3,92719,0,0.20669310634271149
depression,Logistic Regression,3,92728,0,0.43474425480403855
depression,Logistic Regression,3,92741,0,0.30081186282646294
depression,Logistic Regression,3,92748,0,0.5698399284169037
depression,Logistic Regression,3,92753,0,0.4142769651391336
depression,Logistic Regression,3,92767,0,0.7253826835500248
depression,Logistic Regression,3,92777,0,0.48382551533974105
depression,Logistic Regression,3,92788,0,0.4738468874343959
depression,Logistic Regression,3,92799,0,0.6051435416072096
depression,Logistic Regression,3,92814,0,0.6025420057317479
depression,Logistic Regression,3,92822,0,0.3603162234410005
depression,Logistic Regression,3,92829,0,0.32266603624081047
depression,Logistic Regression,3,92839,0,0.3050585076062697
depression,Logistic Regression,3,92850,0,0.16249279473361833
depression,Logistic Regression,3,92859,0,0.5416837203445635
depression,Logistic Regression,3,92878,0,0.31812326081410486
depression,Logistic Regression,3,92881,0,0.439438524332071
depression,Logistic Regression,3,92887,0,0.44929452931966996
depression,Logistic Regression,3,92897,0,0.48625077055739896
depression,Logistic Regression,3,92903,0,0.35622571250197105
depression,Logistic Regression,3,92909,0,0.3448661357174189
depression,Logistic Regression,3,92918,0,0.5274631999995505
depression,Logistic Regression,3,92926,0,0.4365677416300172
depression,Logistic Regression,3,92938,0,0.4262183051868248
depression,Logistic Regression,3,92950,0,0.5450377635191963
depression,Logistic Regression,3,92957,0,0.27691943758838666
depression,Logistic Regression,3,92967,0,0.6310130098726549
depression,Logistic Regression,3,92977,0,0.7196080267323028
depression,Logistic Regression,3,92986,0,0.4846199598519247
depression,Logistic Regression,3,92992,0,0.5418313910306282
depression,Logistic Regression,3,93000,0,0.2723427786866232
depression,Logistic Regression,3,93005,0,0.2019034042548393
depression,Logistic Regression,3,93014,0,0.4805365698938152
depression,Logistic Regression,3,93022,0,0.4830797850645579
depression,Logistic Regression,3,93029,0,0.41931016498957085
depression,Logistic Regression,3,93043,0,0.38436071159435437
depression,Logistic Regression,3,93048,0,0.47111467099137627
depression,Logistic Regression,3,93053,0,0.6386182613605959
depression,Logistic Regression,3,93069,0,0.403875615842932
depression,Logistic Regression,3,93075,1,0.3205018610808956
depression,Logistic Regression,3,93085,0,0.18970495543005889
depression,Logistic Regression,3,93093,0,0.5473714856312025
depression,Logistic Regression,3,93100,0,0.4823899762210811
depression,Logistic Regression,3,93111,0,0.7293588134947039
depression,Logistic Regression,3,93124,0,0.550406799020773
depression,Logistic Regression,3,93140,0,0.5324613640989769
depression,Logistic Regression,3,93149,0,0.4096629058480042
depression,Logistic Regression,3,93162,0,0.6731953822748404
depression,Logistic Regression,3,93174,0,0.5386315965136192
depression,Logistic Regression,3,93185,0,0.39460534718658613
depression,Logistic Regression,3,93200,0,0.2745209139893623
depression,Logistic Regression,3,93206,0,0.6089577910060264
depression,Logistic Regression,3,93213,0,0.6973611155514077
depression,Logistic Regression,3,93232,0,0.6674042291412893
depression,Logistic Regression,3,93240,0,0.6446057279313099
depression,Logistic Regression,3,93251,0,0.46318809501242
depression,Logistic Regression,3,93266,0,0.592701664528479
depression,Logistic Regression,3,93273,0,0.272717269709185
depression,Logistic Regression,3,93278,0,0.16493198097106798
depression,Logistic Regression,3,93281,0,0.3587861817840049
depression,Logistic Regression,3,93286,0,0.6106652266384285
depression,Logistic Regression,3,93300,0,0.6258665341731412
depression,Logistic Regression,3,93308,0,0.5697211570832048
depression,Logistic Regression,3,93321,0,0.5847045401103215
depression,Logistic Regression,3,93328,0,0.34440182960820287
depression,Logistic Regression,3,93345,1,0.3996679901873997
depression,Logistic Regression,3,93353,0,0.5257549595008602
depression,Logistic Regression,3,93361,0,0.6056664194447078
depression,Logistic Regression,3,93367,0,0.22240220093945426
depression,Logistic Regression,3,93374,0,0.277577956582641
depression,Logistic Regression,3,93391,0,0.7001011060466316
depression,Logistic Regression,3,93410,0,0.5372361258086867
depression,Logistic Regression,3,93420,0,0.20827056079048742
depression,Logistic Regression,3,93434,0,0.5929089758197509
depression,Logistic Regression,3,93437,0,0.16305309074996435
depression,Logistic Regression,3,93446,0,0.4620612439186037
depression,Logistic Regression,3,93461,0,0.5043970837693458
depression,Logistic Regression,3,93478,0,0.5423740312257566
depression,Logistic Regression,3,93488,0,0.2771223532886666
depression,Logistic Regression,3,93495,0,0.4002845901243349
depression,Logistic Regression,3,93503,0,0.5040084164901241
depression,Logistic Regression,3,93513,0,0.583712957481704
depression,Logistic Regression,3,93522,0,0.48813582557264684
depression,Logistic Regression,3,93532,0,0.3156901501953746
depression,Logistic Regression,3,93541,0,0.45431428750165304
depression,Logistic Regression,3,93555,0,0.5034945172779921
depression,Logistic Regression,3,93563,0,0.6595480409571352
depression,Logistic Regression,3,93571,0,0.20478952657845997
depression,Logistic Regression,3,93581,0,0.3435685627882721
depression,Logistic Regression,3,93592,0,0.5590834609772652
depression,Logistic Regression,3,93606,0,0.5582696543896555
depression,Logistic Regression,3,93611,0,0.6027079099995616
depression,Logistic Regression,3,93617,0,0.23903451666595327
depression,Logistic Regression,3,93624,0,0.41401368138914896
depression,Logistic Regression,3,93636,1,0.6149803627471908
depression,Logistic Regression,3,93644,0,0.570897694196753
depression,Logistic Regression,3,93655,0,0.5464575221177261
depression,Logistic Regression,3,93664,0,0.27917045859107037
depression,Logistic Regression,3,93675,1,0.16436649652174748
depression,Logistic Regression,3,93685,0,0.6403016584758862
depression,Logistic Regression,3,93697,0,0.4428349341360719
depression,RBF SVM,3,83735,1,0.2749681949198011
depression,RBF SVM,3,83737,0,0.5212996164728355
depression,RBF SVM,3,83750,0,0.7261890286790327
depression,RBF SVM,3,83761,0,0.7909976224234042
depression,RBF SVM,3,83777,1,0.1404493980365132
depression,RBF SVM,3,83788,0,0.6379476230807062
depression,RBF SVM,3,83809,0,0.35987253623467746
depression,RBF SVM,3,83818,0,0.7614284090030576
depression,RBF SVM,3,83828,0,0.7344720325347665
depression,RBF SVM,3,83837,0,0.5152430113517051
depression,RBF SVM,3,83849,0,0.5699307153145391
depression,RBF SVM,3,83860,0,0.21267848793654826
depression,RBF SVM,3,83870,0,0.28451527702390406
depression,RBF SVM,3,83881,0,0.30526959273252213
depression,RBF SVM,3,83887,0,0.5450291188128937
depression,RBF SVM,3,83895,0,0.6929534001849292
depression,RBF SVM,3,83902,0,0.25085097714110244
depression,RBF SVM,3,83913,0,0.2937275201802773
depression,RBF SVM,3,83924,0,0.7169601540018147
depression,RBF SVM,3,83932,0,0.1881225670142856
depression,RBF SVM,3,83946,0,0.26702764124435957
depression,RBF SVM,3,83953,0,0.23339522024683
depression,RBF SVM,3,83961,0,0.4019266422762915
depression,RBF SVM,3,83966,0,0.25576712830138254
depression,RBF SVM,3,83977,0,0.34653901917002916
depression,RBF SVM,3,83989,1,0.696977982291447
depression,RBF SVM,3,83996,0,0.3553827848700465
depression,RBF SVM,3,84006,0,0.643873934832251
depression,RBF SVM,3,84015,0,0.3368378775778777
depression,RBF SVM,3,84022,0,0.3854151237964831
depression,RBF SVM,3,84029,0,0.5352026553865371
depression,RBF SVM,3,84036,0,0.26453026924430906
depression,RBF SVM,3,84046,0,0.2801138741837435
depression,RBF SVM,3,84058,0,0.45392983731827774
depression,RBF SVM,3,84069,0,0.43532968532382793
depression,RBF SVM,3,84077,0,0.3674264108407946
depression,RBF SVM,3,84089,0,0.4507850579319702
depression,RBF SVM,3,84101,0,0.18725718203830238
depression,RBF SVM,3,84110,0,0.3089968917710078
depression,RBF SVM,3,84118,0,0.5467946255433813
depression,RBF SVM,3,84125,1,0.22187088850014355
depression,RBF SVM,3,84126,0,0.7149867434916485
depression,RBF SVM,3,84143,0,0.7450389188029976
depression,RBF SVM,3,84167,0,0.10037418373963179
depression,RBF SVM,3,84172,0,0.7765197832452475
depression,RBF SVM,3,84181,1,0.6819337693976186
depression,RBF SVM,3,84192,0,0.5233310444662722
depression,RBF SVM,3,84200,0,0.4340387186859802
depression,RBF SVM,3,84211,0,0.26891386093249814
depression,RBF SVM,3,84218,0,0.26693582468156757
depression,RBF SVM,3,84228,0,0.4436537993681094
depression,RBF SVM,3,84235,0,0.5345106784121603
depression,RBF SVM,3,84238,0,0.6801699492705879
depression,RBF SVM,3,84251,1,0.6904953692236224
depression,RBF SVM,3,84269,0,0.6124898181747874
depression,RBF SVM,3,84282,0,0.4647493951326508
depression,RBF SVM,3,84292,0,0.1139527499249573
depression,RBF SVM,3,84300,0,0.2664752493066357
depression,RBF SVM,3,84309,0,0.6464010016318613
depression,RBF SVM,3,84321,0,0.4299495569008627
depression,RBF SVM,3,84336,0,0.2453240201267717
depression,RBF SVM,3,84354,0,0.27777665523246725
depression,RBF SVM,3,84366,0,0.5595543268765941
depression,RBF SVM,3,84376,0,0.32056423820000146
depression,RBF SVM,3,84384,0,0.20567062668635366
depression,RBF SVM,3,84391,0,0.2871729784034827
depression,RBF SVM,3,84396,0,0.5853105569122133
depression,RBF SVM,3,84404,0,0.33264631857626265
depression,RBF SVM,3,84412,0,0.5192887635177204
depression,RBF SVM,3,84424,0,0.3402126664476758
depression,RBF SVM,3,84431,0,0.20282225535586243
depression,RBF SVM,3,84443,0,0.5618593850333956
depression,RBF SVM,3,84453,0,0.27505392728906386
depression,RBF SVM,3,84463,0,0.2689617406751464
depression,RBF SVM,3,84467,0,0.19666272464545678
depression,RBF SVM,3,84482,0,0.203371557498183
depression,RBF SVM,3,84488,0,0.6952999668701796
depression,RBF SVM,3,84498,0,0.22497235349378156
depression,RBF SVM,3,84511,0,0.21402191260437362
depression,RBF SVM,3,84532,0,0.4917561117716986
depression,RBF SVM,3,84540,0,0.4140838683696345
depression,RBF SVM,3,84548,0,0.28420637065166704
depression,RBF SVM,3,84556,0,0.32645043804299706
depression,RBF SVM,3,84567,0,0.6272763392291234
depression,RBF SVM,3,84579,0,0.21329777843155362
depression,RBF SVM,3,84584,0,0.655886449919856
depression,RBF SVM,3,84594,0,0.18121446268464084
depression,RBF SVM,3,84602,0,0.31945444140235324
depression,RBF SVM,3,84612,0,0.08477230122843572
depression,RBF SVM,3,84619,0,0.22475024604477942
depression,RBF SVM,3,84626,0,0.2563737223048836
depression,RBF SVM,3,84640,0,0.13305073748024096
depression,RBF SVM,3,84649,0,0.23759261566416398
depression,RBF SVM,3,84660,0,0.22982787430691917
depression,RBF SVM,3,84668,0,0.5349063059865428
depression,RBF SVM,3,84676,1,0.7658034198170812
depression,RBF SVM,3,84685,0,0.6334856831343302
depression,RBF SVM,3,84695,1,0.6113082831739565
depression,RBF SVM,3,84704,0,0.6084035966041367
depression,RBF SVM,3,84707,0,0.26491798576614617
depression,RBF SVM,3,84719,0,0.39563328563410755
depression,RBF SVM,3,84732,0,0.6073709725791366
depression,RBF SVM,3,84741,0,0.6250882393057944
depression,RBF SVM,3,84752,0,0.6246713799936063
depression,RBF SVM,3,84759,0,0.557197410345797
depression,RBF SVM,3,84766,0,0.22026741027351884
depression,RBF SVM,3,84768,0,0.5156083596919707
depression,RBF SVM,3,84777,0,0.5730068517023427
depression,RBF SVM,3,84786,0,0.43805523168120336
depression,RBF SVM,3,84795,0,0.27664611893749913
depression,RBF SVM,3,84802,0,0.2654750360632807
depression,RBF SVM,3,84810,0,0.6328194977953202
depression,RBF SVM,3,84825,1,0.5245602486576015
depression,RBF SVM,3,84831,0,0.41009485456467437
depression,RBF SVM,3,84838,0,0.26845122127163223
depression,RBF SVM,3,84849,0,0.21517840387149517
depression,RBF SVM,3,84859,0,0.3220550215587959
depression,RBF SVM,3,84868,0,0.44060997619761794
depression,RBF SVM,3,84879,0,0.6600215313536699
depression,RBF SVM,3,84891,0,0.18062724315329476
depression,RBF SVM,3,84900,0,0.26722030213656295
depression,RBF SVM,3,84906,0,0.6491670962964674
depression,RBF SVM,3,84915,0,0.4202134006639354
depression,RBF SVM,3,84921,0,0.7299474186888052
depression,RBF SVM,3,84929,0,0.7658321675255351
depression,RBF SVM,3,84932,0,0.6169400508276177
depression,RBF SVM,3,84945,0,0.2617674222473896
depression,RBF SVM,3,84948,0,0.2614587246129279
depression,RBF SVM,3,84964,0,0.5353036354310471
depression,RBF SVM,3,84974,0,0.4022075639917375
depression,RBF SVM,3,84979,0,0.22659019078338336
depression,RBF SVM,3,84998,0,0.6702125906490359
depression,RBF SVM,3,85003,0,0.6564013097971996
depression,RBF SVM,3,85017,0,0.1959948811882807
depression,RBF SVM,3,85020,0,0.5820971097493446
depression,RBF SVM,3,85037,0,0.16979186473286928
depression,RBF SVM,3,85043,0,0.7073541625759434
depression,RBF SVM,3,85053,0,0.12480564213150257
depression,RBF SVM,3,85062,0,0.05355477845250363
depression,RBF SVM,3,85069,0,0.21224765914896798
depression,RBF SVM,3,85088,0,0.7373876317712909
depression,RBF SVM,3,85098,1,0.7368353131429525
depression,RBF SVM,3,85110,0,0.2671040983907985
depression,RBF SVM,3,85118,0,0.41285797532264507
depression,RBF SVM,3,85128,0,0.266051762143754
depression,RBF SVM,3,85142,0,0.5283028446355955
depression,RBF SVM,3,85152,0,0.2974780466661514
depression,RBF SVM,3,85160,0,0.7199777955646842
depression,RBF SVM,3,85166,0,0.5934907326271018
depression,RBF SVM,3,85177,0,0.7915922222614676
depression,RBF SVM,3,85190,0,0.5970241099039507
depression,RBF SVM,3,85200,0,0.3419435680612009
depression,RBF SVM,3,85211,0,0.23950296019483616
depression,RBF SVM,3,85216,0,0.657122192762373
depression,RBF SVM,3,85224,0,0.30894950210676553
depression,RBF SVM,3,85232,0,0.23945555302101623
depression,RBF SVM,3,85239,0,0.7457510009233302
depression,RBF SVM,3,85246,0,0.2732931053848157
depression,RBF SVM,3,85256,0,0.42126443107372596
depression,RBF SVM,3,85263,0,0.5953420079919355
depression,RBF SVM,3,85275,0,0.44672163338477877
depression,RBF SVM,3,85284,0,0.33531801586812304
depression,RBF SVM,3,85291,0,0.21705525527794708
depression,RBF SVM,3,85297,0,0.4950466400346078
depression,RBF SVM,3,85309,0,0.4676251533431213
depression,RBF SVM,3,85319,0,0.7084842379339122
depression,RBF SVM,3,85325,0,0.26256848017992285
depression,RBF SVM,3,85338,0,0.07052517819554331
depression,RBF SVM,3,85346,1,0.765244577654981
depression,RBF SVM,3,85355,0,0.25524714928523384
depression,RBF SVM,3,85363,0,0.0990411425165208
depression,RBF SVM,3,85374,0,0.33197146038376996
depression,RBF SVM,3,85380,1,0.7073863913411826
depression,RBF SVM,3,85384,0,0.3132214908228906
depression,RBF SVM,3,85396,0,0.26892988477296714
depression,RBF SVM,3,85402,0,0.2637231284700212
depression,RBF SVM,3,85415,0,0.5926888629290853
depression,RBF SVM,3,85424,0,0.5718935459136831
depression,RBF SVM,3,85435,0,0.278577446004584
depression,RBF SVM,3,85444,1,0.7362481553638196
depression,RBF SVM,3,85451,0,0.2801380139985863
depression,RBF SVM,3,85465,0,0.6958400277438216
depression,RBF SVM,3,85476,0,0.6430222596184251
depression,RBF SVM,3,85481,0,0.4359813180242122
depression,RBF SVM,3,85492,0,0.5198244153175889
depression,RBF SVM,3,85503,0,0.34471141039866504
depression,RBF SVM,3,85516,0,0.5911565768823864
depression,RBF SVM,3,85525,0,0.6337341767982794
depression,RBF SVM,3,85531,0,0.4672140095871574
depression,RBF SVM,3,85541,0,0.2795089813404195
depression,RBF SVM,3,85549,0,0.5645560383257284
depression,RBF SVM,3,85562,0,0.2647721447153585
depression,RBF SVM,3,85576,0,0.35787882829939305
depression,RBF SVM,3,85585,0,0.2724902918173836
depression,RBF SVM,3,85591,1,0.5370618759944619
depression,RBF SVM,3,85594,0,0.251751858873939
depression,RBF SVM,3,85603,0,0.5021444381821569
depression,RBF SVM,3,85626,0,0.7790742969903898
depression,RBF SVM,3,85634,0,0.47263803882497196
depression,RBF SVM,3,85648,1,0.24237842171575966
depression,RBF SVM,3,85659,0,0.259873733300638
depression,RBF SVM,3,85664,0,0.2720455628887195
depression,RBF SVM,3,85672,0,0.5498627347596214
depression,RBF SVM,3,85678,0,0.2364346762350351
depression,RBF SVM,3,85696,1,0.6147276680782686
depression,RBF SVM,3,85702,0,0.5922026220487824
depression,RBF SVM,3,85714,0,0.3491589900589958
depression,RBF SVM,3,85725,0,0.8222725106286425
depression,RBF SVM,3,85731,0,0.4853341026267984
depression,RBF SVM,3,85739,0,0.1686475712002812
depression,RBF SVM,3,85748,0,0.5163233557855552
depression,RBF SVM,3,85760,0,0.514174533187194
depression,RBF SVM,3,85775,0,0.44045842820648873
depression,RBF SVM,3,85781,1,0.44855941707531594
depression,RBF SVM,3,85787,0,0.37449635418707755
depression,RBF SVM,3,85796,0,0.59100883314713
depression,RBF SVM,3,85808,0,0.4454044936737827
depression,RBF SVM,3,85815,0,0.08946535296076011
depression,RBF SVM,3,85825,0,0.6300005411010264
depression,RBF SVM,3,85833,0,0.17198494795075178
depression,RBF SVM,3,85845,0,0.3922323578752919
depression,RBF SVM,3,85854,0,0.5574961953368979
depression,RBF SVM,3,85858,0,0.1674736931750082
depression,RBF SVM,3,85866,0,0.7045552318904447
depression,RBF SVM,3,85875,0,0.25768007342495763
depression,RBF SVM,3,85885,0,0.36667338697667334
depression,RBF SVM,3,85886,0,0.3114764162396534
depression,RBF SVM,3,85900,0,0.6283735543055392
depression,RBF SVM,3,85911,0,0.4304354516814325
depression,RBF SVM,3,85925,0,0.24494653743168227
depression,RBF SVM,3,85936,0,0.49448678454932443
depression,RBF SVM,3,85944,0,0.26057887805940855
depression,RBF SVM,3,85955,0,0.47727990351892435
depression,RBF SVM,3,85963,0,0.3072433121732698
depression,RBF SVM,3,85970,0,0.20070963751966783
depression,RBF SVM,3,85980,0,0.4928392868145482
depression,RBF SVM,3,85991,0,0.4860106963765164
depression,RBF SVM,3,85997,0,0.26082999106053556
depression,RBF SVM,3,86002,0,0.628626138854981
depression,RBF SVM,3,86011,0,0.1397869467586589
depression,RBF SVM,3,86021,0,0.32719158135860205
depression,RBF SVM,3,86029,0,0.27943148714822147
depression,RBF SVM,3,86036,0,0.6082116872630968
depression,RBF SVM,3,86044,0,0.7147372607107304
depression,RBF SVM,3,86054,1,0.6142594219957556
depression,RBF SVM,3,86060,1,0.6324518158645732
depression,RBF SVM,3,86068,0,0.7008027886666263
depression,RBF SVM,3,86071,0,0.6347357796356982
depression,RBF SVM,3,86085,0,0.14013219037345087
depression,RBF SVM,3,86092,0,0.23234207875673984
depression,RBF SVM,3,86098,0,0.24177196664194953
depression,RBF SVM,3,86109,0,0.26695531554294827
depression,RBF SVM,3,86127,1,0.6273328230013084
depression,RBF SVM,3,86139,0,0.35065876222431375
depression,RBF SVM,3,86151,0,0.2087180880355003
depression,RBF SVM,3,86158,1,0.7610829760339933
depression,RBF SVM,3,86167,0,0.29043744002951055
depression,RBF SVM,3,86176,0,0.2545723912853948
depression,RBF SVM,3,86183,0,0.7234408334950474
depression,RBF SVM,3,86190,0,0.5871328806065232
depression,RBF SVM,3,86197,0,0.6840238264027791
depression,RBF SVM,3,86209,0,0.4665152283959687
depression,RBF SVM,3,86218,0,0.6327685962357792
depression,RBF SVM,3,86223,0,0.7649041016113504
depression,RBF SVM,3,86231,0,0.23443276650893777
depression,RBF SVM,3,86241,0,0.26845196979078456
depression,RBF SVM,3,86244,0,0.23560257597151874
depression,RBF SVM,3,86258,0,0.720289044796346
depression,RBF SVM,3,86272,0,0.40697855537232785
depression,RBF SVM,3,86278,0,0.474203140832499
depression,RBF SVM,3,86285,0,0.26840454724574503
depression,RBF SVM,3,86296,0,0.6048366529133788
depression,RBF SVM,3,86301,0,0.7103883509469143
depression,RBF SVM,3,86319,0,0.7899853764443593
depression,RBF SVM,3,86326,0,0.6529201167225868
depression,RBF SVM,3,86334,0,0.4150912512317558
depression,RBF SVM,3,86347,1,0.7472579808672515
depression,RBF SVM,3,86352,0,0.2606649601004319
depression,RBF SVM,3,86360,0,0.719352439532877
depression,RBF SVM,3,86366,0,0.2781102046764931
depression,RBF SVM,3,86379,0,0.6897388527805777
depression,RBF SVM,3,86395,1,0.688925100557645
depression,RBF SVM,3,86402,0,0.3401173779789797
depression,RBF SVM,3,86416,1,0.7569358787427409
depression,RBF SVM,3,86428,0,0.7311924274609106
depression,RBF SVM,3,86436,0,0.3380512974584641
depression,RBF SVM,3,86447,0,0.7368628627400194
depression,RBF SVM,3,86456,0,0.49133867327524033
depression,RBF SVM,3,86461,0,0.5248740849427441
depression,RBF SVM,3,86476,0,0.4196044417965202
depression,RBF SVM,3,86490,1,0.3087085639605692
depression,RBF SVM,3,86499,0,0.4860106963765164
depression,RBF SVM,3,86510,0,0.6288142909907097
depression,RBF SVM,3,86517,0,0.2687141785269052
depression,RBF SVM,3,86522,0,0.738665420843643
depression,RBF SVM,3,86532,0,0.7394323874403981
depression,RBF SVM,3,86541,0,0.7782371581518887
depression,RBF SVM,3,86553,0,0.21287202194869292
depression,RBF SVM,3,86563,0,0.2345958903857979
depression,RBF SVM,3,86564,0,0.2423592053917886
depression,RBF SVM,3,86573,0,0.05337127998015637
depression,RBF SVM,3,86583,0,0.23155869648961555
depression,RBF SVM,3,86592,1,0.23321746750884537
depression,RBF SVM,3,86600,0,0.6850759824714006
depression,RBF SVM,3,86610,0,0.4647850654412578
depression,RBF SVM,3,86620,0,0.6236143331694377
depression,RBF SVM,3,86629,0,0.33765728840997766
depression,RBF SVM,3,86640,1,0.7385448711105164
depression,RBF SVM,3,86649,0,0.757711224014078
depression,RBF SVM,3,86661,1,0.8017055022042634
depression,RBF SVM,3,86666,0,0.3835794256381875
depression,RBF SVM,3,86671,0,0.5423909529415448
depression,RBF SVM,3,86677,0,0.67058553968952
depression,RBF SVM,3,86698,0,0.22254790576561312
depression,RBF SVM,3,86706,0,0.6335736988046792
depression,RBF SVM,3,86715,1,0.6727973837447384
depression,RBF SVM,3,86719,0,0.2944921962315725
depression,RBF SVM,3,86731,0,0.43937277007208453
depression,RBF SVM,3,86740,0,0.3958676493315994
depression,RBF SVM,3,86746,0,0.6919689117311338
depression,RBF SVM,3,86756,0,0.7692123392192842
depression,RBF SVM,3,86771,0,0.7630971241127279
depression,RBF SVM,3,86778,0,0.27795001678870673
depression,RBF SVM,3,86794,0,0.49778008946455543
depression,RBF SVM,3,86802,0,0.5979650961736989
depression,RBF SVM,3,86814,0,0.5895924477336956
depression,RBF SVM,3,86820,0,0.26889877745571555
depression,RBF SVM,3,86831,0,0.7705443000973909
depression,RBF SVM,3,86844,0,0.4703141636524239
depression,RBF SVM,3,86863,0,0.2202978545955727
depression,RBF SVM,3,86872,0,0.7548987337769558
depression,RBF SVM,3,86882,0,0.3367504969179804
depression,RBF SVM,3,86887,0,0.8027104175983908
depression,RBF SVM,3,86899,0,0.7402357831407643
depression,RBF SVM,3,86910,0,0.6085431746632569
depression,RBF SVM,3,86928,0,0.6920326967500167
depression,RBF SVM,3,86941,0,0.6222230962705014
depression,RBF SVM,3,86949,0,0.21399408604014247
depression,RBF SVM,3,86966,0,0.14985388221350543
depression,RBF SVM,3,86971,0,0.2911479178603775
depression,RBF SVM,3,86980,0,0.08787627589301596
depression,RBF SVM,3,86986,0,0.2752729045143402
depression,RBF SVM,3,86994,0,0.5048344765324403
depression,RBF SVM,3,87003,0,0.49536902195713994
depression,RBF SVM,3,87010,0,0.7405272522298768
depression,RBF SVM,3,87026,0,0.5714625697191443
depression,RBF SVM,3,87036,0,0.3071912354041532
depression,RBF SVM,3,87048,0,0.599966522560412
depression,RBF SVM,3,87053,0,0.44708825870928326
depression,RBF SVM,3,87064,1,0.7290919613719463
depression,RBF SVM,3,87074,0,0.25524714928523384
depression,RBF SVM,3,87084,0,0.4716043594222672
depression,RBF SVM,3,87100,0,0.2678405367909129
depression,RBF SVM,3,87114,0,0.3314211326913564
depression,RBF SVM,3,87124,0,0.3105895321545577
depression,RBF SVM,3,87131,0,0.638699732251281
depression,RBF SVM,3,87147,0,0.7103486746189329
depression,RBF SVM,3,87155,0,0.18760542138380945
depression,RBF SVM,3,87161,0,0.421006985631399
depression,RBF SVM,3,87166,0,0.42680993765763114
depression,RBF SVM,3,87172,0,0.6290499541876788
depression,RBF SVM,3,87179,0,0.6696695734971817
depression,RBF SVM,3,87190,0,0.20919442057497173
depression,RBF SVM,3,87198,0,0.545232548433226
depression,RBF SVM,3,87207,0,0.3019678524913066
depression,RBF SVM,3,87210,0,0.16930092425761567
depression,RBF SVM,3,87225,0,0.6682596704391407
depression,RBF SVM,3,87233,0,0.23111209251423176
depression,RBF SVM,3,87242,0,0.25423125946676955
depression,RBF SVM,3,87248,0,0.26485121734932043
depression,RBF SVM,3,87256,0,0.3929815354844293
depression,RBF SVM,3,87261,0,0.11810490366537545
depression,RBF SVM,3,87270,0,0.4140501619633108
depression,RBF SVM,3,87278,0,0.26739825375017545
depression,RBF SVM,3,87289,0,0.6172442572161512
depression,RBF SVM,3,87297,0,0.27986593389445785
depression,RBF SVM,3,87310,0,0.2424148846088699
depression,RBF SVM,3,87318,0,0.5334481422603083
depression,RBF SVM,3,87324,0,0.2977384953778168
depression,RBF SVM,3,87334,0,0.45208597598391975
depression,RBF SVM,3,87344,0,0.2662100884736143
depression,RBF SVM,3,87353,0,0.27174802491564043
depression,RBF SVM,3,87365,0,0.29088650712308417
depression,RBF SVM,3,87375,0,0.7620332813751013
depression,RBF SVM,3,87387,1,0.23403380403275748
depression,RBF SVM,3,87398,0,0.32063137148255405
depression,RBF SVM,3,87416,0,0.6895026746825451
depression,RBF SVM,3,87425,0,0.20013775432540115
depression,RBF SVM,3,87430,0,0.5947645791539214
depression,RBF SVM,3,87440,0,0.5855008627290735
depression,RBF SVM,3,87451,0,0.6901252467293016
depression,RBF SVM,3,87462,0,0.6289009044265856
depression,RBF SVM,3,87472,0,0.2631698816334262
depression,RBF SVM,3,87476,0,0.4984280920572196
depression,RBF SVM,3,87483,0,0.6568829541607023
depression,RBF SVM,3,87494,0,0.7347340326893679
depression,RBF SVM,3,87501,1,0.5238564479336539
depression,RBF SVM,3,87510,0,0.2621045462101911
depression,RBF SVM,3,87520,0,0.29901946301179194
depression,RBF SVM,3,87530,0,0.2772668120177468
depression,RBF SVM,3,87544,0,0.105386839019941
depression,RBF SVM,3,87556,0,0.08871565249444285
depression,RBF SVM,3,87565,0,0.2751897266546995
depression,RBF SVM,3,87582,0,0.2562246082335376
depression,RBF SVM,3,87591,0,0.07535802052623901
depression,RBF SVM,3,87598,0,0.500311031802097
depression,RBF SVM,3,87606,0,0.7919754566333879
depression,RBF SVM,3,87627,1,0.6813122951011974
depression,RBF SVM,3,87638,0,0.7217964549478206
depression,RBF SVM,3,87652,0,0.6712114141911844
depression,RBF SVM,3,87654,1,0.5185435247697945
depression,RBF SVM,3,87673,0,0.8140312970071073
depression,RBF SVM,3,87690,0,0.2900081353986844
depression,RBF SVM,3,87707,0,0.3931299508134641
depression,RBF SVM,3,87719,0,0.4734581166964225
depression,RBF SVM,3,87733,0,0.2746220976078535
depression,RBF SVM,3,87742,0,0.6263249753726963
depression,RBF SVM,3,87756,0,0.30667456497184203
depression,RBF SVM,3,87766,0,0.16651980939248878
depression,RBF SVM,3,87770,0,0.49052302863502684
depression,RBF SVM,3,87780,0,0.5002742658843311
depression,RBF SVM,3,87791,0,0.3250275655099067
depression,RBF SVM,3,87797,0,0.5868068499875263
depression,RBF SVM,3,87806,0,0.3322208447510406
depression,RBF SVM,3,87816,0,0.2888353449877054
depression,RBF SVM,3,87827,0,0.2639149914972891
depression,RBF SVM,3,87832,0,0.5363836829580353
depression,RBF SVM,3,87844,0,0.44467718768278436
depression,RBF SVM,3,87852,0,0.28031624983603554
depression,RBF SVM,3,87865,0,0.27827694364816635
depression,RBF SVM,3,87875,0,0.2772668120177468
depression,RBF SVM,3,87895,1,0.7500222286154542
depression,RBF SVM,3,87901,0,0.6405694798271795
depression,RBF SVM,3,87910,1,0.7782851143720373
depression,RBF SVM,3,87920,0,0.725991304420943
depression,RBF SVM,3,87942,0,0.6789977162174148
depression,RBF SVM,3,87945,0,0.4332658592635471
depression,RBF SVM,3,87954,0,0.6355106609111836
depression,RBF SVM,3,87961,0,0.6559988441885956
depression,RBF SVM,3,87971,0,0.23474091350602447
depression,RBF SVM,3,87983,1,0.6727518207260907
depression,RBF SVM,3,87990,0,0.7303992923156936
depression,RBF SVM,3,88002,0,0.26381996624597454
depression,RBF SVM,3,88018,0,0.26787142291903454
depression,RBF SVM,3,88025,1,0.7221792008004139
depression,RBF SVM,3,88034,0,0.7558917137177101
depression,RBF SVM,3,88047,0,0.5768235011648999
depression,RBF SVM,3,88055,0,0.7184655458925548
depression,RBF SVM,3,88070,0,0.4860106963765164
depression,RBF SVM,3,88079,0,0.2739296155440895
depression,RBF SVM,3,88087,0,0.3895329416712844
depression,RBF SVM,3,88096,0,0.6163069020840668
depression,RBF SVM,3,88104,0,0.5114986682328089
depression,RBF SVM,3,88113,0,0.5724460942968371
depression,RBF SVM,3,88123,0,0.2918795869500542
depression,RBF SVM,3,88132,0,0.3803546285280198
depression,RBF SVM,3,88144,0,0.3740426182432269
depression,RBF SVM,3,88151,0,0.6435356763670669
depression,RBF SVM,3,88158,0,0.7479859819690055
depression,RBF SVM,3,88168,1,0.25871150190699144
depression,RBF SVM,3,88174,0,0.09734358724952936
depression,RBF SVM,3,88184,0,0.3730034066395229
depression,RBF SVM,3,88194,0,0.1432115200397818
depression,RBF SVM,3,88203,0,0.5620401911825517
depression,RBF SVM,3,88211,0,0.6560634190761727
depression,RBF SVM,3,88222,0,0.7152426609722962
depression,RBF SVM,3,88231,1,0.46876141946380157
depression,RBF SVM,3,88241,0,0.2806720082632909
depression,RBF SVM,3,88255,0,0.6033295894463525
depression,RBF SVM,3,88261,0,0.7526802303778978
depression,RBF SVM,3,88272,0,0.4160618469133693
depression,RBF SVM,3,88289,0,0.23137049403370485
depression,RBF SVM,3,88298,1,0.8267874556407927
depression,RBF SVM,3,88301,0,0.23293686412600065
depression,RBF SVM,3,88310,0,0.4354900201054967
depression,RBF SVM,3,88320,0,0.5403502776675703
depression,RBF SVM,3,88332,0,0.5961932184864376
depression,RBF SVM,3,88338,0,0.2708921551624661
depression,RBF SVM,3,88348,0,0.6762161027504916
depression,RBF SVM,3,88360,0,0.5287606556432685
depression,RBF SVM,3,88369,1,0.7122974927570236
depression,RBF SVM,3,88385,0,0.21002977533977935
depression,RBF SVM,3,88393,1,0.44372239711692735
depression,RBF SVM,3,88402,0,0.2785787802142124
depression,RBF SVM,3,88413,0,0.7438075017557035
depression,RBF SVM,3,88425,0,0.22365159664665948
depression,RBF SVM,3,88432,0,0.2690812077303493
depression,RBF SVM,3,88436,0,0.5877522448655346
depression,RBF SVM,3,88450,0,0.08517071018700781
depression,RBF SVM,3,88460,0,0.3339489867688073
depression,RBF SVM,3,88469,0,0.2163871529014912
depression,RBF SVM,3,88480,0,0.5847330074060219
depression,RBF SVM,3,88483,0,0.09746828960473132
depression,RBF SVM,3,88504,1,0.7547258466548199
depression,RBF SVM,3,88518,0,0.7456753387039017
depression,RBF SVM,3,88529,1,0.7428090100691583
depression,RBF SVM,3,88537,0,0.4995941193897544
depression,RBF SVM,3,88543,0,0.7306067959205169
depression,RBF SVM,3,88556,0,0.22540795690771606
depression,RBF SVM,3,88566,0,0.13030144172128452
depression,RBF SVM,3,88576,0,0.2729793561689228
depression,RBF SVM,3,88589,0,0.24624941821263674
depression,RBF SVM,3,88601,0,0.6747748321262196
depression,RBF SVM,3,88608,0,0.7622488266772638
depression,RBF SVM,3,88614,0,0.6112359898538814
depression,RBF SVM,3,88621,0,0.6595664463753517
depression,RBF SVM,3,88629,0,0.46809043938282696
depression,RBF SVM,3,88638,0,0.4386990955830546
depression,RBF SVM,3,88650,0,0.10480263607360578
depression,RBF SVM,3,88654,0,0.6868229431378134
depression,RBF SVM,3,88664,1,0.23923502973852803
depression,RBF SVM,3,88666,0,0.42394605653736156
depression,RBF SVM,3,88677,0,0.2970289843002721
depression,RBF SVM,3,88686,0,0.7449276335601238
depression,RBF SVM,3,88695,0,0.5037436835078556
depression,RBF SVM,3,88704,0,0.6787087473726677
depression,RBF SVM,3,88713,0,0.28501779636302627
depression,RBF SVM,3,88724,0,0.4824382018421183
depression,RBF SVM,3,88733,0,0.42244479832973686
depression,RBF SVM,3,88744,0,0.4438178453205593
depression,RBF SVM,3,88757,0,0.1333446766004702
depression,RBF SVM,3,88766,0,0.30842679316186006
depression,RBF SVM,3,88786,0,0.5977285848288012
depression,RBF SVM,3,88792,0,0.26878352523924265
depression,RBF SVM,3,88801,0,0.29145528476374216
depression,RBF SVM,3,88811,0,0.26348081110780647
depression,RBF SVM,3,88829,0,0.27292551253415875
depression,RBF SVM,3,88838,0,0.25510757567410824
depression,RBF SVM,3,88847,0,0.25272209738255386
depression,RBF SVM,3,88851,1,0.7461844195107867
depression,RBF SVM,3,88859,0,0.6845311714570649
depression,RBF SVM,3,88870,0,0.37547714892989237
depression,RBF SVM,3,88877,0,0.6910926606355325
depression,RBF SVM,3,88885,0,0.6111642457778345
depression,RBF SVM,3,88892,0,0.45603471624417624
depression,RBF SVM,3,88896,0,0.29708746626644184
depression,RBF SVM,3,88906,0,0.2698274193052828
depression,RBF SVM,3,88915,0,0.37905496345078316
depression,RBF SVM,3,88918,0,0.4196044417965202
depression,RBF SVM,3,88927,0,0.7259641984895061
depression,RBF SVM,3,88935,0,0.23991961443423285
depression,RBF SVM,3,88944,0,0.2735405371517085
depression,RBF SVM,3,88956,0,0.7299027762197752
depression,RBF SVM,3,88970,0,0.20146906384407742
depression,RBF SVM,3,88983,0,0.26565399564896613
depression,RBF SVM,3,88994,0,0.2979043408893107
depression,RBF SVM,3,89009,0,0.7362624071882257
depression,RBF SVM,3,89019,0,0.2752088045358659
depression,RBF SVM,3,89028,0,0.6375811471618724
depression,RBF SVM,3,89038,0,0.4543942916427796
depression,RBF SVM,3,89044,0,0.2737091859068375
depression,RBF SVM,3,89067,0,0.6571601409082544
depression,RBF SVM,3,89073,0,0.6607629341939073
depression,RBF SVM,3,89084,0,0.7608300335599186
depression,RBF SVM,3,89096,0,0.4131451343130589
depression,RBF SVM,3,89103,0,0.2656166166359812
depression,RBF SVM,3,89111,0,0.25972146380198885
depression,RBF SVM,3,89122,1,0.7323529241991199
depression,RBF SVM,3,89128,0,0.3062961237515911
depression,RBF SVM,3,89137,0,0.2735330400426481
depression,RBF SVM,3,89156,0,0.6376543008544145
depression,RBF SVM,3,89161,0,0.4347507821426689
depression,RBF SVM,3,89168,0,0.5829715889989571
depression,RBF SVM,3,89175,0,0.24931834520665683
depression,RBF SVM,3,89183,0,0.5360575724315363
depression,RBF SVM,3,89190,0,0.3336463935717194
depression,RBF SVM,3,89203,0,0.31377835728998305
depression,RBF SVM,3,89208,1,0.34608341239609214
depression,RBF SVM,3,89230,0,0.4716557019917787
depression,RBF SVM,3,89237,0,0.6803746537869599
depression,RBF SVM,3,89249,0,0.27359104171563886
depression,RBF SVM,3,89261,0,0.22429009592393845
depression,RBF SVM,3,89268,0,0.21227893492151353
depression,RBF SVM,3,89278,0,0.3646234773941516
depression,RBF SVM,3,89289,0,0.1818217239394444
depression,RBF SVM,3,89299,0,0.3560053499426943
depression,RBF SVM,3,89305,0,0.3862002965824646
depression,RBF SVM,3,89316,0,0.6957253345563269
depression,RBF SVM,3,89325,0,0.34291469794273954
depression,RBF SVM,3,89332,0,0.5174329264827796
depression,RBF SVM,3,89346,0,0.14431499182922283
depression,RBF SVM,3,89352,0,0.1585673188454774
depression,RBF SVM,3,89359,0,0.6599261045955811
depression,RBF SVM,3,89371,1,0.5211049846221718
depression,RBF SVM,3,89384,0,0.4506906936645598
depression,RBF SVM,3,89397,0,0.4611238340076104
depression,RBF SVM,3,89407,0,0.13315376001662776
depression,RBF SVM,3,89420,0,0.6319157084582926
depression,RBF SVM,3,89435,0,0.5254747557220187
depression,RBF SVM,3,89442,0,0.13621467655974231
depression,RBF SVM,3,89453,0,0.5915807061230018
depression,RBF SVM,3,89462,0,0.2689538691397343
depression,RBF SVM,3,89472,0,0.25807525878731513
depression,RBF SVM,3,89477,0,0.2726686435170588
depression,RBF SVM,3,89491,0,0.2179974853055857
depression,RBF SVM,3,89499,0,0.6565036065542103
depression,RBF SVM,3,89511,1,0.7342611089796304
depression,RBF SVM,3,89518,0,0.5462719248511643
depression,RBF SVM,3,89541,0,0.5991921430831689
depression,RBF SVM,3,89549,0,0.3461921389473179
depression,RBF SVM,3,89553,0,0.23978658552137588
depression,RBF SVM,3,89565,1,0.45186132788829725
depression,RBF SVM,3,89573,0,0.4675695251356831
depression,RBF SVM,3,89579,0,0.26905869661656107
depression,RBF SVM,3,89586,0,0.6147837516750863
depression,RBF SVM,3,89591,0,0.5639439095839256
depression,RBF SVM,3,89599,0,0.5132839053157144
depression,RBF SVM,3,89602,0,0.6152202428304173
depression,RBF SVM,3,89612,0,0.23403856732617895
depression,RBF SVM,3,89619,0,0.2726686435170588
depression,RBF SVM,3,89632,0,0.2750098206033512
depression,RBF SVM,3,89639,1,0.27043769986884963
depression,RBF SVM,3,89645,0,0.29763623567067954
depression,RBF SVM,3,89650,0,0.40904532781753594
depression,RBF SVM,3,89656,0,0.23458239934341613
depression,RBF SVM,3,89670,0,0.30271384638812265
depression,RBF SVM,3,89677,0,0.36387289977576925
depression,RBF SVM,3,89686,0,0.5056281103992659
depression,RBF SVM,3,89700,0,0.3031947864082761
depression,RBF SVM,3,89705,0,0.49248377418575706
depression,RBF SVM,3,89712,0,0.2742851095844241
depression,RBF SVM,3,89722,0,0.20708708304543533
depression,RBF SVM,3,89729,0,0.27699363875275934
depression,RBF SVM,3,89734,0,0.716745272480684
depression,RBF SVM,3,89743,0,0.2785249371817091
depression,RBF SVM,3,89761,0,0.6046410358484545
depression,RBF SVM,3,89774,0,0.2649637296746418
depression,RBF SVM,3,89787,0,0.6388526752385539
depression,RBF SVM,3,89793,0,0.27915539593832245
depression,RBF SVM,3,89800,0,0.19094283647480081
depression,RBF SVM,3,89804,1,0.25384149586053295
depression,RBF SVM,3,89813,0,0.5194963058055213
depression,RBF SVM,3,89823,1,0.4280805842420097
depression,RBF SVM,3,89832,0,0.26921954994451264
depression,RBF SVM,3,89842,0,0.6040704443468143
depression,RBF SVM,3,89849,0,0.09917111174288505
depression,RBF SVM,3,89855,0,0.6502130857508215
depression,RBF SVM,3,89878,0,0.22848437650807024
depression,RBF SVM,3,89884,0,0.7292848628456267
depression,RBF SVM,3,89894,0,0.8052718317227924
depression,RBF SVM,3,89904,0,0.32428452255242685
depression,RBF SVM,3,89918,0,0.21258820918548324
depression,RBF SVM,3,89933,0,0.6973472964381665
depression,RBF SVM,3,89945,0,0.26900340158817276
depression,RBF SVM,3,89953,0,0.6325990905495358
depression,RBF SVM,3,89960,0,0.5938230758228424
depression,RBF SVM,3,89970,1,0.6282065252475095
depression,RBF SVM,3,89977,0,0.511466146389947
depression,RBF SVM,3,89987,0,0.7645089723197928
depression,RBF SVM,3,89997,0,0.6042330336615053
depression,RBF SVM,3,90006,0,0.26866269834739426
depression,RBF SVM,3,90013,0,0.6814557280195752
depression,RBF SVM,3,90027,0,0.4568876489763931
depression,RBF SVM,3,90034,1,0.774649805189708
depression,RBF SVM,3,90045,0,0.25699433671422917
depression,RBF SVM,3,90055,1,0.7295612022815364
depression,RBF SVM,3,90060,0,0.23855775609103655
depression,RBF SVM,3,90067,0,0.7424702232863942
depression,RBF SVM,3,90075,0,0.7148450381659038
depression,RBF SVM,3,90084,0,0.40344848152366775
depression,RBF SVM,3,90092,0,0.6375811471618724
depression,RBF SVM,3,90095,0,0.2504573805719209
depression,RBF SVM,3,90106,0,0.7575499792352075
depression,RBF SVM,3,90113,0,0.2821845219243953
depression,RBF SVM,3,90121,0,0.2815754060471478
depression,RBF SVM,3,90136,0,0.47428385206212365
depression,RBF SVM,3,90143,0,0.25555688576606433
depression,RBF SVM,3,90152,0,0.6221652119467461
depression,RBF SVM,3,90158,0,0.7479072155198127
depression,RBF SVM,3,90171,0,0.06223847570924766
depression,RBF SVM,3,90185,0,0.29832535239887153
depression,RBF SVM,3,90195,0,0.7486380626192906
depression,RBF SVM,3,90209,0,0.42154795624695834
depression,RBF SVM,3,90230,0,0.7508248685606388
depression,RBF SVM,3,90243,0,0.27676203262222016
depression,RBF SVM,3,90249,0,0.6375635748106981
depression,RBF SVM,3,90258,0,0.18304665523758773
depression,RBF SVM,3,90268,0,0.7158683279202424
depression,RBF SVM,3,90274,0,0.26891386093249814
depression,RBF SVM,3,90287,0,0.6647387902841959
depression,RBF SVM,3,90298,0,0.14313429120712123
depression,RBF SVM,3,90305,0,0.22949310359563493
depression,RBF SVM,3,90319,0,0.12346555450373685
depression,RBF SVM,3,90325,0,0.24394145256380756
depression,RBF SVM,3,90330,0,0.2390811017187042
depression,RBF SVM,3,90341,0,0.43898058493073916
depression,RBF SVM,3,90347,0,0.17733269767090676
depression,RBF SVM,3,90354,0,0.653431303411732
depression,RBF SVM,3,90362,0,0.11248748053604522
depression,RBF SVM,3,90370,0,0.21893558844488917
depression,RBF SVM,3,90381,0,0.17142761482572488
depression,RBF SVM,3,90394,0,0.21958623925460616
depression,RBF SVM,3,90409,1,0.7281406022074116
depression,RBF SVM,3,90419,0,0.4173890568133102
depression,RBF SVM,3,90433,0,0.33779700976116156
depression,RBF SVM,3,90444,0,0.18602131678415681
depression,RBF SVM,3,90456,0,0.6765404121449362
depression,RBF SVM,3,90465,0,0.22018664023532641
depression,RBF SVM,3,90477,0,0.2380386684112874
depression,RBF SVM,3,90490,0,0.730364836685425
depression,RBF SVM,3,90500,0,0.6230515854668364
depression,RBF SVM,3,90507,0,0.49074316042906535
depression,RBF SVM,3,90516,0,0.5699596046451092
depression,RBF SVM,3,90522,1,0.24201981509160303
depression,RBF SVM,3,90530,0,0.6139549221786058
depression,RBF SVM,3,90535,0,0.1236840468614564
depression,RBF SVM,3,90545,0,0.27223501918128845
depression,RBF SVM,3,90559,1,0.44210427840639266
depression,RBF SVM,3,90572,0,0.6792511561851897
depression,RBF SVM,3,90576,0,0.566140003502518
depression,RBF SVM,3,90585,0,0.2109030729914533
depression,RBF SVM,3,90593,0,0.42793108854822093
depression,RBF SVM,3,90603,0,0.6305406942582816
depression,RBF SVM,3,90610,0,0.21208792510211583
depression,RBF SVM,3,90618,0,0.24000544284408082
depression,RBF SVM,3,90630,0,0.4946846249704245
depression,RBF SVM,3,90638,0,0.46763029267923933
depression,RBF SVM,3,90646,0,0.32728828131745713
depression,RBF SVM,3,90653,1,0.5643289199350446
depression,RBF SVM,3,90661,0,0.5823593776301049
depression,RBF SVM,3,90668,0,0.33779700976116156
depression,RBF SVM,3,90673,1,0.5435768401371931
depression,RBF SVM,3,90680,0,0.26959864367252295
depression,RBF SVM,3,90690,0,0.47327227422954044
depression,RBF SVM,3,90700,0,0.2652894265411527
depression,RBF SVM,3,90711,0,0.18367624586558273
depression,RBF SVM,3,90720,0,0.3708322170765383
depression,RBF SVM,3,90733,0,0.7072314744100116
depression,RBF SVM,3,90746,0,0.25905390814835644
depression,RBF SVM,3,90760,0,0.7973817890013609
depression,RBF SVM,3,90772,0,0.6024432868849715
depression,RBF SVM,3,90793,0,0.6889058921541732
depression,RBF SVM,3,90800,0,0.3369506158951806
depression,RBF SVM,3,90811,0,0.7764706209115125
depression,RBF SVM,3,90817,0,0.8121090248783615
depression,RBF SVM,3,90829,0,0.3090497827959621
depression,RBF SVM,3,90842,1,0.5223514190513839
depression,RBF SVM,3,90848,0,0.1050663764526226
depression,RBF SVM,3,90856,0,0.32340234188606415
depression,RBF SVM,3,90871,0,0.2751897266546995
depression,RBF SVM,3,90882,0,0.5938253500053131
depression,RBF SVM,3,90889,0,0.2935556949611702
depression,RBF SVM,3,90895,0,0.21048104285503513
depression,RBF SVM,3,90900,0,0.4400869327766024
depression,RBF SVM,3,90908,0,0.5796149705921613
depression,RBF SVM,3,90919,0,0.6380963665686945
depression,RBF SVM,3,90926,0,0.2166572208320707
depression,RBF SVM,3,90932,0,0.29732898578445793
depression,RBF SVM,3,90942,1,0.2790297643706475
depression,RBF SVM,3,90954,0,0.5117630720833326
depression,RBF SVM,3,90966,0,0.21936994089309855
depression,RBF SVM,3,90973,0,0.5015898322893797
depression,RBF SVM,3,90982,0,0.5789980314554919
depression,RBF SVM,3,90992,0,0.5395543386214016
depression,RBF SVM,3,91001,1,0.40344848152366775
depression,RBF SVM,3,91011,0,0.2474353493372326
depression,RBF SVM,3,91024,0,0.25674972111627614
depression,RBF SVM,3,91034,0,0.22017477548671457
depression,RBF SVM,3,91038,0,0.2749681949198011
depression,RBF SVM,3,91049,0,0.28596620999443084
depression,RBF SVM,3,91062,0,0.7701613313307916
depression,RBF SVM,3,91074,0,0.1513814645786176
depression,RBF SVM,3,91080,0,0.2609887979895399
depression,RBF SVM,3,91094,1,0.594015882809538
depression,RBF SVM,3,91104,0,0.3409316114302385
depression,RBF SVM,3,91114,0,0.23413829135908237
depression,RBF SVM,3,91128,0,0.4313003896791262
depression,RBF SVM,3,91138,0,0.4493708247685296
depression,RBF SVM,3,91149,0,0.6317750575551891
depression,RBF SVM,3,91161,0,0.38753769244887093
depression,RBF SVM,3,91167,0,0.44955495047289007
depression,RBF SVM,3,91177,0,0.22285445261873682
depression,RBF SVM,3,91190,0,0.39532093714376165
depression,RBF SVM,3,91204,1,0.28622754055993643
depression,RBF SVM,3,91215,0,0.6441171650216235
depression,RBF SVM,3,91223,0,0.7463450146980951
depression,RBF SVM,3,91239,0,0.7522684136111438
depression,RBF SVM,3,91251,0,0.5302717601375331
depression,RBF SVM,3,91263,0,0.27470281569241034
depression,RBF SVM,3,91271,0,0.7002319221951987
depression,RBF SVM,3,91279,0,0.4255397397743405
depression,RBF SVM,3,91292,0,0.5693949210264527
depression,RBF SVM,3,91303,0,0.6237701839781524
depression,RBF SVM,3,91316,0,0.763238173171567
depression,RBF SVM,3,91324,0,0.5640938269018793
depression,RBF SVM,3,91332,0,0.5040668450066024
depression,RBF SVM,3,91339,0,0.5846105117530812
depression,RBF SVM,3,91347,1,0.6375548383847268
depression,RBF SVM,3,91355,0,0.7656312315575093
depression,RBF SVM,3,91361,0,0.10504446275140267
depression,RBF SVM,3,91367,0,0.2582546398247351
depression,RBF SVM,3,91383,0,0.2804692366746148
depression,RBF SVM,3,91393,1,0.22036778494960027
depression,RBF SVM,3,91402,0,0.26121466863300435
depression,RBF SVM,3,91413,0,0.21033936861420668
depression,RBF SVM,3,91421,0,0.6501853458029895
depression,RBF SVM,3,91432,0,0.2409569449522286
depression,RBF SVM,3,91440,0,0.7262468603426945
depression,RBF SVM,3,91449,0,0.6800579165836567
depression,RBF SVM,3,91454,0,0.6918793813827221
depression,RBF SVM,3,91475,1,0.6048776521336393
depression,RBF SVM,3,91481,0,0.3922323578752919
depression,RBF SVM,3,91489,0,0.4543021253837692
depression,RBF SVM,3,91497,0,0.2184716671695644
depression,RBF SVM,3,91510,0,0.2604621011206435
depression,RBF SVM,3,91525,0,0.10965797210794889
depression,RBF SVM,3,91533,0,0.17671033029521022
depression,RBF SVM,3,91544,0,0.47625366422668014
depression,RBF SVM,3,91555,0,0.2890910787724181
depression,RBF SVM,3,91563,0,0.7663138930040919
depression,RBF SVM,3,91572,0,0.40344848152366775
depression,RBF SVM,3,91584,0,0.7853846112362849
depression,RBF SVM,3,91596,0,0.6062499334893386
depression,RBF SVM,3,91604,0,0.2708354423773803
depression,RBF SVM,3,91615,0,0.27343897096570446
depression,RBF SVM,3,91622,0,0.670472209543775
depression,RBF SVM,3,91631,1,0.7853588113011243
depression,RBF SVM,3,91637,0,0.26959864367252295
depression,RBF SVM,3,91646,0,0.20671575848884244
depression,RBF SVM,3,91661,0,0.2508429965146701
depression,RBF SVM,3,91670,0,0.7214574193050882
depression,RBF SVM,3,91674,0,0.25425865550213683
depression,RBF SVM,3,91683,0,0.26628111858368747
depression,RBF SVM,3,91702,0,0.6559499131636419
depression,RBF SVM,3,91714,0,0.6688283052698711
depression,RBF SVM,3,91717,1,0.6296801404159028
depression,RBF SVM,3,91728,0,0.3103780414528552
depression,RBF SVM,3,91733,0,0.4205569324014408
depression,RBF SVM,3,91742,0,0.4521963017267408
depression,RBF SVM,3,91750,0,0.28016584108234666
depression,RBF SVM,3,91759,1,0.5591780559086281
depression,RBF SVM,3,91776,0,0.2806874564067376
depression,RBF SVM,3,91787,0,0.42221153842378395
depression,RBF SVM,3,91793,0,0.7132019241702805
depression,RBF SVM,3,91804,0,0.6548688995161395
depression,RBF SVM,3,91810,1,0.48773408449408034
depression,RBF SVM,3,91817,0,0.26949523221541305
depression,RBF SVM,3,91825,0,0.2431675367180635
depression,RBF SVM,3,91832,0,0.24385244047485022
depression,RBF SVM,3,91838,0,0.280360250523692
depression,RBF SVM,3,91846,0,0.26847833698496254
depression,RBF SVM,3,91856,0,0.7451528211098483
depression,RBF SVM,3,91865,0,0.2720455628887195
depression,RBF SVM,3,91875,0,0.20203876257884043
depression,RBF SVM,3,91888,0,0.2795740332588944
depression,RBF SVM,3,91897,0,0.4498752530523393
depression,RBF SVM,3,91906,0,0.18826625908435526
depression,RBF SVM,3,91916,0,0.3135570809935595
depression,RBF SVM,3,91927,0,0.2756691512352326
depression,RBF SVM,3,91935,0,0.3922323578752919
depression,RBF SVM,3,91950,0,0.6649886975360895
depression,RBF SVM,3,91960,0,0.7929371249150071
depression,RBF SVM,3,91972,0,0.520591120537494
depression,RBF SVM,3,91975,0,0.31173694605820834
depression,RBF SVM,3,91984,0,0.770737158039393
depression,RBF SVM,3,91997,1,0.2186772145102323
depression,RBF SVM,3,92004,0,0.4860106963765164
depression,RBF SVM,3,92020,0,0.6391914643005674
depression,RBF SVM,3,92030,0,0.6901538598919622
depression,RBF SVM,3,92044,0,0.39213635922274476
depression,RBF SVM,3,92051,0,0.5004995146551785
depression,RBF SVM,3,92060,0,0.7295346364234069
depression,RBF SVM,3,92074,0,0.23452961532588226
depression,RBF SVM,3,92085,0,0.27192573375722673
depression,RBF SVM,3,92094,0,0.599206179412898
depression,RBF SVM,3,92104,0,0.26182711798075514
depression,RBF SVM,3,92109,1,0.38174549629416593
depression,RBF SVM,3,92121,0,0.2730759669447025
depression,RBF SVM,3,92130,0,0.21202062280870437
depression,RBF SVM,3,92134,0,0.5752682536602559
depression,RBF SVM,3,92143,0,0.7468739994185878
depression,RBF SVM,3,92156,0,0.2792088853384425
depression,RBF SVM,3,92160,0,0.2814165974052301
depression,RBF SVM,3,92179,0,0.4499766483095705
depression,RBF SVM,3,92190,0,0.6382275044387373
depression,RBF SVM,3,92202,0,0.41260742646078474
depression,RBF SVM,3,92212,1,0.2350868516225508
depression,RBF SVM,3,92220,0,0.24202655812917914
depression,RBF SVM,3,92235,0,0.39939078108468734
depression,RBF SVM,3,92243,1,0.6622412964011991
depression,RBF SVM,3,92247,0,0.27359104171563886
depression,RBF SVM,3,92257,0,0.7361588263879938
depression,RBF SVM,3,92271,0,0.6364189622753119
depression,RBF SVM,3,92283,0,0.5597408121953094
depression,RBF SVM,3,92296,0,0.26894907386748834
depression,RBF SVM,3,92307,0,0.6153417958036376
depression,RBF SVM,3,92323,0,0.22599271241925928
depression,RBF SVM,3,92337,0,0.732342798259799
depression,RBF SVM,3,92349,0,0.29379747657174016
depression,RBF SVM,3,92359,0,0.6246844377393082
depression,RBF SVM,3,92366,0,0.2696676428944133
depression,RBF SVM,3,92374,0,0.25068975645470676
depression,RBF SVM,3,92389,0,0.159512934350647
depression,RBF SVM,3,92393,0,0.21258820918548324
depression,RBF SVM,3,92405,0,0.26866269834739426
depression,RBF SVM,3,92413,0,0.2814493149575774
depression,RBF SVM,3,92419,0,0.6446247178860134
depression,RBF SVM,3,92428,0,0.23575457670451216
depression,RBF SVM,3,92437,0,0.26843129915493535
depression,RBF SVM,3,92448,0,0.7900399921508052
depression,RBF SVM,3,92462,1,0.2607308968142377
depression,RBF SVM,3,92478,0,0.5043009210723768
depression,RBF SVM,3,92491,0,0.2630226507975988
depression,RBF SVM,3,92500,0,0.3447119097094661
depression,RBF SVM,3,92506,0,0.6260414735520783
depression,RBF SVM,3,92512,0,0.5134742674205257
depression,RBF SVM,3,92526,0,0.800456688972522
depression,RBF SVM,3,92533,0,0.7317465520681987
depression,RBF SVM,3,92540,0,0.4310869140664805
depression,RBF SVM,3,92546,0,0.4539171344825871
depression,RBF SVM,3,92556,0,0.6988858940583409
depression,RBF SVM,3,92566,0,0.4129062280944568
depression,RBF SVM,3,92574,0,0.1550933974044128
depression,RBF SVM,3,92588,0,0.4561809730095624
depression,RBF SVM,3,92601,0,0.38310028312737987
depression,RBF SVM,3,92608,0,0.5943820655646218
depression,RBF SVM,3,92617,1,0.13077172060390382
depression,RBF SVM,3,92625,0,0.502467635613219
depression,RBF SVM,3,92634,0,0.20146906384407742
depression,RBF SVM,3,92647,0,0.6866528416172134
depression,RBF SVM,3,92657,0,0.38830147141954324
depression,RBF SVM,3,92667,0,0.5071672674348204
depression,RBF SVM,3,92676,0,0.21187471187800488
depression,RBF SVM,3,92688,0,0.2708354423773803
depression,RBF SVM,3,92698,0,0.2689034239557501
depression,RBF SVM,3,92704,1,0.7356960116552576
depression,RBF SVM,3,92719,0,0.2687530085724465
depression,RBF SVM,3,92728,0,0.1793164082534217
depression,RBF SVM,3,92741,0,0.17238123402427985
depression,RBF SVM,3,92748,0,0.5758726130120757
depression,RBF SVM,3,92753,0,0.07615097942006216
depression,RBF SVM,3,92767,0,0.5961992202030802
depression,RBF SVM,3,92777,0,0.21273118794370552
depression,RBF SVM,3,92788,0,0.5404014207861042
depression,RBF SVM,3,92799,0,0.2698479780928053
depression,RBF SVM,3,92814,0,0.7847006358458508
depression,RBF SVM,3,92822,0,0.3242918693884234
depression,RBF SVM,3,92829,0,0.07729902316627352
depression,RBF SVM,3,92839,0,0.13174243602976982
depression,RBF SVM,3,92850,0,0.26894989839208694
depression,RBF SVM,3,92859,0,0.6423931843872195
depression,RBF SVM,3,92878,0,0.20256160283303062
depression,RBF SVM,3,92881,0,0.42701954885147486
depression,RBF SVM,3,92887,0,0.5381326971229086
depression,RBF SVM,3,92897,0,0.6693329118007898
depression,RBF SVM,3,92903,0,0.205686061089074
depression,RBF SVM,3,92909,0,0.16943504086316724
depression,RBF SVM,3,92918,0,0.4314069799413462
depression,RBF SVM,3,92926,0,0.2404471300629392
depression,RBF SVM,3,92938,0,0.26402495070085225
depression,RBF SVM,3,92950,0,0.4698882437743749
depression,RBF SVM,3,92957,0,0.2561535368589712
depression,RBF SVM,3,92967,0,0.6806792969473303
depression,RBF SVM,3,92977,0,0.6772182570880152
depression,RBF SVM,3,92986,0,0.4154716286623614
depression,RBF SVM,3,92992,0,0.7435762683732544
depression,RBF SVM,3,93000,0,0.20726592354210302
depression,RBF SVM,3,93005,0,0.240083282664351
depression,RBF SVM,3,93014,0,0.27037444953267503
depression,RBF SVM,3,93022,0,0.46401493067261507
depression,RBF SVM,3,93029,0,0.3066339095968024
depression,RBF SVM,3,93043,0,0.22173278214925574
depression,RBF SVM,3,93048,0,0.5373798998212502
depression,RBF SVM,3,93053,0,0.7026937274693117
depression,RBF SVM,3,93069,0,0.20245475061061544
depression,RBF SVM,3,93075,1,0.1605995279878568
depression,RBF SVM,3,93085,0,0.24395474778191178
depression,RBF SVM,3,93093,0,0.6298168311180768
depression,RBF SVM,3,93100,0,0.3610191211785733
depression,RBF SVM,3,93111,0,0.7650666418254454
depression,RBF SVM,3,93124,0,0.11980252355191652
depression,RBF SVM,3,93140,0,0.6948058128200386
depression,RBF SVM,3,93149,0,0.3280163454810633
depression,RBF SVM,3,93162,0,0.5233629638071761
depression,RBF SVM,3,93174,0,0.46955770055636725
depression,RBF SVM,3,93185,0,0.22901808343593621
depression,RBF SVM,3,93200,0,0.25930486242405754
depression,RBF SVM,3,93206,0,0.6800396291377175
depression,RBF SVM,3,93213,0,0.4392124835894155
depression,RBF SVM,3,93232,0,0.6615620899465267
depression,RBF SVM,3,93240,0,0.3211126365937082
depression,RBF SVM,3,93251,0,0.6028410807361049
depression,RBF SVM,3,93266,0,0.2974282982758901
depression,RBF SVM,3,93273,0,0.18054049586022206
depression,RBF SVM,3,93278,0,0.2690629136151496
depression,RBF SVM,3,93281,0,0.06804620159831701
depression,RBF SVM,3,93286,0,0.5451572172389447
depression,RBF SVM,3,93300,0,0.27258579950897704
depression,RBF SVM,3,93308,0,0.5311869329243252
depression,RBF SVM,3,93321,0,0.7005517905316798
depression,RBF SVM,3,93328,0,0.14566234476540763
depression,RBF SVM,3,93345,1,0.212810379707245
depression,RBF SVM,3,93353,0,0.44420628290281206
depression,RBF SVM,3,93361,0,0.5882964348998337
depression,RBF SVM,3,93367,0,0.23293686412600065
depression,RBF SVM,3,93374,0,0.20968439103386455
depression,RBF SVM,3,93391,0,0.746054882802004
depression,RBF SVM,3,93410,0,0.4964677608984822
depression,RBF SVM,3,93420,0,0.2842479167917649
depression,RBF SVM,3,93434,0,0.6192370987984803
depression,RBF SVM,3,93437,0,0.26889877745571555
depression,RBF SVM,3,93446,0,0.5405404717761354
depression,RBF SVM,3,93461,0,0.17735065837225975
depression,RBF SVM,3,93478,0,0.7504444751952318
depression,RBF SVM,3,93488,0,0.2127524716209176
depression,RBF SVM,3,93495,0,0.3245588250883532
depression,RBF SVM,3,93503,0,0.4333341201714683
depression,RBF SVM,3,93513,0,0.7866455660767733
depression,RBF SVM,3,93522,0,0.6570613090895387
depression,RBF SVM,3,93532,0,0.25093730422588145
depression,RBF SVM,3,93541,0,0.25651696704873417
depression,RBF SVM,3,93555,0,0.43762554297509487
depression,RBF SVM,3,93563,0,0.5870806405888821
depression,RBF SVM,3,93571,0,0.26923239821873224
depression,RBF SVM,3,93581,0,0.36626093561116124
depression,RBF SVM,3,93592,0,0.30097668163451613
depression,RBF SVM,3,93606,0,0.5267035752939047
depression,RBF SVM,3,93611,0,0.723568671865493
depression,RBF SVM,3,93617,0,0.204358453395879
depression,RBF SVM,3,93624,0,0.4083578066753599
depression,RBF SVM,3,93636,1,0.652582017634881
depression,RBF SVM,3,93644,0,0.41803023649131815
depression,RBF SVM,3,93655,0,0.7047153692942123
depression,RBF SVM,3,93664,0,0.2093896022055653
depression,RBF SVM,3,93675,1,0.26907363012990815
depression,RBF SVM,3,93685,0,0.5933566299590064
depression,RBF SVM,3,93697,0,0.20642331014638496
depression,Random Forest,3,83735,1,0.05665970267794211
depression,Random Forest,3,83737,0,0.04585031106783002
depression,Random Forest,3,83750,0,0.3784381184689978
depression,Random Forest,3,83761,0,0.32350697459940847
depression,Random Forest,3,83777,1,0.0
depression,Random Forest,3,83788,0,0.3791466899532602
depression,Random Forest,3,83809,0,0.16699348560267246
depression,Random Forest,3,83818,0,0.24737882339057077
depression,Random Forest,3,83828,0,0.23357174746207876
depression,Random Forest,3,83837,0,0.10120331199683527
depression,Random Forest,3,83849,0,0.07955773040077363
depression,Random Forest,3,83860,0,0.0
depression,Random Forest,3,83870,0,0.01375127062593346
depression,Random Forest,3,83881,0,0.37117391155855145
depression,Random Forest,3,83887,0,0.11505467753399276
depression,Random Forest,3,83895,0,0.19443940626562306
depression,Random Forest,3,83902,0,0.0030245776959410774
depression,Random Forest,3,83913,0,0.02182361714579488
depression,Random Forest,3,83924,0,0.35816348173884616
depression,Random Forest,3,83932,0,0.0026726089417091117
depression,Random Forest,3,83946,0,0.035791580809967215
depression,Random Forest,3,83953,0,0.027633174968143742
depression,Random Forest,3,83961,0,0.15906194909463695
depression,Random Forest,3,83966,0,0.020579820360289536
depression,Random Forest,3,83977,0,0.010912522096370371
depression,Random Forest,3,83989,1,0.1306885990485617
depression,Random Forest,3,83996,0,0.021485354730316902
depression,Random Forest,3,84006,0,0.2972700189969143
depression,Random Forest,3,84015,0,0.040010057750271305
depression,Random Forest,3,84022,0,0.17689601324946533
depression,Random Forest,3,84029,0,0.03369908921774359
depression,Random Forest,3,84036,0,0.062486754265454615
depression,Random Forest,3,84046,0,0.21814233550202394
depression,Random Forest,3,84058,0,0.2935766517374574
depression,Random Forest,3,84069,0,0.3460167470339885
depression,Random Forest,3,84077,0,0.06454418577267973
depression,Random Forest,3,84089,0,0.17927287649895354
depression,Random Forest,3,84101,0,0.01344413247855611
depression,Random Forest,3,84110,0,0.03104630783764366
depression,Random Forest,3,84118,0,0.12993578778105094
depression,Random Forest,3,84125,1,0.023693368093550066
depression,Random Forest,3,84126,0,0.39161914491332944
depression,Random Forest,3,84143,0,0.5219251037724514
depression,Random Forest,3,84167,0,0.021646201362215792
depression,Random Forest,3,84172,0,0.23676474046742732
depression,Random Forest,3,84181,1,0.3480004326891973
depression,Random Forest,3,84192,0,0.01562519210114188
depression,Random Forest,3,84200,0,0.19410758401969358
depression,Random Forest,3,84211,0,0.0025945742303124155
depression,Random Forest,3,84218,0,0.16986171966065364
depression,Random Forest,3,84228,0,0.16510914787169548
depression,Random Forest,3,84235,0,0.033658665520444636
depression,Random Forest,3,84238,0,0.28213567310986054
depression,Random Forest,3,84251,1,0.26545323161877477
depression,Random Forest,3,84269,0,0.03521286177326126
depression,Random Forest,3,84282,0,0.28896630785272387
depression,Random Forest,3,84292,0,0.009390840359631598
depression,Random Forest,3,84300,0,0.06668316130785476
depression,Random Forest,3,84309,0,0.12343087707247094
depression,Random Forest,3,84321,0,0.1348897390311617
depression,Random Forest,3,84336,0,0.006206465833716722
depression,Random Forest,3,84354,0,0.05612230633457727
depression,Random Forest,3,84366,0,0.26907800838332985
depression,Random Forest,3,84376,0,0.048829248971520384
depression,Random Forest,3,84384,0,0.00929292355026369
depression,Random Forest,3,84391,0,0.0060820519887573995
depression,Random Forest,3,84396,0,0.03185511028502579
depression,Random Forest,3,84404,0,0.02646825593328685
depression,Random Forest,3,84412,0,0.20509724507740004
depression,Random Forest,3,84424,0,0.043989598075143715
depression,Random Forest,3,84431,0,0.014603557235233555
depression,Random Forest,3,84443,0,0.12796731071007592
depression,Random Forest,3,84453,0,0.14882460695752145
depression,Random Forest,3,84463,0,0.028587366320763957
depression,Random Forest,3,84467,0,0.0
depression,Random Forest,3,84482,0,0.004599464329194059
depression,Random Forest,3,84488,0,0.2816326359175816
depression,Random Forest,3,84498,0,0.025213803596110484
depression,Random Forest,3,84511,0,0.00800823787193455
depression,Random Forest,3,84532,0,0.12579099071505373
depression,Random Forest,3,84540,0,0.018049918043672324
depression,Random Forest,3,84548,0,0.04710039235300784
depression,Random Forest,3,84556,0,0.05596888849468515
depression,Random Forest,3,84567,0,0.12315026963552254
depression,Random Forest,3,84579,0,0.02313358178040242
depression,Random Forest,3,84584,0,0.0803227222563962
depression,Random Forest,3,84594,0,0.0
depression,Random Forest,3,84602,0,0.041544185644678634
depression,Random Forest,3,84612,0,0.0
depression,Random Forest,3,84619,0,0.026283837549071074
depression,Random Forest,3,84626,0,0.0047256504336224145
depression,Random Forest,3,84640,0,0.013647601494601546
depression,Random Forest,3,84649,0,0.002797008235112324
depression,Random Forest,3,84660,0,0.013621262733069144
depression,Random Forest,3,84668,0,0.5012245895595792
depression,Random Forest,3,84676,1,0.13930936228441082
depression,Random Forest,3,84685,0,0.16293878014656366
depression,Random Forest,3,84695,1,0.1336446519296414
depression,Random Forest,3,84704,0,0.3383257590943176
depression,Random Forest,3,84707,0,0.06157419947239737
depression,Random Forest,3,84719,0,0.29975576551544403
depression,Random Forest,3,84732,0,0.010091244539935295
depression,Random Forest,3,84741,0,0.4506523967966585
depression,Random Forest,3,84752,0,0.26802646434251726
depression,Random Forest,3,84759,0,0.09968655124082644
depression,Random Forest,3,84766,0,0.02667581772335976
depression,Random Forest,3,84768,0,0.045101398898776505
depression,Random Forest,3,84777,0,0.06131686471833114
depression,Random Forest,3,84786,0,0.025845176154694904
depression,Random Forest,3,84795,0,0.3484730620755416
depression,Random Forest,3,84802,0,0.005028709252492398
depression,Random Forest,3,84810,0,0.03574570795485851
depression,Random Forest,3,84825,1,0.12791596330356855
depression,Random Forest,3,84831,0,0.4452564854826038
depression,Random Forest,3,84838,0,0.11956701694060907
depression,Random Forest,3,84849,0,0.1518646687428552
depression,Random Forest,3,84859,0,0.06925902358123293
depression,Random Forest,3,84868,0,0.025174973169605576
depression,Random Forest,3,84879,0,0.08737295026092111
depression,Random Forest,3,84891,0,0.02376897992171636
depression,Random Forest,3,84900,0,0.01496501935097248
depression,Random Forest,3,84906,0,0.22973948485654244
depression,Random Forest,3,84915,0,0.16792232796985318
depression,Random Forest,3,84921,0,0.3350389710180858
depression,Random Forest,3,84929,0,0.1757919449493589
depression,Random Forest,3,84932,0,0.0888849817175322
depression,Random Forest,3,84945,0,0.06728553117256642
depression,Random Forest,3,84948,0,0.102887473203645
depression,Random Forest,3,84964,0,0.08350057795238687
depression,Random Forest,3,84974,0,0.15010088211831657
depression,Random Forest,3,84979,0,0.05740293194637208
depression,Random Forest,3,84998,0,0.23029230917979984
depression,Random Forest,3,85003,0,0.043786075116299256
depression,Random Forest,3,85017,0,0.04895582139345164
depression,Random Forest,3,85020,0,0.0733709419262381
depression,Random Forest,3,85037,0,0.0
depression,Random Forest,3,85043,0,0.3960374884118323
depression,Random Forest,3,85053,0,0.004599464329194059
depression,Random Forest,3,85062,0,0.0303257366278065
depression,Random Forest,3,85069,0,0.06948063931849352
depression,Random Forest,3,85088,0,0.37774115785459217
depression,Random Forest,3,85098,1,0.26042842899988
depression,Random Forest,3,85110,0,0.025485773447253796
depression,Random Forest,3,85118,0,0.024622096993014563
depression,Random Forest,3,85128,0,0.010854303746311855
depression,Random Forest,3,85142,0,0.030274718077222974
depression,Random Forest,3,85152,0,0.024313324201729904
depression,Random Forest,3,85160,0,0.3959158336032342
depression,Random Forest,3,85166,0,0.26064855090142763
depression,Random Forest,3,85177,0,0.2426588368443523
depression,Random Forest,3,85190,0,0.017281704807607993
depression,Random Forest,3,85200,0,0.05780549418813269
depression,Random Forest,3,85211,0,0.01153041411851363
depression,Random Forest,3,85216,0,0.4071554354408649
depression,Random Forest,3,85224,0,0.14812499494606335
depression,Random Forest,3,85232,0,0.05518426505072263
depression,Random Forest,3,85239,0,0.155536049291905
depression,Random Forest,3,85246,0,0.09320824998174958
depression,Random Forest,3,85256,0,0.01811614602441498
depression,Random Forest,3,85263,0,0.2435660128147233
depression,Random Forest,3,85275,0,0.07938967423703196
depression,Random Forest,3,85284,0,0.17010008835748855
depression,Random Forest,3,85291,0,0.05338096471179829
depression,Random Forest,3,85297,0,0.20239877888135838
depression,Random Forest,3,85309,0,0.1251496432435216
depression,Random Forest,3,85319,0,0.1141309675025735
depression,Random Forest,3,85325,0,0.05719670048258191
depression,Random Forest,3,85338,0,0.002253101145038168
depression,Random Forest,3,85346,1,0.2048113007940037
depression,Random Forest,3,85355,0,0.017353299524810326
depression,Random Forest,3,85363,0,0.016672164859376025
depression,Random Forest,3,85374,0,0.17852239574973638
depression,Random Forest,3,85380,1,0.2148051333170628
depression,Random Forest,3,85384,0,0.2068061802710531
depression,Random Forest,3,85396,0,0.0
depression,Random Forest,3,85402,0,0.0
depression,Random Forest,3,85415,0,0.12161801811904681
depression,Random Forest,3,85424,0,0.0849210449395812
depression,Random Forest,3,85435,0,0.09541594841162519
depression,Random Forest,3,85444,1,0.19079269545776245
depression,Random Forest,3,85451,0,0.02911404356295357
depression,Random Forest,3,85465,0,0.1873327722248309
depression,Random Forest,3,85476,0,0.03728610535832933
depression,Random Forest,3,85481,0,0.022096701663007538
depression,Random Forest,3,85492,0,0.08625854962055199
depression,Random Forest,3,85503,0,0.02539884085903109
depression,Random Forest,3,85516,0,0.22757553447916024
depression,Random Forest,3,85525,0,0.07814207060678413
depression,Random Forest,3,85531,0,0.07053497176176533
depression,Random Forest,3,85541,0,0.006262022257880096
depression,Random Forest,3,85549,0,0.1822095359523883
depression,Random Forest,3,85562,0,0.06766762391286874
depression,Random Forest,3,85576,0,0.02180611964796394
depression,Random Forest,3,85585,0,0.028246060700943473
depression,Random Forest,3,85591,1,0.02286586955367962
depression,Random Forest,3,85594,0,0.002797008235112324
depression,Random Forest,3,85603,0,0.1610988611826976
depression,Random Forest,3,85626,0,0.2771441732251843
depression,Random Forest,3,85634,0,0.17489931888502633
depression,Random Forest,3,85648,1,0.036760159211389726
depression,Random Forest,3,85659,0,0.09378256279557733
depression,Random Forest,3,85664,0,0.060602327524072776
depression,Random Forest,3,85672,0,0.10832261363072843
depression,Random Forest,3,85678,0,0.058728158667756006
depression,Random Forest,3,85696,1,0.0748371350837293
depression,Random Forest,3,85702,0,0.04922959715705123
depression,Random Forest,3,85714,0,0.009021798403875084
depression,Random Forest,3,85725,0,0.4708093623422113
depression,Random Forest,3,85731,0,0.1526988222688133
depression,Random Forest,3,85739,0,0.0032840751043115434
depression,Random Forest,3,85748,0,0.14921921648893977
depression,Random Forest,3,85760,0,0.3128482885272572
depression,Random Forest,3,85775,0,0.24140175355841398
depression,Random Forest,3,85781,1,0.1369783933497658
depression,Random Forest,3,85787,0,0.0675147021664678
depression,Random Forest,3,85796,0,0.07629953251869911
depression,Random Forest,3,85808,0,0.16973255304113305
depression,Random Forest,3,85815,0,0.02027195073616789
depression,Random Forest,3,85825,0,0.11452709652913727
depression,Random Forest,3,85833,0,0.004599464329194059
depression,Random Forest,3,85845,0,0.0037082842559874357
depression,Random Forest,3,85854,0,0.022040790764240495
depression,Random Forest,3,85858,0,0.003964323189926548
depression,Random Forest,3,85866,0,0.07558039218100326
depression,Random Forest,3,85875,0,0.0016366888247929135
depression,Random Forest,3,85885,0,0.021923869057705412
depression,Random Forest,3,85886,0,0.21000015741105474
depression,Random Forest,3,85900,0,0.06468567113920744
depression,Random Forest,3,85911,0,0.029807431268152038
depression,Random Forest,3,85925,0,0.04268396769631256
depression,Random Forest,3,85936,0,0.07125668200674411
depression,Random Forest,3,85944,0,0.2702083446434238
depression,Random Forest,3,85955,0,0.08005394862129872
depression,Random Forest,3,85963,0,0.058554606050861394
depression,Random Forest,3,85970,0,0.0
depression,Random Forest,3,85980,0,0.10038979617600327
depression,Random Forest,3,85991,0,0.5858817556108094
depression,Random Forest,3,85997,0,0.02967529236645677
depression,Random Forest,3,86002,0,0.3798468524536373
depression,Random Forest,3,86011,0,0.07048986326483873
depression,Random Forest,3,86021,0,0.026446961179873992
depression,Random Forest,3,86029,0,0.038288587941200165
depression,Random Forest,3,86036,0,0.2453432844513629
depression,Random Forest,3,86044,0,0.4638346208528638
depression,Random Forest,3,86054,1,0.03984910414786421
depression,Random Forest,3,86060,1,0.17107251890407812
depression,Random Forest,3,86068,0,0.14313549200191386
depression,Random Forest,3,86071,0,0.06200158875063064
depression,Random Forest,3,86085,0,0.012682240478413933
depression,Random Forest,3,86092,0,0.009390840359631598
depression,Random Forest,3,86098,0,0.026556394121617616
depression,Random Forest,3,86109,0,0.008125646396100831
depression,Random Forest,3,86127,1,0.09409002001983838
depression,Random Forest,3,86139,0,0.027777298929822506
depression,Random Forest,3,86151,0,0.0
depression,Random Forest,3,86158,1,0.36003489837000807
depression,Random Forest,3,86167,0,0.08639123214479612
depression,Random Forest,3,86176,0,0.017538480099096004
depression,Random Forest,3,86183,0,0.2309929465364621
depression,Random Forest,3,86190,0,0.1816480308905523
depression,Random Forest,3,86197,0,0.07291902977025157
depression,Random Forest,3,86209,0,0.16619175573282377
depression,Random Forest,3,86218,0,0.14081105004496886
depression,Random Forest,3,86223,0,0.1850641306019083
depression,Random Forest,3,86231,0,0.05525628906550021
depression,Random Forest,3,86241,0,0.02127191304409188
depression,Random Forest,3,86244,0,0.054744906390048406
depression,Random Forest,3,86258,0,0.4233060721144074
depression,Random Forest,3,86272,0,0.02501409372184734
depression,Random Forest,3,86278,0,0.13679518680114355
depression,Random Forest,3,86285,0,0.06030018213781675
depression,Random Forest,3,86296,0,0.11780273782254165
depression,Random Forest,3,86301,0,0.14803897159917798
depression,Random Forest,3,86319,0,0.5712805620715952
depression,Random Forest,3,86326,0,0.25455235652674235
depression,Random Forest,3,86334,0,0.1202535751230658
depression,Random Forest,3,86347,1,0.4534714025173858
depression,Random Forest,3,86352,0,0.26971483307561683
depression,Random Forest,3,86360,0,0.3727547460908034
depression,Random Forest,3,86366,0,0.07661380212623742
depression,Random Forest,3,86379,0,0.2026007311696228
depression,Random Forest,3,86395,1,0.26097651081733875
depression,Random Forest,3,86402,0,0.039428028846357724
depression,Random Forest,3,86416,1,0.1658924441946871
depression,Random Forest,3,86428,0,0.5286588955863906
depression,Random Forest,3,86436,0,0.14601317990218668
depression,Random Forest,3,86447,0,0.29558758063241597
depression,Random Forest,3,86456,0,0.39913611932938164
depression,Random Forest,3,86461,0,0.10456097175707096
depression,Random Forest,3,86476,0,0.014085594853745777
depression,Random Forest,3,86490,1,0.2214064196965621
depression,Random Forest,3,86499,0,0.5858817556108094
depression,Random Forest,3,86510,0,0.11709739983989433
depression,Random Forest,3,86517,0,0.08521936837542424
depression,Random Forest,3,86522,0,0.4449686285083594
depression,Random Forest,3,86532,0,0.30977061459073707
depression,Random Forest,3,86541,0,0.13453216090261078
depression,Random Forest,3,86553,0,0.1017234307149169
depression,Random Forest,3,86563,0,0.0013204249965049631
depression,Random Forest,3,86564,0,0.005350712014496505
depression,Random Forest,3,86573,0,0.008964323189926548
depression,Random Forest,3,86583,0,0.11013354615504957
depression,Random Forest,3,86592,1,0.038794238281038666
depression,Random Forest,3,86600,0,0.09347067436660472
depression,Random Forest,3,86610,0,0.12015705649898901
depression,Random Forest,3,86620,0,0.5120368412414249
depression,Random Forest,3,86629,0,0.04896363308433071
depression,Random Forest,3,86640,1,0.2937220987810426
depression,Random Forest,3,86649,0,0.43873718165405984
depression,Random Forest,3,86661,1,0.29595876292019435
depression,Random Forest,3,86666,0,0.02123365046482528
depression,Random Forest,3,86671,0,0.0379591750829933
depression,Random Forest,3,86677,0,0.04231916609304747
depression,Random Forest,3,86698,0,0.024839174142621566
depression,Random Forest,3,86706,0,0.2625579635770093
depression,Random Forest,3,86715,1,0.19779346852494611
depression,Random Forest,3,86719,0,0.045844955296854825
depression,Random Forest,3,86731,0,0.11909269410032186
depression,Random Forest,3,86740,0,0.14993502359530228
depression,Random Forest,3,86746,0,0.1329825971774372
depression,Random Forest,3,86756,0,0.6758365341475299
depression,Random Forest,3,86771,0,0.07106487498053976
depression,Random Forest,3,86778,0,0.44466322261632996
depression,Random Forest,3,86794,0,0.08938982907055787
depression,Random Forest,3,86802,0,0.6418375237602421
depression,Random Forest,3,86814,0,0.15567475345241427
depression,Random Forest,3,86820,0,0.0512407293917917
depression,Random Forest,3,86831,0,0.339375684040779
depression,Random Forest,3,86844,0,0.14854905004251667
depression,Random Forest,3,86863,0,0.05624845621367457
depression,Random Forest,3,86872,0,0.3254740518265134
depression,Random Forest,3,86882,0,0.14125766858766048
depression,Random Forest,3,86887,0,0.3287052835047494
depression,Random Forest,3,86899,0,0.2549417830758941
depression,Random Forest,3,86910,0,0.16866339179962495
depression,Random Forest,3,86928,0,0.2034461908277576
depression,Random Forest,3,86941,0,0.11975231346144544
depression,Random Forest,3,86949,0,0.022997321645970296
depression,Random Forest,3,86966,0,0.04867581109925104
depression,Random Forest,3,86971,0,0.012866827165186622
depression,Random Forest,3,86980,0,0.035964255890045156
depression,Random Forest,3,86986,0,0.017825580775380455
depression,Random Forest,3,86994,0,0.0709220203759792
depression,Random Forest,3,87003,0,0.3017969261801216
depression,Random Forest,3,87010,0,0.642110553487789
depression,Random Forest,3,87026,0,0.13253436112156675
depression,Random Forest,3,87036,0,0.022404880427606147
depression,Random Forest,3,87048,0,0.14518987858706464
depression,Random Forest,3,87053,0,0.0023451272501551833
depression,Random Forest,3,87064,1,0.15374003683716894
depression,Random Forest,3,87074,0,0.017353299524810326
depression,Random Forest,3,87084,0,0.3040712080386413
depression,Random Forest,3,87100,0,0.008235220605680686
depression,Random Forest,3,87114,0,0.045054005620209996
depression,Random Forest,3,87124,0,0.24537136729929557
depression,Random Forest,3,87131,0,0.01663693063584053
depression,Random Forest,3,87147,0,0.13013538633780405
depression,Random Forest,3,87155,0,0.00425834084761046
depression,Random Forest,3,87161,0,0.00807222701341862
depression,Random Forest,3,87166,0,0.06058773605770738
depression,Random Forest,3,87172,0,0.20643050081825964
depression,Random Forest,3,87179,0,0.07202094918859228
depression,Random Forest,3,87190,0,0.08108665223400488
depression,Random Forest,3,87198,0,0.0471816583184124
depression,Random Forest,3,87207,0,0.3421282412712312
depression,Random Forest,3,87210,0,0.0
depression,Random Forest,3,87225,0,0.054509191866335606
depression,Random Forest,3,87233,0,0.132451270106408
depression,Random Forest,3,87242,0,0.009198928658388119
depression,Random Forest,3,87248,0,0.5472667430937155
depression,Random Forest,3,87256,0,0.06760836481094294
depression,Random Forest,3,87261,0,0.00479137603043754
depression,Random Forest,3,87270,0,0.11132931020615089
depression,Random Forest,3,87278,0,0.010485177453739279
depression,Random Forest,3,87289,0,0.22119746862262157
depression,Random Forest,3,87297,0,0.0678573647088711
depression,Random Forest,3,87310,0,0.01279120782545097
depression,Random Forest,3,87318,0,0.11081007358819737
depression,Random Forest,3,87324,0,0.13017672161776933
depression,Random Forest,3,87334,0,0.10268709083249165
depression,Random Forest,3,87344,0,0.007966625103597896
depression,Random Forest,3,87353,0,0.04209044740552501
depression,Random Forest,3,87365,0,0.10834401277704293
depression,Random Forest,3,87375,0,0.46628345816836175
depression,Random Forest,3,87387,1,0.06315557538137269
depression,Random Forest,3,87398,0,0.06206167338329372
depression,Random Forest,3,87416,0,0.16113549166040883
depression,Random Forest,3,87425,0,0.018220658618630634
depression,Random Forest,3,87430,0,0.062061364242816754
depression,Random Forest,3,87440,0,0.14790858513331706
depression,Random Forest,3,87451,0,0.25111029565650034
depression,Random Forest,3,87462,0,0.07221203063624489
depression,Random Forest,3,87472,0,0.016583048902524173
depression,Random Forest,3,87476,0,0.34100843219267035
depression,Random Forest,3,87483,0,0.07521483409186012
depression,Random Forest,3,87494,0,0.5072625982046357
depression,Random Forest,3,87501,1,0.1221978458238976
depression,Random Forest,3,87510,0,0.022257339521472373
depression,Random Forest,3,87520,0,0.1599271151657489
depression,Random Forest,3,87530,0,0.03444383575992362
depression,Random Forest,3,87544,0,0.003964323189926548
depression,Random Forest,3,87556,0,0.05428981111353455
depression,Random Forest,3,87565,0,0.04717848772915923
depression,Random Forest,3,87582,0,0.05825308781434571
depression,Random Forest,3,87591,0,0.00822266403753701
depression,Random Forest,3,87598,0,0.116631086851187
depression,Random Forest,3,87606,0,0.07080321703817481
depression,Random Forest,3,87627,1,0.025938274391146047
depression,Random Forest,3,87638,0,0.30944550883236704
depression,Random Forest,3,87652,0,0.2502454835739974
depression,Random Forest,3,87654,1,0.10404617030451303
depression,Random Forest,3,87673,0,0.24183884221283555
depression,Random Forest,3,87690,0,0.01663923865386969
depression,Random Forest,3,87707,0,0.0669379908813825
depression,Random Forest,3,87719,0,0.09865888812191981
depression,Random Forest,3,87733,0,0.07369294558291763
depression,Random Forest,3,87742,0,0.0579196186628
depression,Random Forest,3,87756,0,0.05305728037677625
depression,Random Forest,3,87766,0,0.0450491106264346
depression,Random Forest,3,87770,0,0.1784943243130326
depression,Random Forest,3,87780,0,0.0748226851936644
depression,Random Forest,3,87791,0,0.06424044371360582
depression,Random Forest,3,87797,0,0.2664806502910143
depression,Random Forest,3,87806,0,0.2449409986551136
depression,Random Forest,3,87816,0,0.12410424960327777
depression,Random Forest,3,87827,0,0.022131336587367566
depression,Random Forest,3,87832,0,0.277686544135392
depression,Random Forest,3,87844,0,0.18907066678700798
depression,Random Forest,3,87852,0,0.08976394699704518
depression,Random Forest,3,87865,0,0.019196053729246425
depression,Random Forest,3,87875,0,0.03444383575992362
depression,Random Forest,3,87895,1,0.4555132175310154
depression,Random Forest,3,87901,0,0.08431603845164583
depression,Random Forest,3,87910,1,0.4901268676680295
depression,Random Forest,3,87920,0,0.636142900823341
depression,Random Forest,3,87942,0,0.3813964412651579
depression,Random Forest,3,87945,0,0.11132039391488027
depression,Random Forest,3,87954,0,0.06198809407040527
depression,Random Forest,3,87961,0,0.36599273177208275
depression,Random Forest,3,87971,0,0.016933256311553603
depression,Random Forest,3,87983,1,0.11081385735387564
depression,Random Forest,3,87990,0,0.5159901342001574
depression,Random Forest,3,88002,0,0.013844633367205324
depression,Random Forest,3,88018,0,0.036721829972957705
depression,Random Forest,3,88025,1,0.6565296788941076
depression,Random Forest,3,88034,0,0.1935212857444233
depression,Random Forest,3,88047,0,0.039326366119940157
depression,Random Forest,3,88055,0,0.4063500358357694
depression,Random Forest,3,88070,0,0.5858817556108094
depression,Random Forest,3,88079,0,0.053255067394158244
depression,Random Forest,3,88087,0,0.1003511593171458
depression,Random Forest,3,88096,0,0.1498088975452823
depression,Random Forest,3,88104,0,0.316138439868474
depression,Random Forest,3,88113,0,0.062190488697074456
depression,Random Forest,3,88123,0,0.05214307729504147
depression,Random Forest,3,88132,0,0.08102478473987045
depression,Random Forest,3,88144,0,0.07232429413330235
depression,Random Forest,3,88151,0,0.17956537023133287
depression,Random Forest,3,88158,0,0.33394210086850995
depression,Random Forest,3,88168,1,0.025388217799523022
depression,Random Forest,3,88174,0,0.009390840359631598
depression,Random Forest,3,88184,0,0.20689354268282067
depression,Random Forest,3,88194,0,0.039701289360872714
depression,Random Forest,3,88203,0,0.1670988384770547
depression,Random Forest,3,88211,0,0.21824773034583445
depression,Random Forest,3,88222,0,0.18640641451874185
depression,Random Forest,3,88231,1,0.30705021285133915
depression,Random Forest,3,88241,0,0.03127618761852885
depression,Random Forest,3,88255,0,0.11947196030091246
depression,Random Forest,3,88261,0,0.3040685918704353
depression,Random Forest,3,88272,0,0.018967459363543313
depression,Random Forest,3,88289,0,0.05481298373686776
depression,Random Forest,3,88298,1,0.36522589616829315
depression,Random Forest,3,88301,0,0.0614014058426436
depression,Random Forest,3,88310,0,0.19495693141015275
depression,Random Forest,3,88320,0,0.05370016893548076
depression,Random Forest,3,88332,0,0.17233724575572645
depression,Random Forest,3,88338,0,0.02044422190133321
depression,Random Forest,3,88348,0,0.2165357331464028
depression,Random Forest,3,88360,0,0.18356115621845912
depression,Random Forest,3,88369,1,0.2809820040559496
depression,Random Forest,3,88385,0,0.0
depression,Random Forest,3,88393,1,0.06535164972304842
depression,Random Forest,3,88402,0,0.011110835096533328
depression,Random Forest,3,88413,0,0.335072888294065
depression,Random Forest,3,88425,0,0.0
depression,Random Forest,3,88432,0,0.032592899673293735
depression,Random Forest,3,88436,0,0.16585662140861143
depression,Random Forest,3,88450,0,0.003106396974181878
depression,Random Forest,3,88460,0,0.006347480418501856
depression,Random Forest,3,88469,0,0.012615107757380213
depression,Random Forest,3,88480,0,0.29245042277812167
depression,Random Forest,3,88483,0,0.047999433408280986
depression,Random Forest,3,88504,1,0.5388568719939514
depression,Random Forest,3,88518,0,0.327480633628864
depression,Random Forest,3,88529,1,0.18616849236255376
depression,Random Forest,3,88537,0,0.09697557088680467
depression,Random Forest,3,88543,0,0.23720680612197534
depression,Random Forest,3,88556,0,0.02215214458082517
depression,Random Forest,3,88566,0,0.038498921820553145
depression,Random Forest,3,88576,0,0.024838161207899997
depression,Random Forest,3,88589,0,0.049246306772222984
depression,Random Forest,3,88601,0,0.21302947656757193
depression,Random Forest,3,88608,0,0.3853970462090017
depression,Random Forest,3,88614,0,0.0921627127291873
depression,Random Forest,3,88621,0,0.41464366023205446
depression,Random Forest,3,88629,0,0.03351409552227732
depression,Random Forest,3,88638,0,0.01591083848170372
depression,Random Forest,3,88650,0,0.008307748585181495
depression,Random Forest,3,88654,0,0.08014230183730059
depression,Random Forest,3,88664,1,0.00479137603043754
depression,Random Forest,3,88666,0,0.0344092086784626
depression,Random Forest,3,88677,0,0.03908658049193262
depression,Random Forest,3,88686,0,0.3771061266927503
depression,Random Forest,3,88695,0,0.22707440601265375
depression,Random Forest,3,88704,0,0.36878154292053933
depression,Random Forest,3,88713,0,0.01600173586472358
depression,Random Forest,3,88724,0,0.27734035657105016
depression,Random Forest,3,88733,0,0.05616615561935471
depression,Random Forest,3,88744,0,0.13508300292511138
depression,Random Forest,3,88757,0,0.00479137603043754
depression,Random Forest,3,88766,0,0.22014277677466734
depression,Random Forest,3,88786,0,0.17435555127633207
depression,Random Forest,3,88792,0,0.013072828377482429
depression,Random Forest,3,88801,0,0.023812658562908533
depression,Random Forest,3,88811,0,0.0047256504336224145
depression,Random Forest,3,88829,0,0.030128167072679145
depression,Random Forest,3,88838,0,0.19324380936022018
depression,Random Forest,3,88847,0,0.017818918112530266
depression,Random Forest,3,88851,1,0.16537011908956065
depression,Random Forest,3,88859,0,0.2596054422175957
depression,Random Forest,3,88870,0,0.03675506905305445
depression,Random Forest,3,88877,0,0.3354572768494555
depression,Random Forest,3,88885,0,0.12429262832709656
depression,Random Forest,3,88892,0,0.10942178644191149
depression,Random Forest,3,88896,0,0.0259212529823501
depression,Random Forest,3,88906,0,0.5551934507324807
depression,Random Forest,3,88915,0,0.08261854027784458
depression,Random Forest,3,88918,0,0.014085594853745777
depression,Random Forest,3,88927,0,0.3848863208481836
depression,Random Forest,3,88935,0,0.04592311837635596
depression,Random Forest,3,88944,0,0.17145829238915536
depression,Random Forest,3,88956,0,0.2656594343118634
depression,Random Forest,3,88970,0,0.07182769712586155
depression,Random Forest,3,88983,0,0.10511413574379189
depression,Random Forest,3,88994,0,0.04444641127017067
depression,Random Forest,3,89009,0,0.3066071066441709
depression,Random Forest,3,89019,0,0.053513633054518145
depression,Random Forest,3,89028,0,0.41964687369237447
depression,Random Forest,3,89038,0,0.1658852757426911
depression,Random Forest,3,89044,0,0.49303227850843795
depression,Random Forest,3,89067,0,0.13261798804345687
depression,Random Forest,3,89073,0,0.21768630788883606
depression,Random Forest,3,89084,0,0.20414313906980922
depression,Random Forest,3,89096,0,0.06471763723761442
depression,Random Forest,3,89103,0,0.07168383741699119
depression,Random Forest,3,89111,0,0.0
depression,Random Forest,3,89122,1,0.5823708221682208
depression,Random Forest,3,89128,0,0.004599464329194059
depression,Random Forest,3,89137,0,0.012373823284822599
depression,Random Forest,3,89156,0,0.4089039807834011
depression,Random Forest,3,89161,0,0.08428225000457036
depression,Random Forest,3,89168,0,0.11695149227300618
depression,Random Forest,3,89175,0,0.07051205328044645
depression,Random Forest,3,89183,0,0.10985100098382099
depression,Random Forest,3,89190,0,0.0933122219624557
depression,Random Forest,3,89203,0,0.04721120287739984
depression,Random Forest,3,89208,1,0.08227542761979714
depression,Random Forest,3,89230,0,0.27465073236815285
depression,Random Forest,3,89237,0,0.5667695469723575
depression,Random Forest,3,89249,0,0.07601403324999496
depression,Random Forest,3,89261,0,0.01817124065727596
depression,Random Forest,3,89268,0,0.017473616508851472
depression,Random Forest,3,89278,0,0.0755957066369917
depression,Random Forest,3,89289,0,0.004422334074681025
depression,Random Forest,3,89299,0,0.04170538257784776
depression,Random Forest,3,89305,0,0.2984616364266978
depression,Random Forest,3,89316,0,0.40803350863102905
depression,Random Forest,3,89325,0,0.08348143753112802
depression,Random Forest,3,89332,0,0.2302452517388884
depression,Random Forest,3,89346,0,0.005
depression,Random Forest,3,89352,0,0.06394689311647561
depression,Random Forest,3,89359,0,0.08788451397945052
depression,Random Forest,3,89371,1,0.04302989958875575
depression,Random Forest,3,89384,0,0.12161623744665534
depression,Random Forest,3,89397,0,0.22529894946429027
depression,Random Forest,3,89407,0,0.06035419946969859
depression,Random Forest,3,89420,0,0.49418275932180294
depression,Random Forest,3,89435,0,0.11634360919569076
depression,Random Forest,3,89442,0,0.008307748585181495
depression,Random Forest,3,89453,0,0.2984914620450542
depression,Random Forest,3,89462,0,0.027309770553379277
depression,Random Forest,3,89472,0,0.03435615002293293
depression,Random Forest,3,89477,0,0.19994678305782554
depression,Random Forest,3,89491,0,0.0
depression,Random Forest,3,89499,0,0.14323636595300743
depression,Random Forest,3,89511,1,0.5042299694528556
depression,Random Forest,3,89518,0,0.09591843120391755
depression,Random Forest,3,89541,0,0.16640226424421178
depression,Random Forest,3,89549,0,0.11174887324374978
depression,Random Forest,3,89553,0,0.12864497794489052
depression,Random Forest,3,89565,1,0.0640974931221713
depression,Random Forest,3,89573,0,0.22545578171083996
depression,Random Forest,3,89579,0,0.235373836885523
depression,Random Forest,3,89586,0,0.06636453280613047
depression,Random Forest,3,89591,0,0.3255571754250957
depression,Random Forest,3,89599,0,0.19124488868705114
depression,Random Forest,3,89602,0,0.02649065198705346
depression,Random Forest,3,89612,0,0.030683518888850358
depression,Random Forest,3,89619,0,0.19994678305782554
depression,Random Forest,3,89632,0,0.007582447254385057
depression,Random Forest,3,89639,1,0.05458432831856949
depression,Random Forest,3,89645,0,0.030497230323985273
depression,Random Forest,3,89650,0,0.16254283707656414
depression,Random Forest,3,89656,0,0.03324888513608085
depression,Random Forest,3,89670,0,0.039070343723750074
depression,Random Forest,3,89677,0,0.03328939194431665
depression,Random Forest,3,89686,0,0.024917241488428665
depression,Random Forest,3,89700,0,0.09480607009176042
depression,Random Forest,3,89705,0,0.08264503863370523
depression,Random Forest,3,89712,0,0.061640881525305974
depression,Random Forest,3,89722,0,0.007157089183334813
depression,Random Forest,3,89729,0,0.048216873856053374
depression,Random Forest,3,89734,0,0.5550814924687087
depression,Random Forest,3,89743,0,0.6165539022093497
depression,Random Forest,3,89761,0,0.22351832134616567
depression,Random Forest,3,89774,0,0.0761370530389234
depression,Random Forest,3,89787,0,0.20230561907099667
depression,Random Forest,3,89793,0,0.047950145853088995
depression,Random Forest,3,89800,0,0.008082776149219874
depression,Random Forest,3,89804,1,0.06745682709517425
depression,Random Forest,3,89813,0,0.045519613274054856
depression,Random Forest,3,89823,1,0.23621158053117178
depression,Random Forest,3,89832,0,0.08217646463004293
depression,Random Forest,3,89842,0,0.09362996275408554
depression,Random Forest,3,89849,0,0.0
depression,Random Forest,3,89855,0,0.19178130931052217
depression,Random Forest,3,89878,0,0.03018686618852341
depression,Random Forest,3,89884,0,0.5847982410529435
depression,Random Forest,3,89894,0,0.3266160265882597
depression,Random Forest,3,89904,0,0.10544185323058342
depression,Random Forest,3,89918,0,0.01642232758992776
depression,Random Forest,3,89933,0,0.17191583767011104
depression,Random Forest,3,89945,0,0.08898553812073134
depression,Random Forest,3,89953,0,0.15208220571151596
depression,Random Forest,3,89960,0,0.5703965884725054
depression,Random Forest,3,89970,1,0.2493803130053282
depression,Random Forest,3,89977,0,0.04055939329962595
depression,Random Forest,3,89987,0,0.297054282079246
depression,Random Forest,3,89997,0,0.04835014672178094
depression,Random Forest,3,90006,0,0.11006549885418629
depression,Random Forest,3,90013,0,0.23616091290642732
depression,Random Forest,3,90027,0,0.08854273836700814
depression,Random Forest,3,90034,1,0.27351645658434487
depression,Random Forest,3,90045,0,0.11004104826943978
depression,Random Forest,3,90055,1,0.7013228417090052
depression,Random Forest,3,90060,0,0.007904450016389165
depression,Random Forest,3,90067,0,0.11868990110229952
depression,Random Forest,3,90075,0,0.2589134300408162
depression,Random Forest,3,90084,0,0.11253777618513965
depression,Random Forest,3,90092,0,0.41964687369237447
depression,Random Forest,3,90095,0,0.07484822255184681
depression,Random Forest,3,90106,0,0.6300782698665593
depression,Random Forest,3,90113,0,0.06596257940850316
depression,Random Forest,3,90121,0,0.09635862688005734
depression,Random Forest,3,90136,0,0.1977129957627715
depression,Random Forest,3,90143,0,0.02774068153087027
depression,Random Forest,3,90152,0,0.1390948372496624
depression,Random Forest,3,90158,0,0.26951537865703457
depression,Random Forest,3,90171,0,0.04497944645299775
depression,Random Forest,3,90185,0,0.09543788516692407
depression,Random Forest,3,90195,0,0.2408324568881173
depression,Random Forest,3,90209,0,0.25504835805516507
depression,Random Forest,3,90230,0,0.38926805151510685
depression,Random Forest,3,90243,0,0.1790780915436335
depression,Random Forest,3,90249,0,0.09738806573829592
depression,Random Forest,3,90258,0,0.03193526971816758
depression,Random Forest,3,90268,0,0.3173671262322369
depression,Random Forest,3,90274,0,0.0025945742303124155
depression,Random Forest,3,90287,0,0.31751335026644784
depression,Random Forest,3,90298,0,0.0034142667791300157
depression,Random Forest,3,90305,0,0.013621262733069144
depression,Random Forest,3,90319,0,0.012941731821002436
depression,Random Forest,3,90325,0,0.08104752674324826
depression,Random Forest,3,90330,0,0.04895145973443696
depression,Random Forest,3,90341,0,0.29622653248554376
depression,Random Forest,3,90347,0,0.051878380055134427
depression,Random Forest,3,90354,0,0.39626677994011983
depression,Random Forest,3,90362,0,0.008857805176804519
depression,Random Forest,3,90370,0,0.017083921622990918
depression,Random Forest,3,90381,0,0.004599464329194059
depression,Random Forest,3,90394,0,0.01874036888705176
depression,Random Forest,3,90409,1,0.3498974655922381
depression,Random Forest,3,90419,0,0.004599464329194059
depression,Random Forest,3,90433,0,0.07264039392304793
depression,Random Forest,3,90444,0,0.020869113151690603
depression,Random Forest,3,90456,0,0.16833716974801025
depression,Random Forest,3,90465,0,0.01390867254983056
depression,Random Forest,3,90477,0,0.0037082842559874357
depression,Random Forest,3,90490,0,0.08444150868575835
depression,Random Forest,3,90500,0,0.4389963244585802
depression,Random Forest,3,90507,0,0.2540394000572329
depression,Random Forest,3,90516,0,0.3594606397767491
depression,Random Forest,3,90522,1,0.08863087660122287
depression,Random Forest,3,90530,0,0.14984463811086185
depression,Random Forest,3,90535,0,0.03338232240259376
depression,Random Forest,3,90545,0,0.021293870359809616
depression,Random Forest,3,90559,1,0.076561278642366
depression,Random Forest,3,90572,0,0.18477526558600324
depression,Random Forest,3,90576,0,0.21374073875418198
depression,Random Forest,3,90585,0,0.026423894609596474
depression,Random Forest,3,90593,0,0.11570618207712463
depression,Random Forest,3,90603,0,0.14086761480014637
depression,Random Forest,3,90610,0,0.03894853171630504
depression,Random Forest,3,90618,0,0.01368697440989076
depression,Random Forest,3,90630,0,0.27324619891924745
depression,Random Forest,3,90638,0,0.2704428202102923
depression,Random Forest,3,90646,0,0.07270848778159947
depression,Random Forest,3,90653,1,0.1940277907318178
depression,Random Forest,3,90661,0,0.21954670533214482
depression,Random Forest,3,90668,0,0.07264039392304793
depression,Random Forest,3,90673,1,0.035138538916519295
depression,Random Forest,3,90680,0,0.3434253215280741
depression,Random Forest,3,90690,0,0.09961912150058108
depression,Random Forest,3,90700,0,0.039915773855126624
depression,Random Forest,3,90711,0,0.01617872387835531
depression,Random Forest,3,90720,0,0.09567243397492638
depression,Random Forest,3,90733,0,0.21219088043290069
depression,Random Forest,3,90746,0,0.06322168480599853
depression,Random Forest,3,90760,0,0.318259940543354
depression,Random Forest,3,90772,0,0.21983749341386727
depression,Random Forest,3,90793,0,0.25260904880530594
depression,Random Forest,3,90800,0,0.1623538866437152
depression,Random Forest,3,90811,0,0.2747399756740543
depression,Random Forest,3,90817,0,0.4657505829023238
depression,Random Forest,3,90829,0,0.0
depression,Random Forest,3,90842,1,0.02673264872715299
depression,Random Forest,3,90848,0,0.017165553761986013
depression,Random Forest,3,90856,0,0.07750060174468315
depression,Random Forest,3,90871,0,0.04717848772915923
depression,Random Forest,3,90882,0,0.06558087844702835
depression,Random Forest,3,90889,0,0.028602344204142417
depression,Random Forest,3,90895,0,0.017879603580679602
depression,Random Forest,3,90900,0,0.15103457305696819
depression,Random Forest,3,90908,0,0.3280698236481272
depression,Random Forest,3,90919,0,0.4553406457256941
depression,Random Forest,3,90926,0,0.01368697440989076
depression,Random Forest,3,90932,0,0.04807294871390789
depression,Random Forest,3,90942,1,0.10111453771488099
depression,Random Forest,3,90954,0,0.4636475388816399
depression,Random Forest,3,90966,0,0.21462112590503954
depression,Random Forest,3,90973,0,0.10428190907809291
depression,Random Forest,3,90982,0,0.12898159702878403
depression,Random Forest,3,90992,0,0.08468642664886629
depression,Random Forest,3,91001,1,0.11253777618513965
depression,Random Forest,3,91011,0,0.048867373542268576
depression,Random Forest,3,91024,0,0.04655698633130547
depression,Random Forest,3,91034,0,0.15091214843034123
depression,Random Forest,3,91038,0,0.05665970267794211
depression,Random Forest,3,91049,0,0.11385395691006213
depression,Random Forest,3,91062,0,0.2427752141377541
depression,Random Forest,3,91074,0,0.06956925537002287
depression,Random Forest,3,91080,0,0.0224847090700217
depression,Random Forest,3,91094,1,0.3610819154702299
depression,Random Forest,3,91104,0,0.03837925738235132
depression,Random Forest,3,91114,0,0.016061150225861177
depression,Random Forest,3,91128,0,0.2946340800695811
depression,Random Forest,3,91138,0,0.0665754114449057
depression,Random Forest,3,91149,0,0.057041626444847726
depression,Random Forest,3,91161,0,0.07259637676937938
depression,Random Forest,3,91167,0,0.09856430859861916
depression,Random Forest,3,91177,0,0.0
depression,Random Forest,3,91190,0,0.024377244559276513
depression,Random Forest,3,91204,1,0.02581754866179018
depression,Random Forest,3,91215,0,0.24112400677604612
depression,Random Forest,3,91223,0,0.4433476901010344
depression,Random Forest,3,91239,0,0.33252229880901196
depression,Random Forest,3,91251,0,0.10089502879827357
depression,Random Forest,3,91263,0,0.04893574733765673
depression,Random Forest,3,91271,0,0.19295422527291056
depression,Random Forest,3,91279,0,0.047201832429428166
depression,Random Forest,3,91292,0,0.17600309711373338
depression,Random Forest,3,91303,0,0.09076199975144758
depression,Random Forest,3,91316,0,0.17258873068660777
depression,Random Forest,3,91324,0,0.35334236665471513
depression,Random Forest,3,91332,0,0.070373898876816
depression,Random Forest,3,91339,0,0.23073985169810882
depression,Random Forest,3,91347,1,0.23969605067473865
depression,Random Forest,3,91355,0,0.29468990618834684
depression,Random Forest,3,91361,0,0.002553738001892659
depression,Random Forest,3,91367,0,0.032579483192145695
depression,Random Forest,3,91383,0,0.1348185071702776
depression,Random Forest,3,91393,1,0.08891849826596537
depression,Random Forest,3,91402,0,0.05944063596871188
depression,Random Forest,3,91413,0,0.07161091092785644
depression,Random Forest,3,91421,0,0.3413418311532812
depression,Random Forest,3,91432,0,0.003964323189926548
depression,Random Forest,3,91440,0,0.5123626947941209
depression,Random Forest,3,91449,0,0.08862560109259063
depression,Random Forest,3,91454,0,0.4685113279917804
depression,Random Forest,3,91475,1,0.06412744269207972
depression,Random Forest,3,91481,0,0.0037082842559874357
depression,Random Forest,3,91489,0,0.26388966122631585
depression,Random Forest,3,91497,0,0.012569641609494888
depression,Random Forest,3,91510,0,0.1363911285180296
depression,Random Forest,3,91525,0,0.05424564839344531
depression,Random Forest,3,91533,0,0.012364443107195413
depression,Random Forest,3,91544,0,0.08858218783400824
depression,Random Forest,3,91555,0,0.08305268810052711
depression,Random Forest,3,91563,0,0.05238280295315707
depression,Random Forest,3,91572,0,0.11253777618513965
depression,Random Forest,3,91584,0,0.33994513884741356
depression,Random Forest,3,91596,0,0.17570705881209117
depression,Random Forest,3,91604,0,0.1387700027572216
depression,Random Forest,3,91615,0,0.048919594636665904
depression,Random Forest,3,91622,0,0.12439691866993498
depression,Random Forest,3,91631,1,0.3303465121145084
depression,Random Forest,3,91637,0,0.3434253215280741
depression,Random Forest,3,91646,0,0.02984513607265241
depression,Random Forest,3,91661,0,0.014915457646134365
depression,Random Forest,3,91670,0,0.3862813162423434
depression,Random Forest,3,91674,0,0.09199192097973874
depression,Random Forest,3,91683,0,0.0529014442440488
depression,Random Forest,3,91702,0,0.1776461095689065
depression,Random Forest,3,91714,0,0.30738155551018503
depression,Random Forest,3,91717,1,0.3600988236451893
depression,Random Forest,3,91728,0,0.14736596981945585
depression,Random Forest,3,91733,0,0.018080813983180562
depression,Random Forest,3,91742,0,0.1299808262493168
depression,Random Forest,3,91750,0,0.0957259126151797
depression,Random Forest,3,91759,1,0.13794334998346489
depression,Random Forest,3,91776,0,0.1427811134225056
depression,Random Forest,3,91787,0,0.34357350400157827
depression,Random Forest,3,91793,0,0.19793655601014798
depression,Random Forest,3,91804,0,0.24566427684379297
depression,Random Forest,3,91810,1,0.2620114717573474
depression,Random Forest,3,91817,0,0.025837090919900718
depression,Random Forest,3,91825,0,0.0010923711668860444
depression,Random Forest,3,91832,0,0.08156835622519568
depression,Random Forest,3,91838,0,0.06473051423866943
depression,Random Forest,3,91846,0,0.016999476351361287
depression,Random Forest,3,91856,0,0.4698160354158595
depression,Random Forest,3,91865,0,0.060602327524072776
depression,Random Forest,3,91875,0,0.01528685907115762
depression,Random Forest,3,91888,0,0.18845005494961944
depression,Random Forest,3,91897,0,0.17474263842996213
depression,Random Forest,3,91906,0,0.14437007062976873
depression,Random Forest,3,91916,0,0.3239817202211375
depression,Random Forest,3,91927,0,0.02468166276319858
depression,Random Forest,3,91935,0,0.0037082842559874357
depression,Random Forest,3,91950,0,0.1600036719947674
depression,Random Forest,3,91960,0,0.16894294323268347
depression,Random Forest,3,91972,0,0.15912349109690127
depression,Random Forest,3,91975,0,0.15340986891426403
depression,Random Forest,3,91984,0,0.3526610565572467
depression,Random Forest,3,91997,1,0.0042583408476104595
depression,Random Forest,3,92004,0,0.5858817556108094
depression,Random Forest,3,92020,0,0.4451343966363445
depression,Random Forest,3,92030,0,0.43746614404416784
depression,Random Forest,3,92044,0,0.10956452552579575
depression,Random Forest,3,92051,0,0.021579691989612695
depression,Random Forest,3,92060,0,0.30746832808099184
depression,Random Forest,3,92074,0,0.018733874237069986
depression,Random Forest,3,92085,0,0.10282822050500037
depression,Random Forest,3,92094,0,0.09903227378325917
depression,Random Forest,3,92104,0,0.01943304959989638
depression,Random Forest,3,92109,1,0.14775821996263655
depression,Random Forest,3,92121,0,0.0469565171022027
depression,Random Forest,3,92130,0,0.05060199383547209
depression,Random Forest,3,92134,0,0.13419684281849067
depression,Random Forest,3,92143,0,0.3859439913496069
depression,Random Forest,3,92156,0,0.02908904216043763
depression,Random Forest,3,92160,0,0.11873072183452221
depression,Random Forest,3,92179,0,0.039314378717904025
depression,Random Forest,3,92190,0,0.19976553991979848
depression,Random Forest,3,92202,0,0.22996373128275036
depression,Random Forest,3,92212,1,0.07910294984643688
depression,Random Forest,3,92220,0,0.004422334074681025
depression,Random Forest,3,92235,0,0.19518182258120043
depression,Random Forest,3,92243,1,0.17151013305174312
depression,Random Forest,3,92247,0,0.07601403324999496
depression,Random Forest,3,92257,0,0.12695462576213182
depression,Random Forest,3,92271,0,0.0837734108461493
depression,Random Forest,3,92283,0,0.10280729746168404
depression,Random Forest,3,92296,0,0.011337138835069007
depression,Random Forest,3,92307,0,0.08043059475699035
depression,Random Forest,3,92323,0,0.0
depression,Random Forest,3,92337,0,0.4535247650314048
depression,Random Forest,3,92349,0,0.03325522094179167
depression,Random Forest,3,92359,0,0.19256684166035182
depression,Random Forest,3,92366,0,0.004258340847610459
depression,Random Forest,3,92374,0,0.004599464329194059
depression,Random Forest,3,92389,0,0.045484857594981616
depression,Random Forest,3,92393,0,0.01642232758992776
depression,Random Forest,3,92405,0,0.11006549885418629
depression,Random Forest,3,92413,0,0.03442089673102605
depression,Random Forest,3,92419,0,0.39729793059878593
depression,Random Forest,3,92428,0,0.01368697440989076
depression,Random Forest,3,92437,0,0.010485177453739279
depression,Random Forest,3,92448,0,0.2991154438948106
depression,Random Forest,3,92462,1,0.008857805176804519
depression,Random Forest,3,92478,0,0.23098415025785823
depression,Random Forest,3,92491,0,0.007754198131409862
depression,Random Forest,3,92500,0,0.16154049101319395
depression,Random Forest,3,92506,0,0.16638819522538356
depression,Random Forest,3,92512,0,0.15665377282433146
depression,Random Forest,3,92526,0,0.27769070878959473
depression,Random Forest,3,92533,0,0.3642151185478688
depression,Random Forest,3,92540,0,0.3554878596473662
depression,Random Forest,3,92546,0,0.1265384518462989
depression,Random Forest,3,92556,0,0.07036466559491034
depression,Random Forest,3,92566,0,0.012481004885147468
depression,Random Forest,3,92574,0,0.0
depression,Random Forest,3,92588,0,0.1369615590518843
depression,Random Forest,3,92601,0,0.2214364176576397
depression,Random Forest,3,92608,0,0.08877837355814629
depression,Random Forest,3,92617,1,0.0791866616649408
depression,Random Forest,3,92625,0,0.026737932554791656
depression,Random Forest,3,92634,0,0.07182769712586155
depression,Random Forest,3,92647,0,0.11269605902801558
depression,Random Forest,3,92657,0,0.01726932727489873
depression,Random Forest,3,92667,0,0.06445111332180538
depression,Random Forest,3,92676,0,0.03508625889944949
depression,Random Forest,3,92688,0,0.1387700027572216
depression,Random Forest,3,92698,0,0.12060638640343316
depression,Random Forest,3,92704,1,0.1869831011146011
depression,Random Forest,3,92719,0,0.19430904613288744
depression,Random Forest,3,92728,0,0.0
depression,Random Forest,3,92741,0,0.012822128366731068
depression,Random Forest,3,92748,0,0.33408343171173693
depression,Random Forest,3,92753,0,0.0
depression,Random Forest,3,92767,0,0.08374316280408836
depression,Random Forest,3,92777,0,0.01201603284116893
depression,Random Forest,3,92788,0,0.11664774118185804
depression,Random Forest,3,92799,0,0.042323980371969314
depression,Random Forest,3,92814,0,0.5417992233485908
depression,Random Forest,3,92822,0,0.09747026962086743
depression,Random Forest,3,92829,0,0.00479137603043754
depression,Random Forest,3,92839,0,0.003964323189926548
depression,Random Forest,3,92850,0,0.028587366320763957
depression,Random Forest,3,92859,0,0.4296241360322279
depression,Random Forest,3,92878,0,0.020822007327790916
depression,Random Forest,3,92881,0,0.19405466624773368
depression,Random Forest,3,92887,0,0.28092833950350293
depression,Random Forest,3,92897,0,0.21648354205572581
depression,Random Forest,3,92903,0,0.0034833118200258157
depression,Random Forest,3,92909,0,0.01704666778021566
depression,Random Forest,3,92918,0,0.05961132310529938
depression,Random Forest,3,92926,0,0.07473037765720027
depression,Random Forest,3,92938,0,0.08416694059746263
depression,Random Forest,3,92950,0,0.07033371197721824
depression,Random Forest,3,92957,0,0.08621969493817513
depression,Random Forest,3,92967,0,0.3214576983953531
depression,Random Forest,3,92977,0,0.27035969761509276
depression,Random Forest,3,92986,0,0.09733481807728717
depression,Random Forest,3,92992,0,0.45563989143743017
depression,Random Forest,3,93000,0,0.004043914682008002
depression,Random Forest,3,93005,0,0.005600094746464157
depression,Random Forest,3,93014,0,0.12345184627937476
depression,Random Forest,3,93022,0,0.37196410880251657
depression,Random Forest,3,93029,0,0.2238133496745624
depression,Random Forest,3,93043,0,0.026480979652983117
depression,Random Forest,3,93048,0,0.051342547189316586
depression,Random Forest,3,93053,0,0.4937074981753262
depression,Random Forest,3,93069,0,0.1236772514493099
depression,Random Forest,3,93075,1,0.026765327231657043
depression,Random Forest,3,93085,0,0.03641134151096984
depression,Random Forest,3,93093,0,0.4528830420884388
depression,Random Forest,3,93100,0,0.03942387340758799
depression,Random Forest,3,93111,0,0.6243266309161634
depression,Random Forest,3,93124,0,0.03636446737842023
depression,Random Forest,3,93140,0,0.12177391242203925
depression,Random Forest,3,93149,0,0.04037913333019835
depression,Random Forest,3,93162,0,0.02034037473849175
depression,Random Forest,3,93174,0,0.08174406789728829
depression,Random Forest,3,93185,0,0.030552211026593588
depression,Random Forest,3,93200,0,0.017545128494758252
depression,Random Forest,3,93206,0,0.22350937069508842
depression,Random Forest,3,93213,0,0.009198928658388119
depression,Random Forest,3,93232,0,0.21053130767371453
depression,Random Forest,3,93240,0,0.10923834936003755
depression,Random Forest,3,93251,0,0.09526764589488763
depression,Random Forest,3,93266,0,0.10214223859914213
depression,Random Forest,3,93273,0,0.00425834084761046
depression,Random Forest,3,93278,0,0.027993435344099676
depression,Random Forest,3,93281,0,0.004599464329194059
depression,Random Forest,3,93286,0,0.15053246071665463
depression,Random Forest,3,93300,0,0.015466993350979332
depression,Random Forest,3,93308,0,0.04111611442442092
depression,Random Forest,3,93321,0,0.33410168932031736
depression,Random Forest,3,93328,0,0.002553738001892659
depression,Random Forest,3,93345,1,0.253437646095686
depression,Random Forest,3,93353,0,0.03036060846582707
depression,Random Forest,3,93361,0,0.10398117827694989
depression,Random Forest,3,93367,0,0.0614014058426436
depression,Random Forest,3,93374,0,0.02657341553041356
depression,Random Forest,3,93391,0,0.28661867071246894
depression,Random Forest,3,93410,0,0.3012063134343552
depression,Random Forest,3,93420,0,0.0408194423994178
depression,Random Forest,3,93434,0,0.2018229996410788
depression,Random Forest,3,93437,0,0.0512407293917917
depression,Random Forest,3,93446,0,0.26155844373925247
depression,Random Forest,3,93461,0,0.02247906790987366
depression,Random Forest,3,93478,0,0.3262187677953581
depression,Random Forest,3,93488,0,0.007044477175475707
depression,Random Forest,3,93495,0,0.0
depression,Random Forest,3,93503,0,0.08388685011195536
depression,Random Forest,3,93513,0,0.38896619205264515
depression,Random Forest,3,93522,0,0.10620014703990174
depression,Random Forest,3,93532,0,0.005860956696248093
depression,Random Forest,3,93541,0,0.010261996188318993
depression,Random Forest,3,93555,0,0.06253251882981259
depression,Random Forest,3,93563,0,0.11706753592388475
depression,Random Forest,3,93571,0,0.05218479216606476
depression,Random Forest,3,93581,0,0.12790171584092758
depression,Random Forest,3,93592,0,0.23266221691978814
depression,Random Forest,3,93606,0,0.019611621752269666
depression,Random Forest,3,93611,0,0.24535338292965173
depression,Random Forest,3,93617,0,0.05042514955568576
depression,Random Forest,3,93624,0,0.02473128195664534
depression,Random Forest,3,93636,1,0.003837928189888044
depression,Random Forest,3,93644,0,0.1950888231225005
depression,Random Forest,3,93655,0,0.4443977738914768
depression,Random Forest,3,93664,0,0.013649181207242058
depression,Random Forest,3,93675,1,0.29977026537446694
depression,Random Forest,3,93685,0,0.30727131286175613
depression,Random Forest,3,93697,0,0.0075315646134916725
depression,Logistic Regression,4,83732,0,0.25069185707664426
depression,Logistic Regression,4,83744,0,0.5092451113880522
depression,Logistic Regression,4,83755,0,0.3942767241628113
depression,Logistic Regression,4,83769,0,0.38155150627007106
depression,Logistic Regression,4,83784,0,0.43821364018644
depression,Logistic Regression,4,83790,0,0.5886857307221689
depression,Logistic Regression,4,83813,0,0.36241077304714586
depression,Logistic Regression,4,83821,0,0.5911866426468868
depression,Logistic Regression,4,83832,0,0.6696154589713428
depression,Logistic Regression,4,83844,0,0.5476940343268409
depression,Logistic Regression,4,83854,0,0.4922836572265389
depression,Logistic Regression,4,83865,0,0.5657378154211421
depression,Logistic Regression,4,83872,0,0.4848052755415499
depression,Logistic Regression,4,83884,0,0.5857134119588951
depression,Logistic Regression,4,83890,0,0.5660843065183699
depression,Logistic Regression,4,83898,0,0.3830050760698909
depression,Logistic Regression,4,83908,0,0.4902093032772391
depression,Logistic Regression,4,83915,0,0.4807345386183787
depression,Logistic Regression,4,83926,0,0.3332951533795274
depression,Logistic Regression,4,83933,0,0.6269040673862178
depression,Logistic Regression,4,83937,0,0.598242424050052
depression,Logistic Regression,4,83949,0,0.5320625769808079
depression,Logistic Regression,4,83955,0,0.2556267485603761
depression,Logistic Regression,4,83963,0,0.5517862968964761
depression,Logistic Regression,4,83969,0,0.5209251062995703
depression,Logistic Regression,4,83982,0,0.3256120138169481
depression,Logistic Regression,4,83990,0,0.7227639122037267
depression,Logistic Regression,4,83998,0,0.3806313341591212
depression,Logistic Regression,4,84008,0,0.5044036024845895
depression,Logistic Regression,4,84016,0,0.3059312653137201
depression,Logistic Regression,4,84023,0,0.52277214518178
depression,Logistic Regression,4,84030,0,0.5362592572888042
depression,Logistic Regression,4,84038,0,0.4676171960773477
depression,Logistic Regression,4,84047,0,0.26551551174658095
depression,Logistic Regression,4,84061,0,0.4054796787042598
depression,Logistic Regression,4,84070,0,0.2870793575979977
depression,Logistic Regression,4,84086,0,0.25499586545449193
depression,Logistic Regression,4,84094,0,0.29261456095490845
depression,Logistic Regression,4,84107,0,0.632562066526755
depression,Logistic Regression,4,84114,0,0.478636129678083
depression,Logistic Regression,4,84121,0,0.49032551338998087
depression,Logistic Regression,4,84130,0,0.36642950088432735
depression,Logistic Regression,4,84139,0,0.6036702786576245
depression,Logistic Regression,4,84165,0,0.5399576975569453
depression,Logistic Regression,4,84170,0,0.4076420431961584
depression,Logistic Regression,4,84177,0,0.6226572861895184
depression,Logistic Regression,4,84188,1,0.7265467689265446
depression,Logistic Regression,4,84196,0,0.46977469473929623
depression,Logistic Regression,4,84205,0,0.4939646225682968
depression,Logistic Regression,4,84222,1,0.3861918751856709
depression,Logistic Regression,4,84229,1,0.6824737004679351
depression,Logistic Regression,4,84234,0,0.570337271764379
depression,Logistic Regression,4,84246,0,0.381422499225653
depression,Logistic Regression,4,84264,0,0.4214039548025157
depression,Logistic Regression,4,84279,0,0.60722136280304
depression,Logistic Regression,4,84290,0,0.4999343371121147
depression,Logistic Regression,4,84294,0,0.5111803373368577
depression,Logistic Regression,4,84305,0,0.6880215571632882
depression,Logistic Regression,4,84318,0,0.6146101421981298
depression,Logistic Regression,4,84323,0,0.39779392487957604
depression,Logistic Regression,4,84349,0,0.507286670579369
depression,Logistic Regression,4,84360,0,0.22817687659566932
depression,Logistic Regression,4,84374,0,0.5909127282374425
depression,Logistic Regression,4,84379,0,0.4124543588936911
depression,Logistic Regression,4,84388,0,0.4617726190997925
depression,Logistic Regression,4,84393,0,0.2413213602105587
depression,Logistic Regression,4,84400,0,0.7166422997614217
depression,Logistic Regression,4,84405,0,0.5167247700610144
depression,Logistic Regression,4,84417,0,0.3281091642788968
depression,Logistic Regression,4,84425,1,0.6185902035610897
depression,Logistic Regression,4,84433,0,0.41557780412942763
depression,Logistic Regression,4,84447,0,0.21991935851418873
depression,Logistic Regression,4,84456,0,0.5378619550750185
depression,Logistic Regression,4,84464,0,0.2934864731146119
depression,Logistic Regression,4,84473,0,0.5016062815673737
depression,Logistic Regression,4,84481,0,0.5882804017140886
depression,Logistic Regression,4,84494,0,0.6155016546983222
depression,Logistic Regression,4,84500,0,0.2894532921093255
depression,Logistic Regression,4,84513,0,0.32418285855896145
depression,Logistic Regression,4,84535,0,0.48230901328091985
depression,Logistic Regression,4,84537,0,0.4465199427120711
depression,Logistic Regression,4,84550,0,0.5074541131075916
depression,Logistic Regression,4,84552,0,0.6780595051405292
depression,Logistic Regression,4,84568,0,0.21922844415818327
depression,Logistic Regression,4,84580,0,0.3940625761480591
depression,Logistic Regression,4,84586,0,0.48243235573702464
depression,Logistic Regression,4,84588,0,0.45735780794444203
depression,Logistic Regression,4,84596,0,0.5304260545810234
depression,Logistic Regression,4,84607,0,0.6288056030343729
depression,Logistic Regression,4,84618,0,0.4805731433033536
depression,Logistic Regression,4,84622,0,0.4946599308529159
depression,Logistic Regression,4,84637,0,0.2831299089606176
depression,Logistic Regression,4,84650,0,0.2764678271660746
depression,Logistic Regression,4,84657,0,0.5335176408115742
depression,Logistic Regression,4,84662,0,0.652237728920372
depression,Logistic Regression,4,84672,0,0.5763354402817839
depression,Logistic Regression,4,84680,0,0.33070353038716543
depression,Logistic Regression,4,84694,0,0.2173021975092921
depression,Logistic Regression,4,84698,0,0.5980891789485637
depression,Logistic Regression,4,84712,0,0.5971454837167063
depression,Logistic Regression,4,84720,1,0.6900864291938299
depression,Logistic Regression,4,84735,0,0.44270768213752354
depression,Logistic Regression,4,84742,0,0.5487739518390895
depression,Logistic Regression,4,84748,0,0.25449205152129717
depression,Logistic Regression,4,84760,0,0.5135030111346344
depression,Logistic Regression,4,84767,0,0.4402431495272797
depression,Logistic Regression,4,84775,0,0.3413166302498447
depression,Logistic Regression,4,84783,0,0.7021803279383132
depression,Logistic Regression,4,84787,0,0.5977965078970849
depression,Logistic Regression,4,84790,0,0.6214842259526981
depression,Logistic Regression,4,84803,0,0.461295006010748
depression,Logistic Regression,4,84806,0,0.20886613110163915
depression,Logistic Regression,4,84818,0,0.5420383994817592
depression,Logistic Regression,4,84829,0,0.2531693626930231
depression,Logistic Regression,4,84835,0,0.4679784648738575
depression,Logistic Regression,4,84846,0,0.3316783195607571
depression,Logistic Regression,4,84862,0,0.40664656046587466
depression,Logistic Regression,4,84869,0,0.35628422834757895
depression,Logistic Regression,4,84880,0,0.45326543313397905
depression,Logistic Regression,4,84894,0,0.29261456095490845
depression,Logistic Regression,4,84901,1,0.6215040575618737
depression,Logistic Regression,4,84910,0,0.4998353323987355
depression,Logistic Regression,4,84916,0,0.5804668829233135
depression,Logistic Regression,4,84923,0,0.5442714563236967
depression,Logistic Regression,4,84930,0,0.4082189595058702
depression,Logistic Regression,4,84935,0,0.2520961741926073
depression,Logistic Regression,4,84946,0,0.725846526786445
depression,Logistic Regression,4,84952,0,0.4082499457695279
depression,Logistic Regression,4,84966,0,0.2271843036157181
depression,Logistic Regression,4,84976,0,0.5627957674978107
depression,Logistic Regression,4,84988,0,0.6741673907568791
depression,Logistic Regression,4,84995,0,0.6472964072446497
depression,Logistic Regression,4,85007,1,0.4723679642017028
depression,Logistic Regression,4,85009,0,0.5732692507071627
depression,Logistic Regression,4,85034,0,0.6659902090600069
depression,Logistic Regression,4,85041,0,0.650114998138449
depression,Logistic Regression,4,85051,0,0.4843189814622531
depression,Logistic Regression,4,85057,0,0.28233382238533833
depression,Logistic Regression,4,85064,0,0.5508526783173968
depression,Logistic Regression,4,85074,0,0.361588433737697
depression,Logistic Regression,4,85092,0,0.2531494069893007
depression,Logistic Regression,4,85104,1,0.59128054660653
depression,Logistic Regression,4,85113,0,0.4729178679379152
depression,Logistic Regression,4,85120,0,0.4903514663095427
depression,Logistic Regression,4,85132,0,0.2948526639588514
depression,Logistic Regression,4,85147,0,0.7160537374146829
depression,Logistic Regression,4,85156,0,0.6889821191946123
depression,Logistic Regression,4,85158,0,0.44794680555499244
depression,Logistic Regression,4,85169,0,0.4997155984929863
depression,Logistic Regression,4,85179,1,0.3747127427514588
depression,Logistic Regression,4,85192,0,0.6711879967082252
depression,Logistic Regression,4,85202,0,0.5259352182488027
depression,Logistic Regression,4,85212,0,0.2162274681361039
depression,Logistic Regression,4,85217,0,0.38766665546399115
depression,Logistic Regression,4,85228,0,0.5807155048085033
depression,Logistic Regression,4,85233,0,0.6013199137896792
depression,Logistic Regression,4,85241,0,0.28912170657442277
depression,Logistic Regression,4,85249,0,0.32657753122093003
depression,Logistic Regression,4,85257,1,0.3870217375437568
depression,Logistic Regression,4,85266,0,0.279097220059212
depression,Logistic Regression,4,85278,0,0.3303957128198357
depression,Logistic Regression,4,85285,0,0.5096836279058066
depression,Logistic Regression,4,85292,0,0.30839887500582425
depression,Logistic Regression,4,85299,0,0.3398878918732714
depression,Logistic Regression,4,85314,0,0.4526599477321317
depression,Logistic Regression,4,85320,0,0.21909044878050019
depression,Logistic Regression,4,85334,0,0.32326746758061564
depression,Logistic Regression,4,85341,0,0.5655291913163621
depression,Logistic Regression,4,85348,0,0.5496191668324157
depression,Logistic Regression,4,85356,0,0.22647719159590202
depression,Logistic Regression,4,85367,0,0.3179035789673985
depression,Logistic Regression,4,85370,1,0.5855529809388342
depression,Logistic Regression,4,85381,0,0.3111087520180832
depression,Logistic Regression,4,85392,0,0.3427890429510625
depression,Logistic Regression,4,85398,0,0.38030677061075124
depression,Logistic Regression,4,85406,0,0.5164576386526618
depression,Logistic Regression,4,85419,0,0.4753458955464431
depression,Logistic Regression,4,85426,1,0.4031714276571864
depression,Logistic Regression,4,85437,0,0.6197079916722178
depression,Logistic Regression,4,85445,1,0.675661110420325
depression,Logistic Regression,4,85453,0,0.6578258402981156
depression,Logistic Regression,4,85467,0,0.5554540493104799
depression,Logistic Regression,4,85480,0,0.6573364525233075
depression,Logistic Regression,4,85487,0,0.5258232111357183
depression,Logistic Regression,4,85496,0,0.23439577595404132
depression,Logistic Regression,4,85508,1,0.6104700026153251
depression,Logistic Regression,4,85518,0,0.259272922378191
depression,Logistic Regression,4,85521,0,0.5451675261333195
depression,Logistic Regression,4,85536,1,0.6478013187241641
depression,Logistic Regression,4,85542,0,0.5926737564799505
depression,Logistic Regression,4,85551,0,0.19147948622946806
depression,Logistic Regression,4,85563,0,0.4161654704327307
depression,Logistic Regression,4,85566,0,0.588826261368017
depression,Logistic Regression,4,85577,0,0.5592790602752237
depression,Logistic Regression,4,85586,0,0.6177011167296705
depression,Logistic Regression,4,85597,0,0.6534491489700982
depression,Logistic Regression,4,85614,0,0.5438843374092242
depression,Logistic Regression,4,85628,0,0.3335044264032523
depression,Logistic Regression,4,85635,0,0.35490722469726027
depression,Logistic Regression,4,85649,1,0.6283624101255494
depression,Logistic Regression,4,85660,0,0.19487283797727195
depression,Logistic Regression,4,85667,0,0.43431591652782225
depression,Logistic Regression,4,85674,0,0.231159442237917
depression,Logistic Regression,4,85682,0,0.45601513466136606
depression,Logistic Regression,4,85697,0,0.5978072678387144
depression,Logistic Regression,4,85704,0,0.2883345650214325
depression,Logistic Regression,4,85715,0,0.5328962631704803
depression,Logistic Regression,4,85726,0,0.4986790347116865
depression,Logistic Regression,4,85733,0,0.6098380711178101
depression,Logistic Regression,4,85740,0,0.5647522544435314
depression,Logistic Regression,4,85753,0,0.5235729017071232
depression,Logistic Regression,4,85766,0,0.5389749044688963
depression,Logistic Regression,4,85776,0,0.5872858621782427
depression,Logistic Regression,4,85782,1,0.5202331448154864
depression,Logistic Regression,4,85789,0,0.5340339431827558
depression,Logistic Regression,4,85797,0,0.2133511074943233
depression,Logistic Regression,4,85803,0,0.38774755116795145
depression,Logistic Regression,4,85811,0,0.4029438740854567
depression,Logistic Regression,4,85820,0,0.6097613221773872
depression,Logistic Regression,4,85828,0,0.3295780029958308
depression,Logistic Regression,4,85837,1,0.689985709702907
depression,Logistic Regression,4,85851,0,0.5432407932759706
depression,Logistic Regression,4,85859,0,0.5397735116130113
depression,Logistic Regression,4,85867,0,0.44717872300060685
depression,Logistic Regression,4,85876,0,0.23512009656875266
depression,Logistic Regression,4,85879,0,0.6004270803732618
depression,Logistic Regression,4,85893,0,0.2999072731747026
depression,Logistic Regression,4,85901,0,0.48548056500362063
depression,Logistic Regression,4,85912,1,0.6341827844112132
depression,Logistic Regression,4,85928,0,0.2737277223335459
depression,Logistic Regression,4,85939,0,0.5260130009985815
depression,Logistic Regression,4,85946,0,0.32741828733916223
depression,Logistic Regression,4,85957,1,0.632936837712397
depression,Logistic Regression,4,85962,0,0.21826378916992392
depression,Logistic Regression,4,85968,0,0.5200799893435928
depression,Logistic Regression,4,85981,0,0.4515875398398029
depression,Logistic Regression,4,85992,0,0.49991572315737565
depression,Logistic Regression,4,86000,0,0.47196367369998765
depression,Logistic Regression,4,86010,0,0.41782190185447354
depression,Logistic Regression,4,86019,0,0.34317838112057997
depression,Logistic Regression,4,86028,0,0.6219722991379408
depression,Logistic Regression,4,86034,0,0.2159338103947981
depression,Logistic Regression,4,86040,1,0.5331973958041094
depression,Logistic Regression,4,86052,0,0.5318113298673627
depression,Logistic Regression,4,86057,0,0.2156608834881054
depression,Logistic Regression,4,86062,0,0.38279819384552877
depression,Logistic Regression,4,86063,1,0.5637446280833958
depression,Logistic Regression,4,86077,0,0.5076099022507081
depression,Logistic Regression,4,86087,0,0.5189785271259147
depression,Logistic Regression,4,86094,0,0.43569676451854444
depression,Logistic Regression,4,86100,0,0.6167233059181967
depression,Logistic Regression,4,86110,0,0.5141908372862953
depression,Logistic Regression,4,86129,0,0.6429527555843936
depression,Logistic Regression,4,86143,0,0.3953996647349299
depression,Logistic Regression,4,86146,0,0.518134226639687
depression,Logistic Regression,4,86155,0,0.4343198996047129
depression,Logistic Regression,4,86160,0,0.46389957188203934
depression,Logistic Regression,4,86169,0,0.3745882729504168
depression,Logistic Regression,4,86178,1,0.589142481530972
depression,Logistic Regression,4,86188,0,0.4474955237119129
depression,Logistic Regression,4,86195,0,0.5694421457745895
depression,Logistic Regression,4,86205,0,0.30078204305345346
depression,Logistic Regression,4,86212,0,0.6943882605564659
depression,Logistic Regression,4,86221,0,0.7474640388467142
depression,Logistic Regression,4,86236,0,0.3474488199265749
depression,Logistic Regression,4,86242,0,0.6174440022090727
depression,Logistic Regression,4,86247,0,0.5420947530205845
depression,Logistic Regression,4,86260,0,0.4758159358920122
depression,Logistic Regression,4,86275,0,0.22324455086023112
depression,Logistic Regression,4,86281,0,0.32145971464610756
depression,Logistic Regression,4,86287,0,0.5907885218617863
depression,Logistic Regression,4,86298,0,0.3118751886011837
depression,Logistic Regression,4,86311,0,0.6325718768083041
depression,Logistic Regression,4,86322,0,0.5830343538063119
depression,Logistic Regression,4,86323,0,0.6400500195248995
depression,Logistic Regression,4,86335,1,0.4457710270730317
depression,Logistic Regression,4,86348,0,0.19248019798758423
depression,Logistic Regression,4,86354,0,0.5043504218523789
depression,Logistic Regression,4,86361,0,0.4281023797756804
depression,Logistic Regression,4,86367,0,0.5428447022583233
depression,Logistic Regression,4,86383,0,0.4026502511648614
depression,Logistic Regression,4,86396,0,0.46718071739969547
depression,Logistic Regression,4,86404,0,0.49745218566321026
depression,Logistic Regression,4,86417,0,0.4741692352762991
depression,Logistic Regression,4,86430,0,0.28531533092361594
depression,Logistic Regression,4,86439,0,0.5022424888040203
depression,Logistic Regression,4,86450,0,0.5313671019996837
depression,Logistic Regression,4,86458,0,0.2787317686522871
depression,Logistic Regression,4,86472,0,0.3249572070176936
depression,Logistic Regression,4,86480,0,0.42062626478410775
depression,Logistic Regression,4,86483,0,0.2605578733730243
depression,Logistic Regression,4,86498,0,0.3114377498766334
depression,Logistic Regression,4,86512,0,0.2692995629738847
depression,Logistic Regression,4,86518,0,0.4152676194213725
depression,Logistic Regression,4,86524,0,0.6252224709927536
depression,Logistic Regression,4,86528,0,0.5317373850245419
depression,Logistic Regression,4,86539,0,0.30653579862280333
depression,Logistic Regression,4,86551,1,0.5434545822880599
depression,Logistic Regression,4,86558,0,0.5007158054439975
depression,Logistic Regression,4,86567,1,0.7030737530487843
depression,Logistic Regression,4,86575,0,0.4679224006788028
depression,Logistic Regression,4,86581,0,0.23759436569236098
depression,Logistic Regression,4,86591,1,0.5636772656514232
depression,Logistic Regression,4,86601,0,0.49304783161533255
depression,Logistic Regression,4,86611,0,0.5812946607157768
depression,Logistic Regression,4,86621,0,0.5779357754757809
depression,Logistic Regression,4,86633,0,0.5257453831085411
depression,Logistic Regression,4,86639,0,0.6238011892555068
depression,Logistic Regression,4,86652,0,0.5194013783390093
depression,Logistic Regression,4,86662,0,0.4123160978761844
depression,Logistic Regression,4,86668,0,0.4777464042441735
depression,Logistic Regression,4,86675,0,0.574894368572807
depression,Logistic Regression,4,86685,0,0.4617880737597503
depression,Logistic Regression,4,86687,0,0.28436374626344474
depression,Logistic Regression,4,86710,0,0.2573172351170665
depression,Logistic Regression,4,86717,0,0.580023757471498
depression,Logistic Regression,4,86720,0,0.30473400182941207
depression,Logistic Regression,4,86732,0,0.6524976476232045
depression,Logistic Regression,4,86741,0,0.5232994450730917
depression,Logistic Regression,4,86748,0,0.5736526128010859
depression,Logistic Regression,4,86759,0,0.5523182537336884
depression,Logistic Regression,4,86772,0,0.4277693514386617
depression,Logistic Regression,4,86781,0,0.4881354704582872
depression,Logistic Regression,4,86795,0,0.6646360141025469
depression,Logistic Regression,4,86805,0,0.6396663529556096
depression,Logistic Regression,4,86810,0,0.5029260871824819
depression,Logistic Regression,4,86824,0,0.365529524774978
depression,Logistic Regression,4,86833,0,0.43474442843818545
depression,Logistic Regression,4,86848,0,0.5574745441775419
depression,Logistic Regression,4,86864,0,0.5090226204505265
depression,Logistic Regression,4,86875,0,0.6041666301714942
depression,Logistic Regression,4,86885,0,0.5189655470503203
depression,Logistic Regression,4,86894,0,0.5687386371786601
depression,Logistic Regression,4,86906,0,0.6010810580235829
depression,Logistic Regression,4,86913,0,0.38700727477232466
depression,Logistic Regression,4,86932,0,0.350864401799485
depression,Logistic Regression,4,86940,0,0.2266573531174537
depression,Logistic Regression,4,86955,0,0.5028571911969607
depression,Logistic Regression,4,86967,0,0.30754402210484283
depression,Logistic Regression,4,86972,0,0.27840765283991087
depression,Logistic Regression,4,86982,0,0.3930671128979823
depression,Logistic Regression,4,86990,0,0.43652872566467343
depression,Logistic Regression,4,86998,0,0.27976084853207916
depression,Logistic Regression,4,87004,0,0.4677930332930888
depression,Logistic Regression,4,87014,0,0.5964439417823088
depression,Logistic Regression,4,87028,1,0.5647082306577295
depression,Logistic Regression,4,87044,1,0.5796702766844037
depression,Logistic Regression,4,87051,0,0.5805000119909688
depression,Logistic Regression,4,87061,0,0.5156973466650075
depression,Logistic Regression,4,87069,0,0.48681052148513343
depression,Logistic Regression,4,87080,0,0.6876847167850347
depression,Logistic Regression,4,87090,0,0.5477769445720714
depression,Logistic Regression,4,87111,0,0.37376831740729605
depression,Logistic Regression,4,87118,0,0.526746085281905
depression,Logistic Regression,4,87127,0,0.48223903617246255
depression,Logistic Regression,4,87137,0,0.5457865354592947
depression,Logistic Regression,4,87138,0,0.37012746095176063
depression,Logistic Regression,4,87150,0,0.45455107802337974
depression,Logistic Regression,4,87162,0,0.5511670247431474
depression,Logistic Regression,4,87167,0,0.6479420297896222
depression,Logistic Regression,4,87174,1,0.6239353615455668
depression,Logistic Regression,4,87180,0,0.4647018451276613
depression,Logistic Regression,4,87192,0,0.47913030842827464
depression,Logistic Regression,4,87199,1,0.5955461565303865
depression,Logistic Regression,4,87208,0,0.3933515647560089
depression,Logistic Regression,4,87217,0,0.21936650203700878
depression,Logistic Regression,4,87226,0,0.5589226529202196
depression,Logistic Regression,4,87235,0,0.5306272025071153
depression,Logistic Regression,4,87243,0,0.7116698877448516
depression,Logistic Regression,4,87250,0,0.5013610092202794
depression,Logistic Regression,4,87257,0,0.6649240651396117
depression,Logistic Regression,4,87264,1,0.5355031255314748
depression,Logistic Regression,4,87275,0,0.5239007329738332
depression,Logistic Regression,4,87283,0,0.535091971661229
depression,Logistic Regression,4,87291,0,0.4936978105725294
depression,Logistic Regression,4,87298,0,0.5577577900217638
depression,Logistic Regression,4,87311,0,0.2882937295909052
depression,Logistic Regression,4,87319,0,0.36541468636335334
depression,Logistic Regression,4,87325,0,0.556239324909884
depression,Logistic Regression,4,87335,0,0.5622356189943349
depression,Logistic Regression,4,87345,0,0.5940943898141393
depression,Logistic Regression,4,87354,0,0.5074674557215455
depression,Logistic Regression,4,87370,0,0.391783061256232
depression,Logistic Regression,4,87377,0,0.3104814144011276
depression,Logistic Regression,4,87389,0,0.5478221373332173
depression,Logistic Regression,4,87406,0,0.3688995681477653
depression,Logistic Regression,4,87418,0,0.6387702024762749
depression,Logistic Regression,4,87427,0,0.6250057470455873
depression,Logistic Regression,4,87435,0,0.6218132166306864
depression,Logistic Regression,4,87445,0,0.4995139602470808
depression,Logistic Regression,4,87454,0,0.600752621875946
depression,Logistic Regression,4,87463,0,0.3891036268960868
depression,Logistic Regression,4,87474,0,0.4634985050587896
depression,Logistic Regression,4,87481,0,0.4586550793490614
depression,Logistic Regression,4,87488,0,0.405691245955572
depression,Logistic Regression,4,87497,0,0.26520111342589475
depression,Logistic Regression,4,87506,0,0.23512009656875266
depression,Logistic Regression,4,87512,0,0.4700095532190919
depression,Logistic Regression,4,87521,0,0.47249731869316874
depression,Logistic Regression,4,87523,0,0.328286959159496
depression,Logistic Regression,4,87545,0,0.6103613685001517
depression,Logistic Regression,4,87559,0,0.5286517969497048
depression,Logistic Regression,4,87568,0,0.5227487981305073
depression,Logistic Regression,4,87583,0,0.503492788597803
depression,Logistic Regression,4,87592,0,0.25392501086257274
depression,Logistic Regression,4,87600,0,0.4836921972977182
depression,Logistic Regression,4,87607,0,0.32202154663843846
depression,Logistic Regression,4,87628,0,0.49745218566321026
depression,Logistic Regression,4,87636,0,0.5720985971826524
depression,Logistic Regression,4,87653,0,0.6693833047497488
depression,Logistic Regression,4,87665,0,0.6035843858888978
depression,Logistic Regression,4,87671,0,0.5271943075531961
depression,Logistic Regression,4,87691,0,0.22033465700997748
depression,Logistic Regression,4,87710,0,0.3066394625790599
depression,Logistic Regression,4,87720,0,0.3632316554779753
depression,Logistic Regression,4,87734,0,0.4958416487242879
depression,Logistic Regression,4,87748,0,0.4238059211837759
depression,Logistic Regression,4,87757,0,0.4266971790374936
depression,Logistic Regression,4,87769,0,0.5991385575703887
depression,Logistic Regression,4,87776,0,0.6198450802192279
depression,Logistic Regression,4,87783,0,0.5723069026094971
depression,Logistic Regression,4,87788,0,0.2611356444625839
depression,Logistic Regression,4,87800,0,0.6280524210948203
depression,Logistic Regression,4,87808,0,0.3638322405540901
depression,Logistic Regression,4,87818,0,0.7084872838173184
depression,Logistic Regression,4,87829,0,0.4221966097500351
depression,Logistic Regression,4,87841,0,0.5764097626239596
depression,Logistic Regression,4,87845,0,0.33685329333912295
depression,Logistic Regression,4,87855,0,0.23079743542580067
depression,Logistic Regression,4,87870,0,0.7009266363793237
depression,Logistic Regression,4,87880,0,0.6212087916476136
depression,Logistic Regression,4,87896,0,0.6517284633044292
depression,Logistic Regression,4,87903,0,0.5907880084426487
depression,Logistic Regression,4,87905,0,0.7065275230803343
depression,Logistic Regression,4,87916,0,0.5654891673709957
depression,Logistic Regression,4,87930,0,0.3335494449138971
depression,Logistic Regression,4,87947,0,0.37115524961615737
depression,Logistic Regression,4,87956,0,0.45536419725881305
depression,Logistic Regression,4,87966,0,0.4489536844498395
depression,Logistic Regression,4,87977,1,0.6105386702450187
depression,Logistic Regression,4,87986,0,0.35985163211069965
depression,Logistic Regression,4,87998,0,0.5512156414243669
depression,Logistic Regression,4,88005,1,0.706398485331385
depression,Logistic Regression,4,88020,0,0.21895251590636167
depression,Logistic Regression,4,88029,0,0.41878584518449824
depression,Logistic Regression,4,88042,0,0.5264222158680804
depression,Logistic Regression,4,88049,0,0.606237893433384
depression,Logistic Regression,4,88060,0,0.5130737357950039
depression,Logistic Regression,4,88071,0,0.4757840512186523
depression,Logistic Regression,4,88081,0,0.4793241011214722
depression,Logistic Regression,4,88089,0,0.6030054097990302
depression,Logistic Regression,4,88097,0,0.5411747123166966
depression,Logistic Regression,4,88106,0,0.5528831818507877
depression,Logistic Regression,4,88114,0,0.44305120300509426
depression,Logistic Regression,4,88125,0,0.41638864201331455
depression,Logistic Regression,4,88133,0,0.4950448922462974
depression,Logistic Regression,4,88145,0,0.605857755927524
depression,Logistic Regression,4,88153,0,0.6259064493586746
depression,Logistic Regression,4,88160,0,0.6636755895914032
depression,Logistic Regression,4,88169,0,0.3666312146705307
depression,Logistic Regression,4,88175,0,0.4363451595440194
depression,Logistic Regression,4,88186,1,0.504423141108273
depression,Logistic Regression,4,88197,0,0.3268385142720277
depression,Logistic Regression,4,88205,1,0.6979381111684045
depression,Logistic Regression,4,88215,0,0.5603383138300863
depression,Logistic Regression,4,88224,0,0.32412495474680714
depression,Logistic Regression,4,88230,0,0.4265406148861657
depression,Logistic Regression,4,88238,0,0.37631691525236566
depression,Logistic Regression,4,88253,0,0.5394708130245761
depression,Logistic Regression,4,88258,0,0.7050391304185594
depression,Logistic Regression,4,88266,0,0.41557780412942763
depression,Logistic Regression,4,88286,0,0.391351708208445
depression,Logistic Regression,4,88294,0,0.5494912600507104
depression,Logistic Regression,4,88304,0,0.6953863501996211
depression,Logistic Regression,4,88314,0,0.49644640081121305
depression,Logistic Regression,4,88321,0,0.4466410715806592
depression,Logistic Regression,4,88329,0,0.5322733182394683
depression,Logistic Regression,4,88336,0,0.39544886524978345
depression,Logistic Regression,4,88343,0,0.2925267104800491
depression,Logistic Regression,4,88353,0,0.632811789144342
depression,Logistic Regression,4,88366,0,0.680721760882002
depression,Logistic Regression,4,88380,0,0.337862904126484
depression,Logistic Regression,4,88389,0,0.6253460291098321
depression,Logistic Regression,4,88400,0,0.2901171387713325
depression,Logistic Regression,4,88410,1,0.41057198741162104
depression,Logistic Regression,4,88418,1,0.5616401115330976
depression,Logistic Regression,4,88429,0,0.35901944676597886
depression,Logistic Regression,4,88438,0,0.21771393307383993
depression,Logistic Regression,4,88440,0,0.49119005493262385
depression,Logistic Regression,4,88453,0,0.631175399084262
depression,Logistic Regression,4,88464,0,0.20714161205970147
depression,Logistic Regression,4,88479,0,0.6457800878268212
depression,Logistic Regression,4,88487,0,0.2632341837805586
depression,Logistic Regression,4,88507,0,0.7284637772415931
depression,Logistic Regression,4,88509,0,0.6190670716411827
depression,Logistic Regression,4,88526,0,0.5262024669652804
depression,Logistic Regression,4,88531,0,0.6366783596121874
depression,Logistic Regression,4,88544,0,0.45513585843049453
depression,Logistic Regression,4,88559,0,0.22647719159590202
depression,Logistic Regression,4,88568,0,0.7160751967841275
depression,Logistic Regression,4,88582,0,0.4157736663093746
depression,Logistic Regression,4,88592,0,0.21497966086466505
depression,Logistic Regression,4,88604,0,0.5620737006990079
depression,Logistic Regression,4,88609,0,0.4190346812325332
depression,Logistic Regression,4,88615,0,0.48358720134903876
depression,Logistic Regression,4,88626,0,0.39597616847289063
depression,Logistic Regression,4,88632,0,0.5255748746852177
depression,Logistic Regression,4,88641,0,0.30303800055723545
depression,Logistic Regression,4,88645,0,0.6071542271341015
depression,Logistic Regression,4,88657,0,0.632936837712397
depression,Logistic Regression,4,88665,0,0.7209538843489851
depression,Logistic Regression,4,88676,0,0.5453686270470071
depression,Logistic Regression,4,88684,0,0.5546534662408078
depression,Logistic Regression,4,88694,0,0.5481806356128005
depression,Logistic Regression,4,88703,0,0.4006602820463116
depression,Logistic Regression,4,88709,0,0.28466745017374157
depression,Logistic Regression,4,88721,0,0.5053131135732659
depression,Logistic Regression,4,88731,0,0.5351360888777432
depression,Logistic Regression,4,88742,0,0.4119642717751851
depression,Logistic Regression,4,88754,0,0.6128067034278397
depression,Logistic Regression,4,88761,0,0.6086287115610929
depression,Logistic Regression,4,88772,0,0.6269667518792741
depression,Logistic Regression,4,88781,0,0.5450602425397693
depression,Logistic Regression,4,88789,0,0.40033183769417924
depression,Logistic Regression,4,88797,0,0.5268242648074952
depression,Logistic Regression,4,88805,0,0.21348647617848232
depression,Logistic Regression,4,88830,0,0.629746200363695
depression,Logistic Regression,4,88834,0,0.5969696487880302
depression,Logistic Regression,4,88843,0,0.6776070276337449
depression,Logistic Regression,4,88855,0,0.5643837492699347
depression,Logistic Regression,4,88861,0,0.4558555530691544
depression,Logistic Regression,4,88871,0,0.23268530761703107
depression,Logistic Regression,4,88878,0,0.4488368875021286
depression,Logistic Regression,4,88887,1,0.5629964914912019
depression,Logistic Regression,4,88893,0,0.5529943783397457
depression,Logistic Regression,4,88897,0,0.27204612036102604
depression,Logistic Regression,4,88907,0,0.5817205412409893
depression,Logistic Regression,4,88911,0,0.3971547901774693
depression,Logistic Regression,4,88920,0,0.25942781890086114
depression,Logistic Regression,4,88930,0,0.445702052751127
depression,Logistic Regression,4,88942,0,0.38877929035410663
depression,Logistic Regression,4,88951,0,0.30670723973560815
depression,Logistic Regression,4,88965,0,0.2939978168966008
depression,Logistic Regression,4,88979,0,0.2889559983442817
depression,Logistic Regression,4,88991,0,0.4200646457184943
depression,Logistic Regression,4,89003,0,0.3169738558512042
depression,Logistic Regression,4,89014,0,0.4906011629888687
depression,Logistic Regression,4,89025,0,0.7120289753891547
depression,Logistic Regression,4,89035,0,0.5156973466650075
depression,Logistic Regression,4,89042,0,0.6011380091223845
depression,Logistic Regression,4,89054,1,0.5034353075249803
depression,Logistic Regression,4,89069,0,0.5041832595765419
depression,Logistic Regression,4,89074,0,0.5717670597131229
depression,Logistic Regression,4,89081,1,0.5948614252727094
depression,Logistic Regression,4,89090,0,0.2897851029090729
depression,Logistic Regression,4,89104,0,0.4941340374361898
depression,Logistic Regression,4,89115,0,0.3985681367529449
depression,Logistic Regression,4,89123,0,0.5389284539453798
depression,Logistic Regression,4,89130,0,0.24354284101706752
depression,Logistic Regression,4,89144,0,0.27671699592847676
depression,Logistic Regression,4,89146,0,0.5630429005763474
depression,Logistic Regression,4,89162,0,0.5251816862763091
depression,Logistic Regression,4,89169,0,0.5762107550399731
depression,Logistic Regression,4,89172,0,0.4896012410839384
depression,Logistic Regression,4,89178,1,0.5217092907724461
depression,Logistic Regression,4,89185,0,0.23295880598208918
depression,Logistic Regression,4,89194,0,0.25560911435340833
depression,Logistic Regression,4,89211,0,0.41561407497814573
depression,Logistic Regression,4,89231,0,0.3858349015907444
depression,Logistic Regression,4,89241,0,0.2787317686522871
depression,Logistic Regression,4,89253,0,0.5663660641103653
depression,Logistic Regression,4,89263,0,0.3210374746565501
depression,Logistic Regression,4,89270,0,0.6977355488348423
depression,Logistic Regression,4,89280,0,0.39820203303773544
depression,Logistic Regression,4,89290,0,0.44608313308183967
depression,Logistic Regression,4,89294,0,0.39655688738532263
depression,Logistic Regression,4,89308,0,0.5907176794592186
depression,Logistic Regression,4,89313,0,0.33203994290524663
depression,Logistic Regression,4,89326,0,0.6093275586126115
depression,Logistic Regression,4,89335,0,0.4559474932836591
depression,Logistic Regression,4,89347,0,0.4570349923432475
depression,Logistic Regression,4,89353,0,0.5269820415240432
depression,Logistic Regression,4,89362,1,0.28730202170161556
depression,Logistic Regression,4,89373,0,0.5066493182433294
depression,Logistic Regression,4,89381,0,0.392324153005597
depression,Logistic Regression,4,89391,0,0.5182059788930623
depression,Logistic Regression,4,89403,0,0.5625653180983026
depression,Logistic Regression,4,89413,0,0.22033465700997748
depression,Logistic Regression,4,89426,0,0.5441508966005337
depression,Logistic Regression,4,89439,0,0.3724039065301444
depression,Logistic Regression,4,89445,0,0.4873486756758375
depression,Logistic Regression,4,89458,0,0.31534679317582587
depression,Logistic Regression,4,89473,0,0.4734466170858686
depression,Logistic Regression,4,89482,0,0.42912528507560205
depression,Logistic Regression,4,89485,0,0.3440390648423166
depression,Logistic Regression,4,89500,0,0.32279624104533283
depression,Logistic Regression,4,89513,0,0.1942410181672205
depression,Logistic Regression,4,89525,0,0.26066915372394306
depression,Logistic Regression,4,89542,0,0.3550394914707147
depression,Logistic Regression,4,89544,0,0.5402210221123254
depression,Logistic Regression,4,89557,0,0.6352953132715625
depression,Logistic Regression,4,89566,0,0.4007190711158293
depression,Logistic Regression,4,89574,0,0.38514295980548047
depression,Logistic Regression,4,89581,0,0.29161407983179355
depression,Logistic Regression,4,89585,0,0.6268809020582602
depression,Logistic Regression,4,89594,1,0.5395655027948596
depression,Logistic Regression,4,89600,0,0.5986431200177638
depression,Logistic Regression,4,89608,0,0.4792916663021666
depression,Logistic Regression,4,89614,0,0.5071896724264527
depression,Logistic Regression,4,89622,0,0.2881283035692034
depression,Logistic Regression,4,89629,0,0.5816275435511974
depression,Logistic Regression,4,89640,0,0.5936194068729834
depression,Logistic Regression,4,89646,0,0.7125790505173649
depression,Logistic Regression,4,89651,0,0.5841381482776031
depression,Logistic Regression,4,89657,0,0.21743938016906125
depression,Logistic Regression,4,89671,0,0.49083835655685787
depression,Logistic Regression,4,89679,0,0.43495751419308376
depression,Logistic Regression,4,89690,0,0.5484925376076816
depression,Logistic Regression,4,89701,0,0.5678597824953422
depression,Logistic Regression,4,89706,0,0.5017982495257348
depression,Logistic Regression,4,89713,0,0.34044574935037125
depression,Logistic Regression,4,89723,0,0.4328755844045053
depression,Logistic Regression,4,89730,1,0.6347865227497014
depression,Logistic Regression,4,89737,0,0.6299342019942321
depression,Logistic Regression,4,89750,0,0.6516263549367829
depression,Logistic Regression,4,89764,0,0.5257518012915972
depression,Logistic Regression,4,89768,0,0.4733650709713814
depression,Logistic Regression,4,89784,0,0.5312622369210017
depression,Logistic Regression,4,89791,0,0.405753595173311
depression,Logistic Regression,4,89797,0,0.6823926143212785
depression,Logistic Regression,4,89805,0,0.4288462908207124
depression,Logistic Regression,4,89814,0,0.4831543177038905
depression,Logistic Regression,4,89816,0,0.6847149533072561
depression,Logistic Regression,4,89825,0,0.6762484119552131
depression,Logistic Regression,4,89835,0,0.5825752112665257
depression,Logistic Regression,4,89845,0,0.22931498103196082
depression,Logistic Regression,4,89851,0,0.4289675884126576
depression,Logistic Regression,4,89862,0,0.4390580950589344
depression,Logistic Regression,4,89886,0,0.31914870750905355
depression,Logistic Regression,4,89897,0,0.31709038914648524
depression,Logistic Regression,4,89905,0,0.5310134826206586
depression,Logistic Regression,4,89919,0,0.602812353558918
depression,Logistic Regression,4,89934,0,0.5564573040891094
depression,Logistic Regression,4,89935,0,0.6569059577765348
depression,Logistic Regression,4,89955,0,0.4538124215386438
depression,Logistic Regression,4,89962,0,0.3978416003475
depression,Logistic Regression,4,89965,0,0.6037977110418895
depression,Logistic Regression,4,89978,1,0.5700351683274244
depression,Logistic Regression,4,89991,0,0.3602989076168131
depression,Logistic Regression,4,89998,0,0.37382568837541547
depression,Logistic Regression,4,90007,0,0.5396817229328165
depression,Logistic Regression,4,90014,0,0.7125462496650494
depression,Logistic Regression,4,90028,0,0.7138503136039647
depression,Logistic Regression,4,90035,0,0.40437800578783867
depression,Logistic Regression,4,90047,0,0.5402567307448568
depression,Logistic Regression,4,90057,0,0.3546753778152471
depression,Logistic Regression,4,90062,1,0.6442632377215766
depression,Logistic Regression,4,90069,0,0.2780837686078762
depression,Logistic Regression,4,90076,0,0.6589342395438695
depression,Logistic Regression,4,90086,0,0.6008192902538293
depression,Logistic Regression,4,90093,0,0.5916542368751851
depression,Logistic Regression,4,90099,0,0.25392234186963913
depression,Logistic Regression,4,90110,0,0.333678912457934
depression,Logistic Regression,4,90119,0,0.5200799893435928
depression,Logistic Regression,4,90125,0,0.5321465240706588
depression,Logistic Regression,4,90140,0,0.5390833301261253
depression,Logistic Regression,4,90148,0,0.2368647831952366
depression,Logistic Regression,4,90156,1,0.2628079976614175
depression,Logistic Regression,4,90167,0,0.4881831040707737
depression,Logistic Regression,4,90182,0,0.4786081675292208
depression,Logistic Regression,4,90189,0,0.6012761762478955
depression,Logistic Regression,4,90200,0,0.5777037297813504
depression,Logistic Regression,4,90212,0,0.4190035600422374
depression,Logistic Regression,4,90225,0,0.40798989012365955
depression,Logistic Regression,4,90239,0,0.37707007883297244
depression,Logistic Regression,4,90250,0,0.30749580993291625
depression,Logistic Regression,4,90260,0,0.2788939133469158
depression,Logistic Regression,4,90271,0,0.23469774148405026
depression,Logistic Regression,4,90278,0,0.4537910210664164
depression,Logistic Regression,4,90292,0,0.46667639450707116
depression,Logistic Regression,4,90299,0,0.5435074128984355
depression,Logistic Regression,4,90307,0,0.30101381206396405
depression,Logistic Regression,4,90320,1,0.6117897277880214
depression,Logistic Regression,4,90326,0,0.3136083819353762
depression,Logistic Regression,4,90335,0,0.2623822558219841
depression,Logistic Regression,4,90344,0,0.2969575548570103
depression,Logistic Regression,4,90351,0,0.37507836835089114
depression,Logistic Regression,4,90355,0,0.44355037693870836
depression,Logistic Regression,4,90363,0,0.6315151476584251
depression,Logistic Regression,4,90375,0,0.33918822819307337
depression,Logistic Regression,4,90384,0,0.345806194643419
depression,Logistic Regression,4,90397,0,0.33533846257072397
depression,Logistic Regression,4,90410,0,0.2841332618402177
depression,Logistic Regression,4,90421,0,0.4904504990258933
depression,Logistic Regression,4,90436,0,0.3522304436892328
depression,Logistic Regression,4,90447,1,0.7201177860250638
depression,Logistic Regression,4,90458,0,0.6523691305880122
depression,Logistic Regression,4,90466,0,0.2779529058544416
depression,Logistic Regression,4,90480,1,0.5527039957891058
depression,Logistic Regression,4,90484,0,0.19754348494568302
depression,Logistic Regression,4,90497,0,0.44805208504598026
depression,Logistic Regression,4,90504,0,0.6202081833696252
depression,Logistic Regression,4,90517,0,0.5353926554663221
depression,Logistic Regression,4,90523,0,0.42559947776551377
depression,Logistic Regression,4,90531,0,0.5890511468084322
depression,Logistic Regression,4,90539,0,0.5550934244973668
depression,Logistic Regression,4,90547,0,0.716894218061676
depression,Logistic Regression,4,90560,0,0.4819328870931591
depression,Logistic Regression,4,90573,0,0.6289783399596965
depression,Logistic Regression,4,90582,0,0.5230034687511849
depression,Logistic Regression,4,90590,0,0.32412504836431416
depression,Logistic Regression,4,90598,0,0.5037800930801801
depression,Logistic Regression,4,90609,0,0.31170215751386376
depression,Logistic Regression,4,90617,0,0.4749868035445619
depression,Logistic Regression,4,90627,0,0.28779762109980195
depression,Logistic Regression,4,90635,0,0.4426194149343307
depression,Logistic Regression,4,90645,0,0.23642777592637584
depression,Logistic Regression,4,90652,0,0.6467802180995212
depression,Logistic Regression,4,90658,0,0.4667083185861074
depression,Logistic Regression,4,90665,0,0.5060030482783834
depression,Logistic Regression,4,90669,0,0.486240003048526
depression,Logistic Regression,4,90674,0,0.6880248426094695
depression,Logistic Regression,4,90683,0,0.5235199415480478
depression,Logistic Regression,4,90691,0,0.5702813752818081
depression,Logistic Regression,4,90701,0,0.624875029451969
depression,Logistic Regression,4,90713,0,0.38402877882587855
depression,Logistic Regression,4,90721,0,0.42044128801375125
depression,Logistic Regression,4,90739,0,0.5671517786915304
depression,Logistic Regression,4,90747,0,0.40098610399500134
depression,Logistic Regression,4,90764,0,0.5764165379484302
depression,Logistic Regression,4,90775,0,0.6404918679529648
depression,Logistic Regression,4,90794,0,0.5957740873701569
depression,Logistic Regression,4,90795,0,0.5878186681943156
depression,Logistic Regression,4,90805,0,0.32110388918188815
depression,Logistic Regression,4,90814,0,0.31709038914648524
depression,Logistic Regression,4,90831,0,0.4918724139150383
depression,Logistic Regression,4,90843,0,0.5093739379009613
depression,Logistic Regression,4,90849,0,0.25730053526605057
depression,Logistic Regression,4,90859,1,0.6998078065441812
depression,Logistic Regression,4,90872,0,0.5139437078054655
depression,Logistic Regression,4,90883,0,0.6514521979636887
depression,Logistic Regression,4,90890,1,0.4112398691960256
depression,Logistic Regression,4,90896,0,0.5216271591096313
depression,Logistic Regression,4,90906,0,0.454955226124111
depression,Logistic Regression,4,90914,0,0.5276440299000119
depression,Logistic Regression,4,90923,0,0.5151258969664817
depression,Logistic Regression,4,90929,0,0.5521548266219889
depression,Logistic Regression,4,90937,0,0.36779636121281273
depression,Logistic Regression,4,90944,0,0.51310749646944
depression,Logistic Regression,4,90958,0,0.23657338314484389
depression,Logistic Regression,4,90967,0,0.2888151692077457
depression,Logistic Regression,4,90975,0,0.3936727551431754
depression,Logistic Regression,4,90986,0,0.6662853801879174
depression,Logistic Regression,4,90989,0,0.6305716103698652
depression,Logistic Regression,4,90994,0,0.572684953394601
depression,Logistic Regression,4,91013,0,0.40379084820203953
depression,Logistic Regression,4,91025,0,0.4855641677508981
depression,Logistic Regression,4,91037,0,0.24901044765174687
depression,Logistic Regression,4,91043,1,0.5112982653735946
depression,Logistic Regression,4,91052,0,0.396484049022827
depression,Logistic Regression,4,91064,0,0.3373743683382067
depression,Logistic Regression,4,91076,0,0.5341396537995772
depression,Logistic Regression,4,91084,0,0.22296501130371296
depression,Logistic Regression,4,91098,0,0.34217904418868517
depression,Logistic Regression,4,91109,1,0.675594401611382
depression,Logistic Regression,4,91110,0,0.21288562436470454
depression,Logistic Regression,4,91130,0,0.5818592900419025
depression,Logistic Regression,4,91140,0,0.4981224859225424
depression,Logistic Regression,4,91153,0,0.6578580600910067
depression,Logistic Regression,4,91162,0,0.5508281389460612
depression,Logistic Regression,4,91171,0,0.3258854450371188
depression,Logistic Regression,4,91180,0,0.41532587118436926
depression,Logistic Regression,4,91192,0,0.4819219110813884
depression,Logistic Regression,4,91206,0,0.4251606720648505
depression,Logistic Regression,4,91216,0,0.28532472826765054
depression,Logistic Regression,4,91226,0,0.6176510797944709
depression,Logistic Regression,4,91242,0,0.5549115039342045
depression,Logistic Regression,4,91252,0,0.5507923026862285
depression,Logistic Regression,4,91264,0,0.5147108045269787
depression,Logistic Regression,4,91274,0,0.48152702003388403
depression,Logistic Regression,4,91284,0,0.34660185277001027
depression,Logistic Regression,4,91291,0,0.6217566157907872
depression,Logistic Regression,4,91299,0,0.4813820744779769
depression,Logistic Regression,4,91309,0,0.6088544739295993
depression,Logistic Regression,4,91321,0,0.49469497019469993
depression,Logistic Regression,4,91326,0,0.6015859233892243
depression,Logistic Regression,4,91341,0,0.32810184202725445
depression,Logistic Regression,4,91350,0,0.5449790860717384
depression,Logistic Regression,4,91356,0,0.7043541115753168
depression,Logistic Regression,4,91363,0,0.636387723842719
depression,Logistic Regression,4,91368,0,0.5159065063328567
depression,Logistic Regression,4,91385,0,0.2352118619220912
depression,Logistic Regression,4,91396,0,0.3686030130011079
depression,Logistic Regression,4,91404,0,0.262481010008338
depression,Logistic Regression,4,91416,1,0.7164151443251763
depression,Logistic Regression,4,91425,0,0.5487887462180943
depression,Logistic Regression,4,91436,0,0.6952271821789308
depression,Logistic Regression,4,91443,0,0.4893920714772379
depression,Logistic Regression,4,91451,0,0.5808024635203906
depression,Logistic Regression,4,91468,0,0.4910571726186615
depression,Logistic Regression,4,91477,0,0.5777558974195149
depression,Logistic Regression,4,91484,0,0.2323719491035851
depression,Logistic Regression,4,91491,0,0.3324875362847242
depression,Logistic Regression,4,91503,0,0.3523735165026715
depression,Logistic Regression,4,91513,0,0.5706149106209354
depression,Logistic Regression,4,91515,0,0.5070851161780955
depression,Logistic Regression,4,91530,0,0.41544074076061926
depression,Logistic Regression,4,91537,0,0.6053195676998034
depression,Logistic Regression,4,91551,0,0.33119538738466425
depression,Logistic Regression,4,91558,0,0.4387340604098136
depression,Logistic Regression,4,91573,0,0.6509097634533573
depression,Logistic Regression,4,91585,1,0.3517468759102734
depression,Logistic Regression,4,91597,0,0.2843391531850267
depression,Logistic Regression,4,91606,0,0.6599414028790184
depression,Logistic Regression,4,91617,0,0.5230229675027814
depression,Logistic Regression,4,91624,0,0.6337481477483442
depression,Logistic Regression,4,91627,0,0.3355740437805062
depression,Logistic Regression,4,91634,0,0.5562296256787146
depression,Logistic Regression,4,91643,0,0.29028324103744024
depression,Logistic Regression,4,91663,1,0.6033410508493562
depression,Logistic Regression,4,91671,0,0.28127138550206676
depression,Logistic Regression,4,91675,0,0.6361890338181839
depression,Logistic Regression,4,91692,0,0.24358249418032696
depression,Logistic Regression,4,91704,0,0.2087353441007103
depression,Logistic Regression,4,91713,0,0.40834917408715854
depression,Logistic Regression,4,91722,0,0.5756777358054692
depression,Logistic Regression,4,91729,0,0.23094062386701547
depression,Logistic Regression,4,91734,0,0.5090398642650772
depression,Logistic Regression,4,91743,0,0.2801638534861676
depression,Logistic Regression,4,91753,0,0.6208528200344964
depression,Logistic Regression,4,91755,0,0.5386525858844666
depression,Logistic Regression,4,91769,1,0.399709264933515
depression,Logistic Regression,4,91783,0,0.4132378195704343
depression,Logistic Regression,4,91791,0,0.30670723973560815
depression,Logistic Regression,4,91801,0,0.6229966999720283
depression,Logistic Regression,4,91808,0,0.5373481044984354
depression,Logistic Regression,4,91815,0,0.5686624151145573
depression,Logistic Regression,4,91821,0,0.5163990028381563
depression,Logistic Regression,4,91833,0,0.2941824719366303
depression,Logistic Regression,4,91839,0,0.5309078824948679
depression,Logistic Regression,4,91849,0,0.4322668730854174
depression,Logistic Regression,4,91858,0,0.6634525327309183
depression,Logistic Regression,4,91867,0,0.5345623835451855
depression,Logistic Regression,4,91880,0,0.28051853732266063
depression,Logistic Regression,4,91889,0,0.539944739700988
depression,Logistic Regression,4,91898,0,0.38282714824302905
depression,Logistic Regression,4,91907,0,0.21675409219699246
depression,Logistic Regression,4,91919,0,0.36615988365289603
depression,Logistic Regression,4,91928,0,0.6656508064264799
depression,Logistic Regression,4,91938,0,0.6966612615951748
depression,Logistic Regression,4,91952,0,0.5622342121097876
depression,Logistic Regression,4,91965,0,0.5519029521937662
depression,Logistic Regression,4,91974,0,0.49507684866822654
depression,Logistic Regression,4,91979,0,0.5812098723583677
depression,Logistic Regression,4,91991,0,0.2799873132472551
depression,Logistic Regression,4,91999,0,0.3089408271459906
depression,Logistic Regression,4,92007,0,0.6241547275534507
depression,Logistic Regression,4,92024,0,0.6255628593839364
depression,Logistic Regression,4,92037,0,0.3539620820234021
depression,Logistic Regression,4,92045,0,0.282184470370544
depression,Logistic Regression,4,92052,0,0.5492713210462731
depression,Logistic Regression,4,92066,0,0.6496389225822661
depression,Logistic Regression,4,92076,0,0.5383265512599308
depression,Logistic Regression,4,92088,0,0.21771393307383993
depression,Logistic Regression,4,92098,0,0.5529653923102406
depression,Logistic Regression,4,92099,0,0.25998766312191046
depression,Logistic Regression,4,92112,0,0.2341064815685481
depression,Logistic Regression,4,92122,0,0.5185782979275463
depression,Logistic Regression,4,92129,0,0.4182608607281762
depression,Logistic Regression,4,92135,0,0.4881558972163796
depression,Logistic Regression,4,92146,0,0.4404673229837273
depression,Logistic Regression,4,92151,1,0.4142680131421668
depression,Logistic Regression,4,92166,0,0.49548205535686696
depression,Logistic Regression,4,92184,0,0.6288056030343729
depression,Logistic Regression,4,92194,0,0.52176222609408
depression,Logistic Regression,4,92203,0,0.7424965639582689
depression,Logistic Regression,4,92216,0,0.4401767629386183
depression,Logistic Regression,4,92225,0,0.49748672598792837
depression,Logistic Regression,4,92238,0,0.5840820299516907
depression,Logistic Regression,4,92245,0,0.4159771083251533
depression,Logistic Regression,4,92251,0,0.4053237994737304
depression,Logistic Regression,4,92258,0,0.5770117581563573
depression,Logistic Regression,4,92274,0,0.23541025852096897
depression,Logistic Regression,4,92286,0,0.5654234654673759
depression,Logistic Regression,4,92297,0,0.4753721759396596
depression,Logistic Regression,4,92309,0,0.6686539248457101
depression,Logistic Regression,4,92325,0,0.23094062386701547
depression,Logistic Regression,4,92338,1,0.5607943977821864
depression,Logistic Regression,4,92351,0,0.3393601846693623
depression,Logistic Regression,4,92361,0,0.36908808831059303
depression,Logistic Regression,4,92368,0,0.5584479492822588
depression,Logistic Regression,4,92376,0,0.47101183460443885
depression,Logistic Regression,4,92390,0,0.5236201521080056
depression,Logistic Regression,4,92400,0,0.5424201282307475
depression,Logistic Regression,4,92408,0,0.5010799926109463
depression,Logistic Regression,4,92416,0,0.43659080885231166
depression,Logistic Regression,4,92423,1,0.6601052349713378
depression,Logistic Regression,4,92433,0,0.5890306982058315
depression,Logistic Regression,4,92440,0,0.5533693817212023
depression,Logistic Regression,4,92454,0,0.4752540528581659
depression,Logistic Regression,4,92465,0,0.4714008886781652
depression,Logistic Regression,4,92473,0,0.21362190742824685
depression,Logistic Regression,4,92494,0,0.6976684071780126
depression,Logistic Regression,4,92499,0,0.31952361573518934
depression,Logistic Regression,4,92508,0,0.21308055782532512
depression,Logistic Regression,4,92521,0,0.595105299920184
depression,Logistic Regression,4,92529,0,0.5453019363246466
depression,Logistic Regression,4,92536,0,0.5380927003862116
depression,Logistic Regression,4,92544,0,0.45020683710141407
depression,Logistic Regression,4,92554,0,0.2806813169378512
depression,Logistic Regression,4,92561,0,0.5918190717633681
depression,Logistic Regression,4,92568,0,0.5081567660468084
depression,Logistic Regression,4,92584,0,0.35217691758435027
depression,Logistic Regression,4,92593,0,0.312048272194399
depression,Logistic Regression,4,92603,0,0.47249674717889845
depression,Logistic Regression,4,92610,0,0.23999512160526057
depression,Logistic Regression,4,92620,0,0.5251366446434825
depression,Logistic Regression,4,92624,0,0.691284449329833
depression,Logistic Regression,4,92636,0,0.6259034357579739
depression,Logistic Regression,4,92648,0,0.5214700360177581
depression,Logistic Regression,4,92659,0,0.39617845474331415
depression,Logistic Regression,4,92668,0,0.5396412293325952
depression,Logistic Regression,4,92677,0,0.49719384175658277
depression,Logistic Regression,4,92689,0,0.3231372521793149
depression,Logistic Regression,4,92699,1,0.3857543408226065
depression,Logistic Regression,4,92706,0,0.6609924542102243
depression,Logistic Regression,4,92720,0,0.26378926846574674
depression,Logistic Regression,4,92726,0,0.3447656446690893
depression,Logistic Regression,4,92742,0,0.6437246090497607
depression,Logistic Regression,4,92750,0,0.6289426242632363
depression,Logistic Regression,4,92761,0,0.30773700784141694
depression,Logistic Regression,4,92773,0,0.6077021295458979
depression,Logistic Regression,4,92779,0,0.6240868702476217
depression,Logistic Regression,4,92789,1,0.4797335430471207
depression,Logistic Regression,4,92802,0,0.30980229015415495
depression,Logistic Regression,4,92817,0,0.7164490984094696
depression,Logistic Regression,4,92824,0,0.6458152319979764
depression,Logistic Regression,4,92831,0,0.6334764138081226
depression,Logistic Regression,4,92841,0,0.494728821384981
depression,Logistic Regression,4,92851,0,0.5749484525902379
depression,Logistic Regression,4,92861,0,0.5884837429890607
depression,Logistic Regression,4,92872,0,0.6255099274422122
depression,Logistic Regression,4,92882,0,0.26687188167699577
depression,Logistic Regression,4,92890,0,0.39695443958390236
depression,Logistic Regression,4,92898,0,0.42531691214312295
depression,Logistic Regression,4,92904,0,0.6565611526806151
depression,Logistic Regression,4,92911,0,0.32868281882225936
depression,Logistic Regression,4,92921,0,0.5746628913639202
depression,Logistic Regression,4,92929,0,0.27970550383215453
depression,Logistic Regression,4,92939,0,0.5835553715041814
depression,Logistic Regression,4,92951,0,0.4358138467954111
depression,Logistic Regression,4,92959,0,0.47265577587856
depression,Logistic Regression,4,92969,0,0.6153928500102473
depression,Logistic Regression,4,92978,0,0.21812623136510645
depression,Logistic Regression,4,92987,0,0.3389649682900743
depression,Logistic Regression,4,92993,0,0.26439828784473585
depression,Logistic Regression,4,93001,0,0.5494894889734708
depression,Logistic Regression,4,93007,0,0.4962662499200669
depression,Logistic Regression,4,93015,0,0.31239459676887427
depression,Logistic Regression,4,93017,0,0.5936726016720058
depression,Logistic Regression,4,93030,0,0.3061025175636376
depression,Logistic Regression,4,93044,0,0.33827529922462274
depression,Logistic Regression,4,93051,0,0.44675447352746356
depression,Logistic Regression,4,93063,0,0.43172738099129554
depression,Logistic Regression,4,93073,0,0.5355335661701157
depression,Logistic Regression,4,93081,0,0.47333906282534427
depression,Logistic Regression,4,93088,0,0.25148850602433326
depression,Logistic Regression,4,93098,1,0.4803665945071087
depression,Logistic Regression,4,93107,0,0.5616511294712969
depression,Logistic Regression,4,93116,0,0.4872210116554173
depression,Logistic Regression,4,93130,0,0.4650703733699115
depression,Logistic Regression,4,93143,0,0.36267399101729975
depression,Logistic Regression,4,93154,0,0.6745031092044546
depression,Logistic Regression,4,93171,0,0.33999952074384326
depression,Logistic Regression,4,93178,0,0.43989223101961616
depression,Logistic Regression,4,93189,0,0.6283191249808122
depression,Logistic Regression,4,93201,0,0.4922727117922989
depression,Logistic Regression,4,93208,0,0.6212231369053903
depression,Logistic Regression,4,93217,0,0.34724630123135164
depression,Logistic Regression,4,93223,0,0.5234704951947128
depression,Logistic Regression,4,93241,1,0.5201081191396432
depression,Logistic Regression,4,93256,0,0.5844765079885405
depression,Logistic Regression,4,93260,0,0.5047722995919703
depression,Logistic Regression,4,93270,0,0.5324189758783977
depression,Logistic Regression,4,93275,0,0.3696537905134764
depression,Logistic Regression,4,93284,0,0.463292072923393
depression,Logistic Regression,4,93294,0,0.6766880159529789
depression,Logistic Regression,4,93306,0,0.384329126589959
depression,Logistic Regression,4,93312,0,0.35596839578478523
depression,Logistic Regression,4,93326,0,0.4812207411408905
depression,Logistic Regression,4,93333,0,0.35553552600178856
depression,Logistic Regression,4,93342,0,0.4815666982019979
depression,Logistic Regression,4,93351,0,0.3465660401443367
depression,Logistic Regression,4,93363,0,0.22177576244691924
depression,Logistic Regression,4,93368,0,0.5897433338546183
depression,Logistic Regression,4,93375,1,0.6554743791442237
depression,Logistic Regression,4,93392,0,0.6405149532509842
depression,Logistic Regression,4,93413,0,0.4474707357126658
depression,Logistic Regression,4,93421,0,0.7388799447916939
depression,Logistic Regression,4,93435,0,0.21909044878050019
depression,Logistic Regression,4,93438,0,0.669793831416066
depression,Logistic Regression,4,93451,0,0.5617321213129233
depression,Logistic Regression,4,93457,0,0.5899734593896261
depression,Logistic Regression,4,93469,0,0.5247641420883349
depression,Logistic Regression,4,93485,0,0.28133301104424746
depression,Logistic Regression,4,93490,0,0.6468597971276394
depression,Logistic Regression,4,93499,0,0.4143476494730689
depression,Logistic Regression,4,93508,0,0.28928747117115644
depression,Logistic Regression,4,93524,0,0.4706842310964358
depression,Logistic Regression,4,93533,0,0.5341309043067304
depression,Logistic Regression,4,93547,0,0.3846118845493498
depression,Logistic Regression,4,93556,0,0.6449101555590248
depression,Logistic Regression,4,93564,0,0.3168027147132833
depression,Logistic Regression,4,93572,0,0.42735193955514583
depression,Logistic Regression,4,93582,0,0.507026823872619
depression,Logistic Regression,4,93593,0,0.5349991954542288
depression,Logistic Regression,4,93607,0,0.24354284101706752
depression,Logistic Regression,4,93612,0,0.3416673935932694
depression,Logistic Regression,4,93618,0,0.4617600758466216
depression,Logistic Regression,4,93625,0,0.5643378945362768
depression,Logistic Regression,4,93638,0,0.4839047579276799
depression,Logistic Regression,4,93645,0,0.44201343727317965
depression,Logistic Regression,4,93656,0,0.47721786193762705
depression,Logistic Regression,4,93668,1,0.7395296894567248
depression,Logistic Regression,4,93676,0,0.43515391558504246
depression,Logistic Regression,4,93689,0,0.7014031789392488
depression,Logistic Regression,4,93702,0,0.3814262234713699
depression,RBF SVM,4,83732,0,0.2779562788245716
depression,RBF SVM,4,83744,0,0.5614100404036938
depression,RBF SVM,4,83755,0,0.24946866004142088
depression,RBF SVM,4,83769,0,0.33427610423786946
depression,RBF SVM,4,83784,0,0.27669137806698446
depression,RBF SVM,4,83790,0,0.8156674723331895
depression,RBF SVM,4,83813,0,0.2533064399666823
depression,RBF SVM,4,83821,0,0.7607601593279387
depression,RBF SVM,4,83832,0,0.5545730117501749
depression,RBF SVM,4,83844,0,0.22733549668358385
depression,RBF SVM,4,83854,0,0.27600889103312637
depression,RBF SVM,4,83865,0,0.7679268377100367
depression,RBF SVM,4,83872,0,0.39655924667425135
depression,RBF SVM,4,83884,0,0.6984792750221432
depression,RBF SVM,4,83890,0,0.5355578822892262
depression,RBF SVM,4,83898,0,0.333826004426511
depression,RBF SVM,4,83908,0,0.5153364951119156
depression,RBF SVM,4,83915,0,0.3598559738905711
depression,RBF SVM,4,83926,0,0.3077239096759805
depression,RBF SVM,4,83933,0,0.7825839047874336
depression,RBF SVM,4,83937,0,0.0925548187784542
depression,RBF SVM,4,83949,0,0.4694517308203873
depression,RBF SVM,4,83955,0,0.2423714926349397
depression,RBF SVM,4,83963,0,0.45840381233830196
depression,RBF SVM,4,83969,0,0.5647056745212442
depression,RBF SVM,4,83982,0,0.25546375821033535
depression,RBF SVM,4,83990,0,0.7798613225350166
depression,RBF SVM,4,83998,0,0.3023659648016023
depression,RBF SVM,4,84008,0,0.0800846194612628
depression,RBF SVM,4,84016,0,0.18449977912438664
depression,RBF SVM,4,84023,0,0.5703091959144925
depression,RBF SVM,4,84030,0,0.2142086971247841
depression,RBF SVM,4,84038,0,0.3264880187811482
depression,RBF SVM,4,84047,0,0.293205526138944
depression,RBF SVM,4,84061,0,0.5010648560437622
depression,RBF SVM,4,84070,0,0.2631879543875322
depression,RBF SVM,4,84086,0,0.2254859024277691
depression,RBF SVM,4,84094,0,0.25620698208986964
depression,RBF SVM,4,84107,0,0.5784807455827273
depression,RBF SVM,4,84114,0,0.6821400742702621
depression,RBF SVM,4,84121,0,0.2715169975577824
depression,RBF SVM,4,84130,0,0.48875694848827106
depression,RBF SVM,4,84139,0,0.6986538813630471
depression,RBF SVM,4,84165,0,0.3058295579758714
depression,RBF SVM,4,84170,0,0.27065420168018217
depression,RBF SVM,4,84177,0,0.6972410881524544
depression,RBF SVM,4,84188,1,0.7289505363465049
depression,RBF SVM,4,84196,0,0.43281416103894477
depression,RBF SVM,4,84205,0,0.5249592957935275
depression,RBF SVM,4,84222,1,0.3033946966672033
depression,RBF SVM,4,84229,1,0.6567139620587052
depression,RBF SVM,4,84234,0,0.6234339640893654
depression,RBF SVM,4,84246,0,0.23906377610023033
depression,RBF SVM,4,84264,0,0.28814562643130615
depression,RBF SVM,4,84279,0,0.5096357234766183
depression,RBF SVM,4,84290,0,0.24155602421608025
depression,RBF SVM,4,84294,0,0.5062150554550077
depression,RBF SVM,4,84305,0,0.595343131668342
depression,RBF SVM,4,84318,0,0.7724931623015117
depression,RBF SVM,4,84323,0,0.30818692598296893
depression,RBF SVM,4,84349,0,0.5786148937519406
depression,RBF SVM,4,84360,0,0.2412513508104275
depression,RBF SVM,4,84374,0,0.28689622656587904
depression,RBF SVM,4,84379,0,0.2606426305822333
depression,RBF SVM,4,84388,0,0.506770775803441
depression,RBF SVM,4,84393,0,0.24432713967263553
depression,RBF SVM,4,84400,0,0.7239060393715209
depression,RBF SVM,4,84405,0,0.27241575830044096
depression,RBF SVM,4,84417,0,0.20593530383790168
depression,RBF SVM,4,84425,1,0.7826176322771807
depression,RBF SVM,4,84433,0,0.28523126114405345
depression,RBF SVM,4,84447,0,0.2610752799877091
depression,RBF SVM,4,84456,0,0.16010287633615936
depression,RBF SVM,4,84464,0,0.24156081470660853
depression,RBF SVM,4,84473,0,0.5559417719136703
depression,RBF SVM,4,84481,0,0.6785214085632489
depression,RBF SVM,4,84494,0,0.6803723192234298
depression,RBF SVM,4,84500,0,0.28816621284681276
depression,RBF SVM,4,84513,0,0.2903528867427193
depression,RBF SVM,4,84535,0,0.7095412751570482
depression,RBF SVM,4,84537,0,0.21426962511873313
depression,RBF SVM,4,84550,0,0.42787626665985107
depression,RBF SVM,4,84552,0,0.7621319144315032
depression,RBF SVM,4,84568,0,0.2651041782495241
depression,RBF SVM,4,84580,0,0.28852454752920614
depression,RBF SVM,4,84586,0,0.26441833910312806
depression,RBF SVM,4,84588,0,0.33445357682380417
depression,RBF SVM,4,84596,0,0.3593687996658137
depression,RBF SVM,4,84607,0,0.361391796043524
depression,RBF SVM,4,84618,0,0.6253991292978115
depression,RBF SVM,4,84622,0,0.6786768574689087
depression,RBF SVM,4,84637,0,0.2531307593840884
depression,RBF SVM,4,84650,0,0.2608447442511156
depression,RBF SVM,4,84657,0,0.3610929200276693
depression,RBF SVM,4,84662,0,0.6996897294820595
depression,RBF SVM,4,84672,0,0.5379887293008049
depression,RBF SVM,4,84680,0,0.26643945865339164
depression,RBF SVM,4,84694,0,0.26914871778063265
depression,RBF SVM,4,84698,0,0.7652348791694682
depression,RBF SVM,4,84712,0,0.7347221975633154
depression,RBF SVM,4,84720,1,0.7314342867324725
depression,RBF SVM,4,84735,0,0.4351433967485759
depression,RBF SVM,4,84742,0,0.45175929263513576
depression,RBF SVM,4,84748,0,0.2635418215114873
depression,RBF SVM,4,84760,0,0.7124736097949649
depression,RBF SVM,4,84767,0,0.30178581187140324
depression,RBF SVM,4,84775,0,0.24233414173421877
depression,RBF SVM,4,84783,0,0.7309484683019706
depression,RBF SVM,4,84787,0,0.35265457046942306
depression,RBF SVM,4,84790,0,0.3423631261972328
depression,RBF SVM,4,84803,0,0.44283528339923955
depression,RBF SVM,4,84806,0,0.39586812254036413
depression,RBF SVM,4,84818,0,0.5827483599354034
depression,RBF SVM,4,84829,0,0.27832375303168894
depression,RBF SVM,4,84835,0,0.6199596238569327
depression,RBF SVM,4,84846,0,0.2768470942804743
depression,RBF SVM,4,84862,0,0.48889597391534395
depression,RBF SVM,4,84869,0,0.32072889568386437
depression,RBF SVM,4,84880,0,0.2409123651048821
depression,RBF SVM,4,84894,0,0.25620698208986964
depression,RBF SVM,4,84901,1,0.8001603958654521
depression,RBF SVM,4,84910,0,0.7031147123534681
depression,RBF SVM,4,84916,0,0.7467018364046301
depression,RBF SVM,4,84923,0,0.4719006209165018
depression,RBF SVM,4,84930,0,0.33455633247697597
depression,RBF SVM,4,84935,0,0.255005599808254
depression,RBF SVM,4,84946,0,0.7492806461244689
depression,RBF SVM,4,84952,0,0.07255921307782118
depression,RBF SVM,4,84966,0,0.24334211497865427
depression,RBF SVM,4,84976,0,0.615649722274862
depression,RBF SVM,4,84988,0,0.6371036582798216
depression,RBF SVM,4,84995,0,0.7275021001606833
depression,RBF SVM,4,85007,1,0.4975099018521449
depression,RBF SVM,4,85009,0,0.5776822414842826
depression,RBF SVM,4,85034,0,0.6986373241986502
depression,RBF SVM,4,85041,0,0.7158458292508039
depression,RBF SVM,4,85051,0,0.5488178917609411
depression,RBF SVM,4,85057,0,0.2933261451257076
depression,RBF SVM,4,85064,0,0.6168570694057952
depression,RBF SVM,4,85074,0,0.18856093182433342
depression,RBF SVM,4,85092,0,0.27982652709142253
depression,RBF SVM,4,85104,1,0.4548775385343477
depression,RBF SVM,4,85113,0,0.38890619472207316
depression,RBF SVM,4,85120,0,0.6940841555496096
depression,RBF SVM,4,85132,0,0.22980199596478
depression,RBF SVM,4,85147,0,0.5881834667953547
depression,RBF SVM,4,85156,0,0.3156663841278157
depression,RBF SVM,4,85158,0,0.1346862583745706
depression,RBF SVM,4,85169,0,0.46904523088498834
depression,RBF SVM,4,85179,1,0.47506623293335304
depression,RBF SVM,4,85192,0,0.8346096608063398
depression,RBF SVM,4,85202,0,0.512049103611201
depression,RBF SVM,4,85212,0,0.2399440819338646
depression,RBF SVM,4,85217,0,0.25780939324196506
depression,RBF SVM,4,85228,0,0.28402330283569033
depression,RBF SVM,4,85233,0,0.7508439441661815
depression,RBF SVM,4,85241,0,0.2872514063192756
depression,RBF SVM,4,85249,0,0.14600527618024947
depression,RBF SVM,4,85257,1,0.3964351389635438
depression,RBF SVM,4,85266,0,0.2869214170530534
depression,RBF SVM,4,85278,0,0.21888245846872037
depression,RBF SVM,4,85285,0,0.6979537474595038
depression,RBF SVM,4,85292,0,0.2631997570688117
depression,RBF SVM,4,85299,0,0.28277914974250745
depression,RBF SVM,4,85314,0,0.4042666547056472
depression,RBF SVM,4,85320,0,0.26575342443377165
depression,RBF SVM,4,85334,0,0.27183259090808165
depression,RBF SVM,4,85341,0,0.4802052037548794
depression,RBF SVM,4,85348,0,0.48977322108727206
depression,RBF SVM,4,85356,0,0.25051858372795405
depression,RBF SVM,4,85367,0,0.26025337381196334
depression,RBF SVM,4,85370,1,0.5794891084426257
depression,RBF SVM,4,85381,0,0.47067669468801343
depression,RBF SVM,4,85392,0,0.28311117361556976
depression,RBF SVM,4,85398,0,0.21474615546939738
depression,RBF SVM,4,85406,0,0.4739749614400244
depression,RBF SVM,4,85419,0,0.40467186666950594
depression,RBF SVM,4,85426,1,0.2169658421419829
depression,RBF SVM,4,85437,0,0.6837365462903204
depression,RBF SVM,4,85445,1,0.7250700222710406
depression,RBF SVM,4,85453,0,0.7617784409442662
depression,RBF SVM,4,85467,0,0.6621100060274933
depression,RBF SVM,4,85480,0,0.36208133921056623
depression,RBF SVM,4,85487,0,0.5491926278329058
depression,RBF SVM,4,85496,0,0.2503877263904777
depression,RBF SVM,4,85508,1,0.7523241226278861
depression,RBF SVM,4,85518,0,0.26778024460207167
depression,RBF SVM,4,85521,0,0.6551098996253485
depression,RBF SVM,4,85536,1,0.7225773367482167
depression,RBF SVM,4,85542,0,0.23016589603237772
depression,RBF SVM,4,85551,0,0.26893460859675744
depression,RBF SVM,4,85563,0,0.27467212262351715
depression,RBF SVM,4,85566,0,0.6922461346907333
depression,RBF SVM,4,85577,0,0.5244077856629498
depression,RBF SVM,4,85586,0,0.821308500584165
depression,RBF SVM,4,85597,0,0.7372749553694875
depression,RBF SVM,4,85614,0,0.7149225303901765
depression,RBF SVM,4,85628,0,0.22447757882324998
depression,RBF SVM,4,85635,0,0.29209834264387535
depression,RBF SVM,4,85649,1,0.7596297918497514
depression,RBF SVM,4,85660,0,0.26879590560321964
depression,RBF SVM,4,85667,0,0.25017100918619495
depression,RBF SVM,4,85674,0,0.2451397496767571
depression,RBF SVM,4,85682,0,0.501366136123108
depression,RBF SVM,4,85697,0,0.7300798821048816
depression,RBF SVM,4,85704,0,0.27037127019013835
depression,RBF SVM,4,85715,0,0.6419024489495504
depression,RBF SVM,4,85726,0,0.6163897209966523
depression,RBF SVM,4,85733,0,0.6641043138396557
depression,RBF SVM,4,85740,0,0.7789954069057823
depression,RBF SVM,4,85753,0,0.4750575909221495
depression,RBF SVM,4,85766,0,0.19631413608903966
depression,RBF SVM,4,85776,0,0.2887120889676884
depression,RBF SVM,4,85782,1,0.7334067675965912
depression,RBF SVM,4,85789,0,0.6421455664105882
depression,RBF SVM,4,85797,0,0.2691550328343712
depression,RBF SVM,4,85803,0,0.33129024452204126
depression,RBF SVM,4,85811,0,0.5361101229303488
depression,RBF SVM,4,85820,0,0.6465709195998248
depression,RBF SVM,4,85828,0,0.2790115571025611
depression,RBF SVM,4,85837,1,0.7498193172040952
depression,RBF SVM,4,85851,0,0.518739560212111
depression,RBF SVM,4,85859,0,0.42136502115432256
depression,RBF SVM,4,85867,0,0.6367946448475386
depression,RBF SVM,4,85876,0,0.25463241742916687
depression,RBF SVM,4,85879,0,0.7140373286027799
depression,RBF SVM,4,85893,0,0.268123416140653
depression,RBF SVM,4,85901,0,0.3571442630690709
depression,RBF SVM,4,85912,1,0.593751737714651
depression,RBF SVM,4,85928,0,0.29169904311264555
depression,RBF SVM,4,85939,0,0.26532504404977664
depression,RBF SVM,4,85946,0,0.270927117688861
depression,RBF SVM,4,85957,1,0.6005927136086541
depression,RBF SVM,4,85962,0,0.2684107363564351
depression,RBF SVM,4,85968,0,0.42360624388189655
depression,RBF SVM,4,85981,0,0.3473066523487677
depression,RBF SVM,4,85992,0,0.48571886222588706
depression,RBF SVM,4,86000,0,0.5406951952397064
depression,RBF SVM,4,86010,0,0.5689719943261545
depression,RBF SVM,4,86019,0,0.25274360260864254
depression,RBF SVM,4,86028,0,0.5122235128669123
depression,RBF SVM,4,86034,0,0.2683792827001614
depression,RBF SVM,4,86040,1,0.28197785542436643
depression,RBF SVM,4,86052,0,0.6648042811021876
depression,RBF SVM,4,86057,0,0.26828984100050784
depression,RBF SVM,4,86062,0,0.23887282323647993
depression,RBF SVM,4,86063,1,0.7050610629142317
depression,RBF SVM,4,86077,0,0.3265182480286656
depression,RBF SVM,4,86087,0,0.551427250899942
depression,RBF SVM,4,86094,0,0.23748615073746795
depression,RBF SVM,4,86100,0,0.3386446893119653
depression,RBF SVM,4,86110,0,0.654622107658056
depression,RBF SVM,4,86129,0,0.6661542216737688
depression,RBF SVM,4,86143,0,0.24421327870496312
depression,RBF SVM,4,86146,0,0.24973561803249003
depression,RBF SVM,4,86155,0,0.5468625077217275
depression,RBF SVM,4,86160,0,0.27330542034089805
depression,RBF SVM,4,86169,0,0.2213290614822642
depression,RBF SVM,4,86178,1,0.8172324239528659
depression,RBF SVM,4,86188,0,0.22250355835401964
depression,RBF SVM,4,86195,0,0.7750246766526168
depression,RBF SVM,4,86205,0,0.27702136773317576
depression,RBF SVM,4,86212,0,0.5622368929429211
depression,RBF SVM,4,86221,0,0.7330479080190787
depression,RBF SVM,4,86236,0,0.22860988137532687
depression,RBF SVM,4,86242,0,0.7975580243188636
depression,RBF SVM,4,86247,0,0.5505296206220343
depression,RBF SVM,4,86260,0,0.6998397343090206
depression,RBF SVM,4,86275,0,0.3284218735831139
depression,RBF SVM,4,86281,0,0.2700994522726711
depression,RBF SVM,4,86287,0,0.6220245989775629
depression,RBF SVM,4,86298,0,0.2920568185348417
depression,RBF SVM,4,86311,0,0.39971613353970076
depression,RBF SVM,4,86322,0,0.6590293323560352
depression,RBF SVM,4,86323,0,0.4590462910390089
depression,RBF SVM,4,86335,1,0.43350111803395835
depression,RBF SVM,4,86348,0,0.26900463293467947
depression,RBF SVM,4,86354,0,0.26778953007602224
depression,RBF SVM,4,86361,0,0.3241665428330833
depression,RBF SVM,4,86367,0,0.5256458814717303
depression,RBF SVM,4,86383,0,0.2583877744127471
depression,RBF SVM,4,86396,0,0.21931679272438212
depression,RBF SVM,4,86404,0,0.3913460811885706
depression,RBF SVM,4,86417,0,0.6322304656327745
depression,RBF SVM,4,86430,0,0.24815860791932043
depression,RBF SVM,4,86439,0,0.32590884792946195
depression,RBF SVM,4,86450,0,0.6447315760808648
depression,RBF SVM,4,86458,0,0.26815797972602057
depression,RBF SVM,4,86472,0,0.28781971385592253
depression,RBF SVM,4,86480,0,0.3989401943196567
depression,RBF SVM,4,86483,0,0.3730970135377223
depression,RBF SVM,4,86498,0,0.18950579108744223
depression,RBF SVM,4,86512,0,0.27981141653847535
depression,RBF SVM,4,86518,0,0.2991036352816058
depression,RBF SVM,4,86524,0,0.2630217920266085
depression,RBF SVM,4,86528,0,0.3971931829883314
depression,RBF SVM,4,86539,0,0.30973013505227426
depression,RBF SVM,4,86551,1,0.5396498690922722
depression,RBF SVM,4,86558,0,0.7122892077227251
depression,RBF SVM,4,86567,1,0.5346524554213004
depression,RBF SVM,4,86575,0,0.4661852539665812
depression,RBF SVM,4,86581,0,0.2738232083595212
depression,RBF SVM,4,86591,1,0.7218247608921285
depression,RBF SVM,4,86601,0,0.35526616455946813
depression,RBF SVM,4,86611,0,0.7222811489585448
depression,RBF SVM,4,86621,0,0.7813537357884702
depression,RBF SVM,4,86633,0,0.5420837609721139
depression,RBF SVM,4,86639,0,0.5951936484744152
depression,RBF SVM,4,86652,0,0.2863311017937939
depression,RBF SVM,4,86662,0,0.34618613920150965
depression,RBF SVM,4,86668,0,0.39509194202923603
depression,RBF SVM,4,86675,0,0.6807795519121038
depression,RBF SVM,4,86685,0,0.39765925915607475
depression,RBF SVM,4,86687,0,0.1565066344681321
depression,RBF SVM,4,86710,0,0.273660070743759
depression,RBF SVM,4,86717,0,0.7218422123704749
depression,RBF SVM,4,86720,0,0.18039383806212597
depression,RBF SVM,4,86732,0,0.7891689476025563
depression,RBF SVM,4,86741,0,0.3465866071044183
depression,RBF SVM,4,86748,0,0.7445725188204324
depression,RBF SVM,4,86759,0,0.09029953658675512
depression,RBF SVM,4,86772,0,0.2426280500342916
depression,RBF SVM,4,86781,0,0.37847309241229815
depression,RBF SVM,4,86795,0,0.7863932474647658
depression,RBF SVM,4,86805,0,0.7071226191058542
depression,RBF SVM,4,86810,0,0.5633058626297871
depression,RBF SVM,4,86824,0,0.2565095097666025
depression,RBF SVM,4,86833,0,0.30803437197714817
depression,RBF SVM,4,86848,0,0.6409817440247624
depression,RBF SVM,4,86864,0,0.47533677385019574
depression,RBF SVM,4,86875,0,0.5839686253660897
depression,RBF SVM,4,86885,0,0.48406372312600204
depression,RBF SVM,4,86894,0,0.2556778826664092
depression,RBF SVM,4,86906,0,0.5180943741308008
depression,RBF SVM,4,86913,0,0.22028413132187424
depression,RBF SVM,4,86932,0,0.3265879154157128
depression,RBF SVM,4,86940,0,0.2623199627462473
depression,RBF SVM,4,86955,0,0.24315315089196188
depression,RBF SVM,4,86967,0,0.0963056675858764
depression,RBF SVM,4,86972,0,0.2675646584679494
depression,RBF SVM,4,86982,0,0.23588728082254112
depression,RBF SVM,4,86990,0,0.3085827297129672
depression,RBF SVM,4,86998,0,0.24677527531301655
depression,RBF SVM,4,87004,0,0.4031395254598836
depression,RBF SVM,4,87014,0,0.5890009308454053
depression,RBF SVM,4,87028,1,0.5084463007980107
depression,RBF SVM,4,87044,1,0.5458081426115048
depression,RBF SVM,4,87051,0,0.29952919027355285
depression,RBF SVM,4,87061,0,0.4391672824677505
depression,RBF SVM,4,87069,0,0.3785925385322893
depression,RBF SVM,4,87080,0,0.6782495447242435
depression,RBF SVM,4,87090,0,0.7540592512900849
depression,RBF SVM,4,87111,0,0.31376822060696474
depression,RBF SVM,4,87118,0,0.544013589315831
depression,RBF SVM,4,87127,0,0.4151694582662067
depression,RBF SVM,4,87137,0,0.49796186938628983
depression,RBF SVM,4,87138,0,0.28916666173074784
depression,RBF SVM,4,87150,0,0.557230663406629
depression,RBF SVM,4,87162,0,0.508804803531312
depression,RBF SVM,4,87167,0,0.643837447823587
depression,RBF SVM,4,87174,1,0.6898751274656323
depression,RBF SVM,4,87180,0,0.253827146607597
depression,RBF SVM,4,87192,0,0.367921164905229
depression,RBF SVM,4,87199,1,0.4249672607074034
depression,RBF SVM,4,87208,0,0.22958454104283577
depression,RBF SVM,4,87217,0,0.2643986123213967
depression,RBF SVM,4,87226,0,0.1998829651973023
depression,RBF SVM,4,87235,0,0.6060262342668167
depression,RBF SVM,4,87243,0,0.7144068859984322
depression,RBF SVM,4,87250,0,0.4368333288004897
depression,RBF SVM,4,87257,0,0.19894058502866743
depression,RBF SVM,4,87264,1,0.6032775078683621
depression,RBF SVM,4,87275,0,0.6586772037602442
depression,RBF SVM,4,87283,0,0.5778194761449434
depression,RBF SVM,4,87291,0,0.39637320833825485
depression,RBF SVM,4,87298,0,0.578700942910762
depression,RBF SVM,4,87311,0,0.282466195090968
depression,RBF SVM,4,87319,0,0.24010789795882148
depression,RBF SVM,4,87325,0,0.6036766936861849
depression,RBF SVM,4,87335,0,0.5050067774877406
depression,RBF SVM,4,87345,0,0.7476657399805422
depression,RBF SVM,4,87354,0,0.5051988621982307
depression,RBF SVM,4,87370,0,0.22397468003719304
depression,RBF SVM,4,87377,0,0.27678851457981146
depression,RBF SVM,4,87389,0,0.3885636469698622
depression,RBF SVM,4,87406,0,0.27374320146449665
depression,RBF SVM,4,87418,0,0.750381135498552
depression,RBF SVM,4,87427,0,0.5751854080125808
depression,RBF SVM,4,87435,0,0.7001133621066362
depression,RBF SVM,4,87445,0,0.3666840001252236
depression,RBF SVM,4,87454,0,0.5004171848554703
depression,RBF SVM,4,87463,0,0.25745505257100904
depression,RBF SVM,4,87474,0,0.28384766038370446
depression,RBF SVM,4,87481,0,0.4210836603132197
depression,RBF SVM,4,87488,0,0.2753070934116411
depression,RBF SVM,4,87497,0,0.2929457381705853
depression,RBF SVM,4,87506,0,0.25463241742916687
depression,RBF SVM,4,87512,0,0.10341725012423339
depression,RBF SVM,4,87521,0,0.26784471745236016
depression,RBF SVM,4,87523,0,0.20310699015317904
depression,RBF SVM,4,87545,0,0.7428303672841926
depression,RBF SVM,4,87559,0,0.5943454442751772
depression,RBF SVM,4,87568,0,0.6804020318198327
depression,RBF SVM,4,87583,0,0.5325673542340329
depression,RBF SVM,4,87592,0,0.22662072795153584
depression,RBF SVM,4,87600,0,0.5428931440495861
depression,RBF SVM,4,87607,0,0.2788732634550319
depression,RBF SVM,4,87628,0,0.3913460811885706
depression,RBF SVM,4,87636,0,0.5150423163354038
depression,RBF SVM,4,87653,0,0.6729492794272346
depression,RBF SVM,4,87665,0,0.5285976453972056
depression,RBF SVM,4,87671,0,0.6081743144441981
depression,RBF SVM,4,87691,0,0.2581830808788008
depression,RBF SVM,4,87710,0,0.279381085530359
depression,RBF SVM,4,87720,0,0.32149127560384533
depression,RBF SVM,4,87734,0,0.2769446575030854
depression,RBF SVM,4,87748,0,0.29204983031203896
depression,RBF SVM,4,87757,0,0.37756455047101917
depression,RBF SVM,4,87769,0,0.7357510749179828
depression,RBF SVM,4,87776,0,0.6768158321258839
depression,RBF SVM,4,87783,0,0.7640751350814758
depression,RBF SVM,4,87788,0,0.2747558438566059
depression,RBF SVM,4,87800,0,0.33026502120050427
depression,RBF SVM,4,87808,0,0.30428223867179666
depression,RBF SVM,4,87818,0,0.7343955924101605
depression,RBF SVM,4,87829,0,0.26205702370226136
depression,RBF SVM,4,87841,0,0.7355619153136113
depression,RBF SVM,4,87845,0,0.24827440870841777
depression,RBF SVM,4,87855,0,0.26896052747153537
depression,RBF SVM,4,87870,0,0.6704555809765826
depression,RBF SVM,4,87880,0,0.5827628110359201
depression,RBF SVM,4,87896,0,0.7393600428371321
depression,RBF SVM,4,87903,0,0.8097325011284809
depression,RBF SVM,4,87905,0,0.7070641349407708
depression,RBF SVM,4,87916,0,0.7018992412590858
depression,RBF SVM,4,87930,0,0.2574019213388982
depression,RBF SVM,4,87947,0,0.20509899837076812
depression,RBF SVM,4,87956,0,0.40117767793182557
depression,RBF SVM,4,87966,0,0.30966663384222914
depression,RBF SVM,4,87977,1,0.47892902030940293
depression,RBF SVM,4,87986,0,0.2449404089523427
depression,RBF SVM,4,87998,0,0.26303713409864915
depression,RBF SVM,4,88005,1,0.46400751221706865
depression,RBF SVM,4,88020,0,0.2663444610014889
depression,RBF SVM,4,88029,0,0.41714354730214426
depression,RBF SVM,4,88042,0,0.08190804133082474
depression,RBF SVM,4,88049,0,0.6479585686887049
depression,RBF SVM,4,88060,0,0.5575678112004497
depression,RBF SVM,4,88071,0,0.35433502054985017
depression,RBF SVM,4,88081,0,0.2503473609693947
depression,RBF SVM,4,88089,0,0.5117709481028809
depression,RBF SVM,4,88097,0,0.5395359388786685
depression,RBF SVM,4,88106,0,0.27354603103086106
depression,RBF SVM,4,88114,0,0.4378164244861632
depression,RBF SVM,4,88125,0,0.375434610613993
depression,RBF SVM,4,88133,0,0.4607464110161769
depression,RBF SVM,4,88145,0,0.3878585708849908
depression,RBF SVM,4,88153,0,0.7271796093158212
depression,RBF SVM,4,88160,0,0.5648232797241073
depression,RBF SVM,4,88169,0,0.2981126279930686
depression,RBF SVM,4,88175,0,0.20952604102899167
depression,RBF SVM,4,88186,1,0.5034992802192101
depression,RBF SVM,4,88197,0,0.21536056196954448
depression,RBF SVM,4,88205,1,0.4787282380132004
depression,RBF SVM,4,88215,0,0.7113772697644014
depression,RBF SVM,4,88224,0,0.27773899208858815
depression,RBF SVM,4,88230,0,0.527265275893377
depression,RBF SVM,4,88238,0,0.30232694975677143
depression,RBF SVM,4,88253,0,0.5921264582075777
depression,RBF SVM,4,88258,0,0.7351674829067217
depression,RBF SVM,4,88266,0,0.28523126114405345
depression,RBF SVM,4,88286,0,0.21189941136782356
depression,RBF SVM,4,88294,0,0.2548858548267767
depression,RBF SVM,4,88304,0,0.7567815703727081
depression,RBF SVM,4,88314,0,0.2534602164340374
depression,RBF SVM,4,88321,0,0.29204243434630933
depression,RBF SVM,4,88329,0,0.4926842278570441
depression,RBF SVM,4,88336,0,0.4927547399376196
depression,RBF SVM,4,88343,0,0.2447320528500832
depression,RBF SVM,4,88353,0,0.31826016825083386
depression,RBF SVM,4,88366,0,0.5141362161725849
depression,RBF SVM,4,88380,0,0.3964141379623795
depression,RBF SVM,4,88389,0,0.8019572724474154
depression,RBF SVM,4,88400,0,0.2877841325756289
depression,RBF SVM,4,88410,1,0.2654582460106048
depression,RBF SVM,4,88418,1,0.5514285408781313
depression,RBF SVM,4,88429,0,0.3158867290270669
depression,RBF SVM,4,88438,0,0.26908191050402097
depression,RBF SVM,4,88440,0,0.6908961429036554
depression,RBF SVM,4,88453,0,0.6412549280723802
depression,RBF SVM,4,88464,0,0.27807392153542254
depression,RBF SVM,4,88479,0,0.5487419151593614
depression,RBF SVM,4,88487,0,0.27877756610046933
depression,RBF SVM,4,88507,0,0.7372405086160846
depression,RBF SVM,4,88509,0,0.2801721671439012
depression,RBF SVM,4,88526,0,0.519767472638546
depression,RBF SVM,4,88531,0,0.6611113972969596
depression,RBF SVM,4,88544,0,0.4955143440242843
depression,RBF SVM,4,88559,0,0.25051858372795405
depression,RBF SVM,4,88568,0,0.4766193968523454
depression,RBF SVM,4,88582,0,0.2815678334630661
depression,RBF SVM,4,88592,0,0.26836698948808135
depression,RBF SVM,4,88604,0,0.7716880732909634
depression,RBF SVM,4,88609,0,0.28549832389293006
depression,RBF SVM,4,88615,0,0.18268392997598856
depression,RBF SVM,4,88626,0,0.37773562307490577
depression,RBF SVM,4,88632,0,0.35755709549157194
depression,RBF SVM,4,88641,0,0.26638055094086405
depression,RBF SVM,4,88645,0,0.7743693474173305
depression,RBF SVM,4,88657,0,0.6005927136086541
depression,RBF SVM,4,88665,0,0.7800514137345139
depression,RBF SVM,4,88676,0,0.2554997794573512
depression,RBF SVM,4,88684,0,0.5951011145690492
depression,RBF SVM,4,88694,0,0.5839109249731983
depression,RBF SVM,4,88703,0,0.2620283430227028
depression,RBF SVM,4,88709,0,0.24991619431544254
depression,RBF SVM,4,88721,0,0.3076447674559566
depression,RBF SVM,4,88731,0,0.6837196092297927
depression,RBF SVM,4,88742,0,0.3138355376978975
depression,RBF SVM,4,88754,0,0.43729926388069984
depression,RBF SVM,4,88761,0,0.634869886000985
depression,RBF SVM,4,88772,0,0.40977423398994256
depression,RBF SVM,4,88781,0,0.6625517519202802
depression,RBF SVM,4,88789,0,0.22680985997168737
depression,RBF SVM,4,88797,0,0.08072373706200656
depression,RBF SVM,4,88805,0,0.2691621842862541
depression,RBF SVM,4,88830,0,0.40818263427141604
depression,RBF SVM,4,88834,0,0.7860573996553538
depression,RBF SVM,4,88843,0,0.3905973169089742
depression,RBF SVM,4,88855,0,0.4444276994153443
depression,RBF SVM,4,88861,0,0.268666223072302
depression,RBF SVM,4,88871,0,0.20401406401147212
depression,RBF SVM,4,88878,0,0.2892954246717762
depression,RBF SVM,4,88887,1,0.7901573412291037
depression,RBF SVM,4,88893,0,0.5912389247937484
depression,RBF SVM,4,88897,0,0.2597673988661348
depression,RBF SVM,4,88907,0,0.5191337300995866
depression,RBF SVM,4,88911,0,0.2999659653997287
depression,RBF SVM,4,88920,0,0.26840312461999194
depression,RBF SVM,4,88930,0,0.38202045164025356
depression,RBF SVM,4,88942,0,0.3944857079519782
depression,RBF SVM,4,88951,0,0.3091469010632111
depression,RBF SVM,4,88965,0,0.28900219833220164
depression,RBF SVM,4,88979,0,0.2865553533848512
depression,RBF SVM,4,88991,0,0.45296297383223755
depression,RBF SVM,4,89003,0,0.2889841198969031
depression,RBF SVM,4,89014,0,0.31317189514167987
depression,RBF SVM,4,89025,0,0.29023479478044606
depression,RBF SVM,4,89035,0,0.4391672824677505
depression,RBF SVM,4,89042,0,0.5666703638868015
depression,RBF SVM,4,89054,1,0.8216562216140069
depression,RBF SVM,4,89069,0,0.482650871648262
depression,RBF SVM,4,89074,0,0.6115128104934667
depression,RBF SVM,4,89081,1,0.7575766337409447
depression,RBF SVM,4,89090,0,0.28836989059327395
depression,RBF SVM,4,89104,0,0.16336970263395062
depression,RBF SVM,4,89115,0,0.5180574180243926
depression,RBF SVM,4,89123,0,0.5125084259117896
depression,RBF SVM,4,89130,0,0.2657608093985408
depression,RBF SVM,4,89144,0,0.24943253136700155
depression,RBF SVM,4,89146,0,0.6794790450229333
depression,RBF SVM,4,89162,0,0.4324786978722293
depression,RBF SVM,4,89169,0,0.38231649458642386
depression,RBF SVM,4,89172,0,0.4547686166107858
depression,RBF SVM,4,89178,1,0.4629659657259617
depression,RBF SVM,4,89185,0,0.2794947199670301
depression,RBF SVM,4,89194,0,0.22922752121509762
depression,RBF SVM,4,89211,0,0.6177837588583324
depression,RBF SVM,4,89231,0,0.26270821658626253
depression,RBF SVM,4,89241,0,0.26815797972602057
depression,RBF SVM,4,89253,0,0.5250026271633418
depression,RBF SVM,4,89263,0,0.2309720004567042
depression,RBF SVM,4,89270,0,0.4301631497383543
depression,RBF SVM,4,89280,0,0.3435186542885275
depression,RBF SVM,4,89290,0,0.2665987962228227
depression,RBF SVM,4,89294,0,0.2251503582762157
depression,RBF SVM,4,89308,0,0.4742552909144989
depression,RBF SVM,4,89313,0,0.35495882240617
depression,RBF SVM,4,89326,0,0.8378303014186591
depression,RBF SVM,4,89335,0,0.3793546063791643
depression,RBF SVM,4,89347,0,0.3050024323061297
depression,RBF SVM,4,89353,0,0.3579727097017682
depression,RBF SVM,4,89362,1,0.27378078767137715
depression,RBF SVM,4,89373,0,0.32705781119605654
depression,RBF SVM,4,89381,0,0.3686744346021412
depression,RBF SVM,4,89391,0,0.4697505694478205
depression,RBF SVM,4,89403,0,0.595189391780595
depression,RBF SVM,4,89413,0,0.2581830808788008
depression,RBF SVM,4,89426,0,0.5280443920135285
depression,RBF SVM,4,89439,0,0.2470640979854093
depression,RBF SVM,4,89445,0,0.4464460857607125
depression,RBF SVM,4,89458,0,0.2565490394130345
depression,RBF SVM,4,89473,0,0.31395463989123445
depression,RBF SVM,4,89482,0,0.4114409851849125
depression,RBF SVM,4,89485,0,0.4816129906829358
depression,RBF SVM,4,89500,0,0.2789167263266009
depression,RBF SVM,4,89513,0,0.26883975763560614
depression,RBF SVM,4,89525,0,0.27296324171594755
depression,RBF SVM,4,89542,0,0.25173795264608395
depression,RBF SVM,4,89544,0,0.5407449512062126
depression,RBF SVM,4,89557,0,0.5011158553733234
depression,RBF SVM,4,89566,0,0.22047262482534985
depression,RBF SVM,4,89574,0,0.3426322919812454
depression,RBF SVM,4,89581,0,0.2743046901762532
depression,RBF SVM,4,89585,0,0.6807458088335773
depression,RBF SVM,4,89594,1,0.43074308576074416
depression,RBF SVM,4,89600,0,0.4397757614704723
depression,RBF SVM,4,89608,0,0.37553988324520726
depression,RBF SVM,4,89614,0,0.23767198185169336
depression,RBF SVM,4,89622,0,0.2811806498457405
depression,RBF SVM,4,89629,0,0.6423202356788711
depression,RBF SVM,4,89640,0,0.19288586986870962
depression,RBF SVM,4,89646,0,0.3065425302503624
depression,RBF SVM,4,89651,0,0.5985441718126394
depression,RBF SVM,4,89657,0,0.2691592254027921
depression,RBF SVM,4,89671,0,0.4308323835290091
depression,RBF SVM,4,89679,0,0.2294834695452905
depression,RBF SVM,4,89690,0,0.7378168068367832
depression,RBF SVM,4,89701,0,0.7854268392514827
depression,RBF SVM,4,89706,0,0.36310379634831313
depression,RBF SVM,4,89713,0,0.1773662349177547
depression,RBF SVM,4,89723,0,0.2766353664658411
depression,RBF SVM,4,89730,1,0.7364532187067736
depression,RBF SVM,4,89737,0,0.4184877901757074
depression,RBF SVM,4,89750,0,0.5470630580086254
depression,RBF SVM,4,89764,0,0.38222298808226635
depression,RBF SVM,4,89768,0,0.6169788752440886
depression,RBF SVM,4,89784,0,0.48470505947668824
depression,RBF SVM,4,89791,0,0.292169196912971
depression,RBF SVM,4,89797,0,0.6622401736850951
depression,RBF SVM,4,89805,0,0.30720309478489977
depression,RBF SVM,4,89814,0,0.5313831006720574
depression,RBF SVM,4,89816,0,0.5308980305482383
depression,RBF SVM,4,89825,0,0.8054611596877843
depression,RBF SVM,4,89835,0,0.6177931105426474
depression,RBF SVM,4,89845,0,0.24633522239242922
depression,RBF SVM,4,89851,0,0.40136888396384135
depression,RBF SVM,4,89862,0,0.2906088988577072
depression,RBF SVM,4,89886,0,0.2935413726619252
depression,RBF SVM,4,89897,0,0.21744601299992777
depression,RBF SVM,4,89905,0,0.6885299812229754
depression,RBF SVM,4,89919,0,0.5063325750138137
depression,RBF SVM,4,89934,0,0.5137415127579444
depression,RBF SVM,4,89935,0,0.7761460174442831
depression,RBF SVM,4,89955,0,0.3213238313685764
depression,RBF SVM,4,89962,0,0.2701020032104326
depression,RBF SVM,4,89965,0,0.816783867636208
depression,RBF SVM,4,89978,1,0.7628087922999466
depression,RBF SVM,4,89991,0,0.24069411246923522
depression,RBF SVM,4,89998,0,0.2871445679513969
depression,RBF SVM,4,90007,0,0.4775619483833735
depression,RBF SVM,4,90014,0,0.6693299332518894
depression,RBF SVM,4,90028,0,0.632927939765255
depression,RBF SVM,4,90035,0,0.18320336492688344
depression,RBF SVM,4,90047,0,0.5101897194403472
depression,RBF SVM,4,90057,0,0.3093612145333448
depression,RBF SVM,4,90062,1,0.7164039026343468
depression,RBF SVM,4,90069,0,0.26684089618495493
depression,RBF SVM,4,90076,0,0.5814814325643316
depression,RBF SVM,4,90086,0,0.6566177977471133
depression,RBF SVM,4,90093,0,0.4591119654237045
depression,RBF SVM,4,90099,0,0.26284890085921275
depression,RBF SVM,4,90110,0,0.26809096410675626
depression,RBF SVM,4,90119,0,0.42360624388189655
depression,RBF SVM,4,90125,0,0.26629058089905905
depression,RBF SVM,4,90140,0,0.41994583820006015
depression,RBF SVM,4,90148,0,0.2699977752095205
depression,RBF SVM,4,90156,1,0.27963101066184903
depression,RBF SVM,4,90167,0,0.2677932169508758
depression,RBF SVM,4,90182,0,0.33867226457319566
depression,RBF SVM,4,90189,0,0.5403373543958129
depression,RBF SVM,4,90200,0,0.8026319311246293
depression,RBF SVM,4,90212,0,0.346434593507747
depression,RBF SVM,4,90225,0,0.2873605319990655
depression,RBF SVM,4,90239,0,0.3654669068875538
depression,RBF SVM,4,90250,0,0.2708371152232401
depression,RBF SVM,4,90260,0,0.2684063190296177
depression,RBF SVM,4,90271,0,0.2722400807582999
depression,RBF SVM,4,90278,0,0.16469174135065615
depression,RBF SVM,4,90292,0,0.42474201664907446
depression,RBF SVM,4,90299,0,0.7307469008483903
depression,RBF SVM,4,90307,0,0.20579591416139478
depression,RBF SVM,4,90320,1,0.7449875051149006
depression,RBF SVM,4,90326,0,0.28223932306604665
depression,RBF SVM,4,90335,0,0.28051931189156354
depression,RBF SVM,4,90344,0,0.24710227439628987
depression,RBF SVM,4,90351,0,0.3606534435479494
depression,RBF SVM,4,90355,0,0.3112837935302335
depression,RBF SVM,4,90363,0,0.6275735421409271
depression,RBF SVM,4,90375,0,0.3365507355470323
depression,RBF SVM,4,90384,0,0.38077320184334135
depression,RBF SVM,4,90397,0,0.3249769311010753
depression,RBF SVM,4,90410,0,0.2625977823852156
depression,RBF SVM,4,90421,0,0.5269381403013844
depression,RBF SVM,4,90436,0,0.5277197317390131
depression,RBF SVM,4,90447,1,0.736281755526697
depression,RBF SVM,4,90458,0,0.795194298080724
depression,RBF SVM,4,90466,0,0.31285972197839834
depression,RBF SVM,4,90480,1,0.7620945905800957
depression,RBF SVM,4,90484,0,0.27036420129971644
depression,RBF SVM,4,90497,0,0.547936626290279
depression,RBF SVM,4,90504,0,0.712396601942803
depression,RBF SVM,4,90517,0,0.41367101420837055
depression,RBF SVM,4,90523,0,0.29386331004147825
depression,RBF SVM,4,90531,0,0.6007021220862143
depression,RBF SVM,4,90539,0,0.6617395459066233
depression,RBF SVM,4,90547,0,0.5275818045355084
depression,RBF SVM,4,90560,0,0.369127053118879
depression,RBF SVM,4,90573,0,0.5536216992671684
depression,RBF SVM,4,90582,0,0.11036223520032018
depression,RBF SVM,4,90590,0,0.2531835388939486
depression,RBF SVM,4,90598,0,0.48525555337524284
depression,RBF SVM,4,90609,0,0.29251421593553206
depression,RBF SVM,4,90617,0,0.5614704374593107
depression,RBF SVM,4,90627,0,0.2783804585055658
depression,RBF SVM,4,90635,0,0.36528856297417844
depression,RBF SVM,4,90645,0,0.26639477093187097
depression,RBF SVM,4,90652,0,0.33532059553831
depression,RBF SVM,4,90658,0,0.2187188442010193
depression,RBF SVM,4,90665,0,0.5030272789698483
depression,RBF SVM,4,90669,0,0.23898795587855468
depression,RBF SVM,4,90674,0,0.490549020227415
depression,RBF SVM,4,90683,0,0.5190423236288046
depression,RBF SVM,4,90691,0,0.7182533041230059
depression,RBF SVM,4,90701,0,0.4726597032074871
depression,RBF SVM,4,90713,0,0.24917633859597693
depression,RBF SVM,4,90721,0,0.13138464191244012
depression,RBF SVM,4,90739,0,0.710028547780193
depression,RBF SVM,4,90747,0,0.290999294697443
depression,RBF SVM,4,90764,0,0.5313346375329517
depression,RBF SVM,4,90775,0,0.6112956347368202
depression,RBF SVM,4,90794,0,0.3616901042516807
depression,RBF SVM,4,90795,0,0.2818571482587595
depression,RBF SVM,4,90805,0,0.2739020270118209
depression,RBF SVM,4,90814,0,0.21744601299992777
depression,RBF SVM,4,90831,0,0.5408831721490956
depression,RBF SVM,4,90843,0,0.6161621306808379
depression,RBF SVM,4,90849,0,0.245427081262514
depression,RBF SVM,4,90859,1,0.7830142737298187
depression,RBF SVM,4,90872,0,0.6853747969313881
depression,RBF SVM,4,90883,0,0.37245751806630817
depression,RBF SVM,4,90890,1,0.5810047822796959
depression,RBF SVM,4,90896,0,0.6770388439754872
depression,RBF SVM,4,90906,0,0.2484380680145858
depression,RBF SVM,4,90914,0,0.3876964495688203
depression,RBF SVM,4,90923,0,0.6532086939680476
depression,RBF SVM,4,90929,0,0.711775216996814
depression,RBF SVM,4,90937,0,0.25455850561757426
depression,RBF SVM,4,90944,0,0.45314525405118417
depression,RBF SVM,4,90958,0,0.2676687822446489
depression,RBF SVM,4,90967,0,0.20050594289566193
depression,RBF SVM,4,90975,0,0.19475627516939745
depression,RBF SVM,4,90986,0,0.8010741141531662
depression,RBF SVM,4,90989,0,0.5673799264481677
depression,RBF SVM,4,90994,0,0.7111279820081221
depression,RBF SVM,4,91013,0,0.26721114839992116
depression,RBF SVM,4,91025,0,0.2665323377800529
depression,RBF SVM,4,91037,0,0.22901173771620612
depression,RBF SVM,4,91043,1,0.608220047117205
depression,RBF SVM,4,91052,0,0.4816605389639776
depression,RBF SVM,4,91064,0,0.2329003346342498
depression,RBF SVM,4,91076,0,0.6147076369164094
depression,RBF SVM,4,91084,0,0.33461611943941044
depression,RBF SVM,4,91098,0,0.2495869205873358
depression,RBF SVM,4,91109,1,0.6452790404360043
depression,RBF SVM,4,91110,0,0.2907299327905394
depression,RBF SVM,4,91130,0,0.7614309261712255
depression,RBF SVM,4,91140,0,0.24882405084370576
depression,RBF SVM,4,91153,0,0.29125434520028
depression,RBF SVM,4,91162,0,0.4062525785333565
depression,RBF SVM,4,91171,0,0.1708027417379717
depression,RBF SVM,4,91180,0,0.3984261291668352
depression,RBF SVM,4,91192,0,0.2692159146585323
depression,RBF SVM,4,91206,0,0.3058081142399323
depression,RBF SVM,4,91216,0,0.25511294797513695
depression,RBF SVM,4,91226,0,0.6573851503329305
depression,RBF SVM,4,91242,0,0.27008835145004856
depression,RBF SVM,4,91252,0,0.5273059885814521
depression,RBF SVM,4,91264,0,0.3090536628545993
depression,RBF SVM,4,91274,0,0.34468491618252695
depression,RBF SVM,4,91284,0,0.4028153716236631
depression,RBF SVM,4,91291,0,0.7441214949280516
depression,RBF SVM,4,91299,0,0.2996354536248961
depression,RBF SVM,4,91309,0,0.615730088321255
depression,RBF SVM,4,91321,0,0.5519399771928891
depression,RBF SVM,4,91326,0,0.2570289739937254
depression,RBF SVM,4,91341,0,0.352275957762591
depression,RBF SVM,4,91350,0,0.22857904951928873
depression,RBF SVM,4,91356,0,0.8025062209755204
depression,RBF SVM,4,91363,0,0.594606413298191
depression,RBF SVM,4,91368,0,0.5777034993922042
depression,RBF SVM,4,91385,0,0.25616313152230735
depression,RBF SVM,4,91396,0,0.44223991361306475
depression,RBF SVM,4,91404,0,0.26900672957149735
depression,RBF SVM,4,91416,1,0.7311451519471651
depression,RBF SVM,4,91425,0,0.7232385608957729
depression,RBF SVM,4,91436,0,0.46941199823682705
depression,RBF SVM,4,91443,0,0.28773848070428454
depression,RBF SVM,4,91451,0,0.5159606452863928
depression,RBF SVM,4,91468,0,0.5865712382107574
depression,RBF SVM,4,91477,0,0.4796690414596897
depression,RBF SVM,4,91484,0,0.3321287449717983
depression,RBF SVM,4,91491,0,0.2810208789344873
depression,RBF SVM,4,91503,0,0.20335279757936892
depression,RBF SVM,4,91513,0,0.6150271408415059
depression,RBF SVM,4,91515,0,0.5739315465775032
depression,RBF SVM,4,91530,0,0.2955651100836883
depression,RBF SVM,4,91537,0,0.5781438587609271
depression,RBF SVM,4,91551,0,0.19890464589272155
depression,RBF SVM,4,91558,0,0.2586138872718944
depression,RBF SVM,4,91573,0,0.7170479554720176
depression,RBF SVM,4,91585,1,0.27432349302166276
depression,RBF SVM,4,91597,0,0.24761027034638827
depression,RBF SVM,4,91606,0,0.2834249649652767
depression,RBF SVM,4,91617,0,0.4586740095863993
depression,RBF SVM,4,91624,0,0.3581404059584173
depression,RBF SVM,4,91627,0,0.2659579192269888
depression,RBF SVM,4,91634,0,0.5891062093300325
depression,RBF SVM,4,91643,0,0.2871753878971109
depression,RBF SVM,4,91663,1,0.22628494146890554
depression,RBF SVM,4,91671,0,0.25468334707158957
depression,RBF SVM,4,91675,0,0.7520953332617045
depression,RBF SVM,4,91692,0,0.29416783566548055
depression,RBF SVM,4,91704,0,0.2616986947578294
depression,RBF SVM,4,91713,0,0.2937459616144845
depression,RBF SVM,4,91722,0,0.7144361602640558
depression,RBF SVM,4,91729,0,0.2677153114826835
depression,RBF SVM,4,91734,0,0.3508545122217357
depression,RBF SVM,4,91743,0,0.26885848186447675
depression,RBF SVM,4,91753,0,0.7724338627163186
depression,RBF SVM,4,91755,0,0.556393658957383
depression,RBF SVM,4,91769,1,0.26310714653938605
depression,RBF SVM,4,91783,0,0.22101584919806797
depression,RBF SVM,4,91791,0,0.3091469010632111
depression,RBF SVM,4,91801,0,0.5792868815411828
depression,RBF SVM,4,91808,0,0.5418147080340269
depression,RBF SVM,4,91815,0,0.6235186073085505
depression,RBF SVM,4,91821,0,0.11654557388831054
depression,RBF SVM,4,91833,0,0.22658915352705247
depression,RBF SVM,4,91839,0,0.3573731524113541
depression,RBF SVM,4,91849,0,0.3469472916637734
depression,RBF SVM,4,91858,0,0.3889759774822196
depression,RBF SVM,4,91867,0,0.4989244583545628
depression,RBF SVM,4,91880,0,0.2686954267369245
depression,RBF SVM,4,91889,0,0.6849001374264965
depression,RBF SVM,4,91898,0,0.2642671858503701
depression,RBF SVM,4,91907,0,0.2688933945920141
depression,RBF SVM,4,91919,0,0.28246965312944433
depression,RBF SVM,4,91928,0,0.733438657470205
depression,RBF SVM,4,91938,0,0.6110711565501822
depression,RBF SVM,4,91952,0,0.6138649338083997
depression,RBF SVM,4,91965,0,0.6549959881383333
depression,RBF SVM,4,91974,0,0.5968001559822101
depression,RBF SVM,4,91979,0,0.6150501549085985
depression,RBF SVM,4,91991,0,0.23949220185946246
depression,RBF SVM,4,91999,0,0.29969921581789155
depression,RBF SVM,4,92007,0,0.5043136181582131
depression,RBF SVM,4,92024,0,0.6739697991815958
depression,RBF SVM,4,92037,0,0.23821153329779182
depression,RBF SVM,4,92045,0,0.2635608530033825
depression,RBF SVM,4,92052,0,0.6947895581799597
depression,RBF SVM,4,92066,0,0.7464203546772296
depression,RBF SVM,4,92076,0,0.7991100891481213
depression,RBF SVM,4,92088,0,0.26908191050402097
depression,RBF SVM,4,92098,0,0.6033786433745268
depression,RBF SVM,4,92099,0,0.23854055768628385
depression,RBF SVM,4,92112,0,0.2495262968119002
depression,RBF SVM,4,92122,0,0.4819722753339159
depression,RBF SVM,4,92129,0,0.5184574347487212
depression,RBF SVM,4,92135,0,0.40066094028643356
depression,RBF SVM,4,92146,0,0.30043482701653834
depression,RBF SVM,4,92151,1,0.37221871281636437
depression,RBF SVM,4,92166,0,0.24993104925590334
depression,RBF SVM,4,92184,0,0.361391796043524
depression,RBF SVM,4,92194,0,0.3944969750215351
depression,RBF SVM,4,92203,0,0.7131566380806701
depression,RBF SVM,4,92216,0,0.7186125268014926
depression,RBF SVM,4,92225,0,0.27319053856990966
depression,RBF SVM,4,92238,0,0.5001562902722397
depression,RBF SVM,4,92245,0,0.27095021518953166
depression,RBF SVM,4,92251,0,0.42092469042247066
depression,RBF SVM,4,92258,0,0.6096860549087031
depression,RBF SVM,4,92274,0,0.25699664043877396
depression,RBF SVM,4,92286,0,0.6924014241791058
depression,RBF SVM,4,92297,0,0.27535738287971084
depression,RBF SVM,4,92309,0,0.7164442420527384
depression,RBF SVM,4,92325,0,0.2677153114826835
depression,RBF SVM,4,92338,1,0.4907047707489047
depression,RBF SVM,4,92351,0,0.19710968907686682
depression,RBF SVM,4,92361,0,0.4840557824463253
depression,RBF SVM,4,92368,0,0.7820284675261301
depression,RBF SVM,4,92376,0,0.6000563231028562
depression,RBF SVM,4,92390,0,0.7302406760057413
depression,RBF SVM,4,92400,0,0.43122314856585214
depression,RBF SVM,4,92408,0,0.5671339093129806
depression,RBF SVM,4,92416,0,0.3414996790631354
depression,RBF SVM,4,92423,1,0.45369520456628476
depression,RBF SVM,4,92433,0,0.4883125298833623
depression,RBF SVM,4,92440,0,0.8020220619384619
depression,RBF SVM,4,92454,0,0.6188080509533146
depression,RBF SVM,4,92465,0,0.3848234228367311
depression,RBF SVM,4,92473,0,0.26914149063110004
depression,RBF SVM,4,92494,0,0.651685302634604
depression,RBF SVM,4,92499,0,0.22163932848511478
depression,RBF SVM,4,92508,0,0.2690405317924128
depression,RBF SVM,4,92521,0,0.6082841007039413
depression,RBF SVM,4,92529,0,0.6086828960933319
depression,RBF SVM,4,92536,0,0.6340826606110115
depression,RBF SVM,4,92544,0,0.3224450305016473
depression,RBF SVM,4,92554,0,0.26842641172767145
depression,RBF SVM,4,92561,0,0.7424441294781262
depression,RBF SVM,4,92568,0,0.4122379081894947
depression,RBF SVM,4,92584,0,0.38444732255653413
depression,RBF SVM,4,92593,0,0.291541773952257
depression,RBF SVM,4,92603,0,0.41161555150632234
depression,RBF SVM,4,92610,0,0.24213165646003745
depression,RBF SVM,4,92620,0,0.29147335522810924
depression,RBF SVM,4,92624,0,0.7156777659656783
depression,RBF SVM,4,92636,0,0.6208756301715882
depression,RBF SVM,4,92648,0,0.6597468781522645
depression,RBF SVM,4,92659,0,0.3264235441879265
depression,RBF SVM,4,92668,0,0.4112797368031245
depression,RBF SVM,4,92677,0,0.4466807118468918
depression,RBF SVM,4,92689,0,0.281170927299487
depression,RBF SVM,4,92699,1,0.29177683753779005
depression,RBF SVM,4,92706,0,0.6309314242948679
depression,RBF SVM,4,92720,0,0.28803966584799945
depression,RBF SVM,4,92726,0,0.3401625784937164
depression,RBF SVM,4,92742,0,0.3798511488342261
depression,RBF SVM,4,92750,0,0.7362270402598112
depression,RBF SVM,4,92761,0,0.30490098687081
depression,RBF SVM,4,92773,0,0.6981265306918081
depression,RBF SVM,4,92779,0,0.6193446570460625
depression,RBF SVM,4,92789,1,0.6804073747740427
depression,RBF SVM,4,92802,0,0.29677515811175204
depression,RBF SVM,4,92817,0,0.759705108909213
depression,RBF SVM,4,92824,0,0.1309640207754877
depression,RBF SVM,4,92831,0,0.8064740066092833
depression,RBF SVM,4,92841,0,0.6128056638487881
depression,RBF SVM,4,92851,0,0.5270680669272189
depression,RBF SVM,4,92861,0,0.570468422695364
depression,RBF SVM,4,92872,0,0.6133443169193302
depression,RBF SVM,4,92882,0,0.2415070440844985
depression,RBF SVM,4,92890,0,0.17917708919768277
depression,RBF SVM,4,92898,0,0.33420444385486525
depression,RBF SVM,4,92904,0,0.7256353125141065
depression,RBF SVM,4,92911,0,0.3108937195782509
depression,RBF SVM,4,92921,0,0.5488567765498467
depression,RBF SVM,4,92929,0,0.26912119585698774
depression,RBF SVM,4,92939,0,0.5506678040168356
depression,RBF SVM,4,92951,0,0.36270530979833554
depression,RBF SVM,4,92959,0,0.5045159932128054
depression,RBF SVM,4,92969,0,0.567322728319099
depression,RBF SVM,4,92978,0,0.2686528218758391
depression,RBF SVM,4,92987,0,0.27568656155870486
depression,RBF SVM,4,92993,0,0.254098478998191
depression,RBF SVM,4,93001,0,0.630063793966201
depression,RBF SVM,4,93007,0,0.46059949969336184
depression,RBF SVM,4,93015,0,0.2902877148449134
depression,RBF SVM,4,93017,0,0.16485342525233035
depression,RBF SVM,4,93030,0,0.1855297149013115
depression,RBF SVM,4,93044,0,0.21200140447044014
depression,RBF SVM,4,93051,0,0.2759791781184287
depression,RBF SVM,4,93063,0,0.3488921745275121
depression,RBF SVM,4,93073,0,0.3776510003718815
depression,RBF SVM,4,93081,0,0.1792512922612988
depression,RBF SVM,4,93088,0,0.2701419209319309
depression,RBF SVM,4,93098,1,0.25179129524032506
depression,RBF SVM,4,93107,0,0.7561446917858755
depression,RBF SVM,4,93116,0,0.33465289588708136
depression,RBF SVM,4,93130,0,0.3898419492523485
depression,RBF SVM,4,93143,0,0.34978632076319277
depression,RBF SVM,4,93154,0,0.7181965722904994
depression,RBF SVM,4,93171,0,0.22178617039311047
depression,RBF SVM,4,93178,0,0.5444710794843058
depression,RBF SVM,4,93189,0,0.5827884115012032
depression,RBF SVM,4,93201,0,0.5215721492511901
depression,RBF SVM,4,93208,0,0.7519286540653732
depression,RBF SVM,4,93217,0,0.1934893398169347
depression,RBF SVM,4,93223,0,0.5215459306047562
depression,RBF SVM,4,93241,1,0.43528004524045094
depression,RBF SVM,4,93256,0,0.36522780978389785
depression,RBF SVM,4,93260,0,0.7532837055743419
depression,RBF SVM,4,93270,0,0.6633308745203118
depression,RBF SVM,4,93275,0,0.3121060017878394
depression,RBF SVM,4,93284,0,0.3291414957057314
depression,RBF SVM,4,93294,0,0.3411228701917437
depression,RBF SVM,4,93306,0,0.13272223852440204
depression,RBF SVM,4,93312,0,0.2725316928542963
depression,RBF SVM,4,93326,0,0.4662061769938206
depression,RBF SVM,4,93333,0,0.23975619682517932
depression,RBF SVM,4,93342,0,0.40055089832489477
depression,RBF SVM,4,93351,0,0.2582635343303489
depression,RBF SVM,4,93363,0,0.249027646136929
depression,RBF SVM,4,93368,0,0.5762703377550148
depression,RBF SVM,4,93375,1,0.7866245103889116
depression,RBF SVM,4,93392,0,0.7181237484956219
depression,RBF SVM,4,93413,0,0.39169309826362186
depression,RBF SVM,4,93421,0,0.7759981294288578
depression,RBF SVM,4,93435,0,0.26575342443377165
depression,RBF SVM,4,93438,0,0.5645617439188991
depression,RBF SVM,4,93451,0,0.7628245951400383
depression,RBF SVM,4,93457,0,0.6010156196969443
depression,RBF SVM,4,93469,0,0.5636175766022972
depression,RBF SVM,4,93485,0,0.2665614642468964
depression,RBF SVM,4,93490,0,0.5773323799732306
depression,RBF SVM,4,93499,0,0.21549702286608752
depression,RBF SVM,4,93508,0,0.28779225930031777
depression,RBF SVM,4,93524,0,0.607945785088729
depression,RBF SVM,4,93533,0,0.6222722431402524
depression,RBF SVM,4,93547,0,0.23397612199781218
depression,RBF SVM,4,93556,0,0.7502374273872547
depression,RBF SVM,4,93564,0,0.3140776204714431
depression,RBF SVM,4,93572,0,0.31152653083728205
depression,RBF SVM,4,93582,0,0.28697202863197185
depression,RBF SVM,4,93593,0,0.5419707787487803
depression,RBF SVM,4,93607,0,0.2657608093985408
depression,RBF SVM,4,93612,0,0.24254821253996087
depression,RBF SVM,4,93618,0,0.26784847528370587
depression,RBF SVM,4,93625,0,0.5510542418177911
depression,RBF SVM,4,93638,0,0.5321956248953333
depression,RBF SVM,4,93645,0,0.21676944802364917
depression,RBF SVM,4,93656,0,0.310928597735573
depression,RBF SVM,4,93668,1,0.7704757031811207
depression,RBF SVM,4,93676,0,0.21686395880738682
depression,RBF SVM,4,93689,0,0.7468462807352535
depression,RBF SVM,4,93702,0,0.3065610598416873
depression,Random Forest,4,83732,0,0.022904120347183695
depression,Random Forest,4,83744,0,0.23847082507748418
depression,Random Forest,4,83755,0,0.01921500810261797
depression,Random Forest,4,83769,0,0.07781751633244725
depression,Random Forest,4,83784,0,0.08415394654778854
depression,Random Forest,4,83790,0,0.5540312784263144
depression,Random Forest,4,83813,0,0.026342541281478175
depression,Random Forest,4,83821,0,0.24045371052331702
depression,Random Forest,4,83832,0,0.1561430938363778
depression,Random Forest,4,83844,0,0.00457755052349647
depression,Random Forest,4,83854,0,0.03998963337535441
depression,Random Forest,4,83865,0,0.3050275451423467
depression,Random Forest,4,83872,0,0.05815585798404844
depression,Random Forest,4,83884,0,0.38772437192382886
depression,Random Forest,4,83890,0,0.4967200739329719
depression,Random Forest,4,83898,0,0.34448101980580714
depression,Random Forest,4,83908,0,0.17381814063656556
depression,Random Forest,4,83915,0,0.4091052931197532
depression,Random Forest,4,83926,0,0.10612031808948913
depression,Random Forest,4,83933,0,0.23476307016886047
depression,Random Forest,4,83937,0,0.0180523183829423
depression,Random Forest,4,83949,0,0.17925059706094534
depression,Random Forest,4,83955,0,0.007831701728806498
depression,Random Forest,4,83963,0,0.085012288019518
depression,Random Forest,4,83969,0,0.1337104816774357
depression,Random Forest,4,83982,0,0.008229454175400122
depression,Random Forest,4,83990,0,0.332807452036864
depression,Random Forest,4,83998,0,0.25980444703424715
depression,Random Forest,4,84008,0,0.029644299462691502
depression,Random Forest,4,84016,0,0.042752516057011684
depression,Random Forest,4,84023,0,0.16239248377563867
depression,Random Forest,4,84030,0,0.036306076435019416
depression,Random Forest,4,84038,0,0.2602746000216939
depression,Random Forest,4,84047,0,0.20191469791891162
depression,Random Forest,4,84061,0,0.1697658652726476
depression,Random Forest,4,84070,0,0.23588076199381064
depression,Random Forest,4,84086,0,0.0
depression,Random Forest,4,84094,0,0.08716269852899686
depression,Random Forest,4,84107,0,0.10429062962507868
depression,Random Forest,4,84114,0,0.3645961075337719
depression,Random Forest,4,84121,0,0.13711747897308496
depression,Random Forest,4,84130,0,0.041187765102496464
depression,Random Forest,4,84139,0,0.25234031854433653
depression,Random Forest,4,84165,0,0.021206134995868903
depression,Random Forest,4,84170,0,0.047566463349923815
depression,Random Forest,4,84177,0,0.20479150977372598
depression,Random Forest,4,84188,1,0.1562244533988338
depression,Random Forest,4,84196,0,0.08789574037342902
depression,Random Forest,4,84205,0,0.16888769328383518
depression,Random Forest,4,84222,1,0.02137486866542774
depression,Random Forest,4,84229,1,0.26073006820517713
depression,Random Forest,4,84234,0,0.2913072140230819
depression,Random Forest,4,84246,0,0.10275076398041767
depression,Random Forest,4,84264,0,0.09484106862173164
depression,Random Forest,4,84279,0,0.0394322740415941
depression,Random Forest,4,84290,0,0.029793807474696024
depression,Random Forest,4,84294,0,0.10793677803962128
depression,Random Forest,4,84305,0,0.33668105472001264
depression,Random Forest,4,84318,0,0.32576552174902224
depression,Random Forest,4,84323,0,0.12356508822994959
depression,Random Forest,4,84349,0,0.011926219009011012
depression,Random Forest,4,84360,0,0.11664906094615703
depression,Random Forest,4,84374,0,0.08909690275190131
depression,Random Forest,4,84379,0,0.11109104759681009
depression,Random Forest,4,84388,0,0.30127161928813934
depression,Random Forest,4,84393,0,0.03463960985189519
depression,Random Forest,4,84400,0,0.513060465260353
depression,Random Forest,4,84405,0,0.028858675166934925
depression,Random Forest,4,84417,0,0.10021892591710073
depression,Random Forest,4,84425,1,0.6126317619695916
depression,Random Forest,4,84433,0,0.15016585294110898
depression,Random Forest,4,84447,0,0.011189338800515864
depression,Random Forest,4,84456,0,0.04757083806408723
depression,Random Forest,4,84464,0,0.028774105374469675
depression,Random Forest,4,84473,0,0.30974441964824395
depression,Random Forest,4,84481,0,0.09585588691674114
depression,Random Forest,4,84494,0,0.0589021673063972
depression,Random Forest,4,84500,0,0.5885895197570702
depression,Random Forest,4,84513,0,0.023338890410893796
depression,Random Forest,4,84535,0,0.17222463012883696
depression,Random Forest,4,84537,0,0.018019400545948198
depression,Random Forest,4,84550,0,0.044108324611875034
depression,Random Forest,4,84552,0,0.59001491062759
depression,Random Forest,4,84568,0,0.008237031415121839
depression,Random Forest,4,84580,0,0.1574416848323558
depression,Random Forest,4,84586,0,0.21504132134046988
depression,Random Forest,4,84588,0,0.07757927514358735
depression,Random Forest,4,84596,0,0.0817200086148171
depression,Random Forest,4,84607,0,0.25638402612798983
depression,Random Forest,4,84618,0,0.14782659160824585
depression,Random Forest,4,84622,0,0.17620414915053595
depression,Random Forest,4,84637,0,0.004197814009636745
depression,Random Forest,4,84650,0,0.06551756331422334
depression,Random Forest,4,84657,0,0.070683062080507
depression,Random Forest,4,84662,0,0.28953802634540676
depression,Random Forest,4,84672,0,0.04325503935949321
depression,Random Forest,4,84680,0,0.07970307161736585
depression,Random Forest,4,84694,0,0.019470881391237135
depression,Random Forest,4,84698,0,0.19417667077521059
depression,Random Forest,4,84712,0,0.2058652225628976
depression,Random Forest,4,84720,1,0.3007998231455823
depression,Random Forest,4,84735,0,0.08589177999525241
depression,Random Forest,4,84742,0,0.08372325450251655
depression,Random Forest,4,84748,0,0.03731478577083166
depression,Random Forest,4,84760,0,0.5123123409700086
depression,Random Forest,4,84767,0,0.2888717936165712
depression,Random Forest,4,84775,0,0.09872271745658628
depression,Random Forest,4,84783,0,0.19888941807231536
depression,Random Forest,4,84787,0,0.12098951185268195
depression,Random Forest,4,84790,0,0.03800027687250853
depression,Random Forest,4,84803,0,0.02585560205892812
depression,Random Forest,4,84806,0,0.16734895720201423
depression,Random Forest,4,84818,0,0.03441133462005613
depression,Random Forest,4,84829,0,0.027443240524367685
depression,Random Forest,4,84835,0,0.4158472667072101
depression,Random Forest,4,84846,0,0.25846241347848
depression,Random Forest,4,84862,0,0.22797469553786695
depression,Random Forest,4,84869,0,0.21858179783516016
depression,Random Forest,4,84880,0,0.039651944925781765
depression,Random Forest,4,84894,0,0.08716269852899686
depression,Random Forest,4,84901,1,0.05492235488428162
depression,Random Forest,4,84910,0,0.4472016096387527
depression,Random Forest,4,84916,0,0.1423487894270892
depression,Random Forest,4,84923,0,0.444438420628131
depression,Random Forest,4,84930,0,0.027751174582853668
depression,Random Forest,4,84935,0,0.004220925011225864
depression,Random Forest,4,84946,0,0.25425367692199274
depression,Random Forest,4,84952,0,0.04077261086997363
depression,Random Forest,4,84966,0,0.016366230051029235
depression,Random Forest,4,84976,0,0.06040812165513585
depression,Random Forest,4,84988,0,0.19794601945858314
depression,Random Forest,4,84995,0,0.19034769938131582
depression,Random Forest,4,85007,1,0.11527853281564994
depression,Random Forest,4,85009,0,0.025126571056236134
depression,Random Forest,4,85034,0,0.08741617108546781
depression,Random Forest,4,85041,0,0.30177051914556097
depression,Random Forest,4,85051,0,0.08475762383790882
depression,Random Forest,4,85057,0,0.21996200354005094
depression,Random Forest,4,85064,0,0.16945482368571696
depression,Random Forest,4,85074,0,0.014210864597879484
depression,Random Forest,4,85092,0,0.507774914314348
depression,Random Forest,4,85104,1,0.03311732782472551
depression,Random Forest,4,85113,0,0.26319436324561585
depression,Random Forest,4,85120,0,0.5204942883168756
depression,Random Forest,4,85132,0,0.02880822897731523
depression,Random Forest,4,85147,0,0.26330015165605425
depression,Random Forest,4,85156,0,0.09954671079483578
depression,Random Forest,4,85158,0,0.008798475534722334
depression,Random Forest,4,85169,0,0.3403329982233243
depression,Random Forest,4,85179,1,0.24206403283053102
depression,Random Forest,4,85192,0,0.5146281030406221
depression,Random Forest,4,85202,0,0.20441265311997253
depression,Random Forest,4,85212,0,0.06334916325250778
depression,Random Forest,4,85217,0,0.017238991599933223
depression,Random Forest,4,85228,0,0.12136632898319126
depression,Random Forest,4,85233,0,0.1969554053355932
depression,Random Forest,4,85241,0,0.04203893581888784
depression,Random Forest,4,85249,0,0.009468707263777593
depression,Random Forest,4,85257,1,0.028895460713392364
depression,Random Forest,4,85266,0,0.12244225879195168
depression,Random Forest,4,85278,0,0.017153943654201875
depression,Random Forest,4,85285,0,0.2097204989395735
depression,Random Forest,4,85292,0,0.026870562415407487
depression,Random Forest,4,85299,0,0.15106233937666816
depression,Random Forest,4,85314,0,0.1081201882336528
depression,Random Forest,4,85320,0,0.006774146967172744
depression,Random Forest,4,85334,0,0.04808241282589159
depression,Random Forest,4,85341,0,0.0639149315592403
depression,Random Forest,4,85348,0,0.13250190987136745
depression,Random Forest,4,85356,0,0.0
depression,Random Forest,4,85367,0,0.04194654514777722
depression,Random Forest,4,85370,1,0.11600116880832595
depression,Random Forest,4,85381,0,0.08051340759617717
depression,Random Forest,4,85392,0,0.0385856349771648
depression,Random Forest,4,85398,0,0.1699898255010202
depression,Random Forest,4,85406,0,0.1297043585951154
depression,Random Forest,4,85419,0,0.4204953568373544
depression,Random Forest,4,85426,1,0.42656027731199786
depression,Random Forest,4,85437,0,0.3360311500273341
depression,Random Forest,4,85445,1,0.19858866989108517
depression,Random Forest,4,85453,0,0.22415481198601483
depression,Random Forest,4,85467,0,0.2893079018965301
depression,Random Forest,4,85480,0,0.04821179438790058
depression,Random Forest,4,85487,0,0.2560686262687537
depression,Random Forest,4,85496,0,0.008702348581348942
depression,Random Forest,4,85508,1,0.3136206261604174
depression,Random Forest,4,85518,0,0.11656216394550933
depression,Random Forest,4,85521,0,0.2504292677961124
depression,Random Forest,4,85536,1,0.11095059798894531
depression,Random Forest,4,85542,0,0.02189105863679549
depression,Random Forest,4,85551,0,0.02781753848996219
depression,Random Forest,4,85563,0,0.42514050881073456
depression,Random Forest,4,85566,0,0.49513606449480013
depression,Random Forest,4,85577,0,0.18577191444483201
depression,Random Forest,4,85586,0,0.48009611758051557
depression,Random Forest,4,85597,0,0.19966628934509031
depression,Random Forest,4,85614,0,0.4808929969504893
depression,Random Forest,4,85628,0,0.0071168900250835575
depression,Random Forest,4,85635,0,0.31894632795814776
depression,Random Forest,4,85649,1,0.6016931574637574
depression,Random Forest,4,85660,0,0.047443294905134235
depression,Random Forest,4,85667,0,0.34810529503734905
depression,Random Forest,4,85674,0,0.008493401387899719
depression,Random Forest,4,85682,0,0.17278910768379188
depression,Random Forest,4,85697,0,0.5096368440298488
depression,Random Forest,4,85704,0,0.0
depression,Random Forest,4,85715,0,0.15779702199773657
depression,Random Forest,4,85726,0,0.19077433655760612
depression,Random Forest,4,85733,0,0.11644546666585992
depression,Random Forest,4,85740,0,0.24914131938659168
depression,Random Forest,4,85753,0,0.06540623380937213
depression,Random Forest,4,85766,0,0.09539786569056537
depression,Random Forest,4,85776,0,0.08849309368015865
depression,Random Forest,4,85782,1,0.6082508359457381
depression,Random Forest,4,85789,0,0.49577573168080485
depression,Random Forest,4,85797,0,0.17387750896720294
depression,Random Forest,4,85803,0,0.07058916690177193
depression,Random Forest,4,85811,0,0.08138023245833885
depression,Random Forest,4,85820,0,0.2754438846401968
depression,Random Forest,4,85828,0,0.12694814558835416
depression,Random Forest,4,85837,1,0.19395483290664003
depression,Random Forest,4,85851,0,0.4565412294704793
depression,Random Forest,4,85859,0,0.08532058660071956
depression,Random Forest,4,85867,0,0.28758118995282717
depression,Random Forest,4,85876,0,0.015717690691231703
depression,Random Forest,4,85879,0,0.29138319965799314
depression,Random Forest,4,85893,0,0.05994209540930767
depression,Random Forest,4,85901,0,0.07274642027131727
depression,Random Forest,4,85912,1,0.20258935340079431
depression,Random Forest,4,85928,0,0.18244369461592896
depression,Random Forest,4,85939,0,0.05641501949095354
depression,Random Forest,4,85946,0,0.05677068856908658
depression,Random Forest,4,85957,1,0.058367545981091895
depression,Random Forest,4,85962,0,0.024670283928502394
depression,Random Forest,4,85968,0,0.06578232089231284
depression,Random Forest,4,85981,0,0.21203071726054212
depression,Random Forest,4,85992,0,0.10577983385421444
depression,Random Forest,4,86000,0,0.3887574174274623
depression,Random Forest,4,86010,0,0.1246558424237095
depression,Random Forest,4,86019,0,0.04761763553346375
depression,Random Forest,4,86028,0,0.09660026689108238
depression,Random Forest,4,86034,0,0.06928493988176215
depression,Random Forest,4,86040,1,0.02019823207076179
depression,Random Forest,4,86052,0,0.3526678370075439
depression,Random Forest,4,86057,0,0.005168036835421175
depression,Random Forest,4,86062,0,0.034354277904824884
depression,Random Forest,4,86063,1,0.33076284717683513
depression,Random Forest,4,86077,0,0.05723168603631722
depression,Random Forest,4,86087,0,0.10350795665851219
depression,Random Forest,4,86094,0,0.06532982345727772
depression,Random Forest,4,86100,0,0.06380175173165181
depression,Random Forest,4,86110,0,0.3307973054669606
depression,Random Forest,4,86129,0,0.29141806183596614
depression,Random Forest,4,86143,0,0.03755342891380124
depression,Random Forest,4,86146,0,0.028656767192910104
depression,Random Forest,4,86155,0,0.05388513549404413
depression,Random Forest,4,86160,0,0.013292628383163864
depression,Random Forest,4,86169,0,0.05337858350871276
depression,Random Forest,4,86178,1,0.19733715300185323
depression,Random Forest,4,86188,0,0.198309949571478
depression,Random Forest,4,86195,0,0.12148773851712168
depression,Random Forest,4,86205,0,0.08050648394942261
depression,Random Forest,4,86212,0,0.14685506424863537
depression,Random Forest,4,86221,0,0.21239628618928513
depression,Random Forest,4,86236,0,0.051165790302111144
depression,Random Forest,4,86242,0,0.07191042926025339
depression,Random Forest,4,86247,0,0.2050894979104514
depression,Random Forest,4,86260,0,0.040713311585006934
depression,Random Forest,4,86275,0,0.13533529789526597
depression,Random Forest,4,86281,0,0.11983020747620063
depression,Random Forest,4,86287,0,0.11866783939017035
depression,Random Forest,4,86298,0,0.004041231291037059
depression,Random Forest,4,86311,0,0.013376026058218804
depression,Random Forest,4,86322,0,0.022586463196417883
depression,Random Forest,4,86323,0,0.044012328809891504
depression,Random Forest,4,86335,1,0.024966999370101356
depression,Random Forest,4,86348,0,0.22667696907092416
depression,Random Forest,4,86354,0,0.029639089936450244
depression,Random Forest,4,86361,0,0.021110609919741948
depression,Random Forest,4,86367,0,0.22766837749688984
depression,Random Forest,4,86383,0,0.06128934501191186
depression,Random Forest,4,86396,0,0.05718030012680049
depression,Random Forest,4,86404,0,0.03293983976029598
depression,Random Forest,4,86417,0,0.6128231180724817
depression,Random Forest,4,86430,0,0.15094996881444545
depression,Random Forest,4,86439,0,0.2675903862372466
depression,Random Forest,4,86450,0,0.35565831010687027
depression,Random Forest,4,86458,0,0.39176548726342275
depression,Random Forest,4,86472,0,0.13034460450000313
depression,Random Forest,4,86480,0,0.38516966735891445
depression,Random Forest,4,86483,0,0.07682669282840661
depression,Random Forest,4,86498,0,0.03733587593451539
depression,Random Forest,4,86512,0,0.0381758566771456
depression,Random Forest,4,86518,0,0.034395574901295946
depression,Random Forest,4,86524,0,0.09219075269709638
depression,Random Forest,4,86528,0,0.07204396416677566
depression,Random Forest,4,86539,0,0.07415402731897675
depression,Random Forest,4,86551,1,0.24186326807941064
depression,Random Forest,4,86558,0,0.38883672959832816
depression,Random Forest,4,86567,1,0.24952369153117218
depression,Random Forest,4,86575,0,0.1377073952360243
depression,Random Forest,4,86581,0,0.019690188960916177
depression,Random Forest,4,86591,1,0.3732458699007307
depression,Random Forest,4,86601,0,0.3128192848178532
depression,Random Forest,4,86611,0,0.13133070931504512
depression,Random Forest,4,86621,0,0.3329095339826479
depression,Random Forest,4,86633,0,0.19493271981418328
depression,Random Forest,4,86639,0,0.11821857707235538
depression,Random Forest,4,86652,0,0.07958327019157323
depression,Random Forest,4,86662,0,0.0742157357660304
depression,Random Forest,4,86668,0,0.1297576202718944
depression,Random Forest,4,86675,0,0.2854767135295118
depression,Random Forest,4,86685,0,0.07289693753462942
depression,Random Forest,4,86687,0,0.014617046241329533
depression,Random Forest,4,86710,0,0.009489663942652408
depression,Random Forest,4,86717,0,0.18878069219250904
depression,Random Forest,4,86720,0,0.007501203832795231
depression,Random Forest,4,86732,0,0.3155067237215675
depression,Random Forest,4,86741,0,0.024069178276124092
depression,Random Forest,4,86748,0,0.3747959433243376
depression,Random Forest,4,86759,0,0.012714326399125585
depression,Random Forest,4,86772,0,0.0782775471392428
depression,Random Forest,4,86781,0,0.026395180784673778
depression,Random Forest,4,86795,0,0.3364101564662609
depression,Random Forest,4,86805,0,0.1259399876111247
depression,Random Forest,4,86810,0,0.038067496610648045
depression,Random Forest,4,86824,0,0.04780505994681888
depression,Random Forest,4,86833,0,0.00915510104699294
depression,Random Forest,4,86848,0,0.1054540741054421
depression,Random Forest,4,86864,0,0.1518461744309872
depression,Random Forest,4,86875,0,0.17461596330957696
depression,Random Forest,4,86885,0,0.055770763947473025
depression,Random Forest,4,86894,0,0.03149966430435195
depression,Random Forest,4,86906,0,0.13266969934381354
depression,Random Forest,4,86913,0,0.09372403072229506
depression,Random Forest,4,86932,0,0.08148208420172005
depression,Random Forest,4,86940,0,0.003915850864403249
depression,Random Forest,4,86955,0,0.06319533907197157
depression,Random Forest,4,86967,0,0.05265540035525947
depression,Random Forest,4,86972,0,0.19508263938507905
depression,Random Forest,4,86982,0,0.07855067495376657
depression,Random Forest,4,86990,0,0.04720807710830936
depression,Random Forest,4,86998,0,0.06289968687435513
depression,Random Forest,4,87004,0,0.04947685690948072
depression,Random Forest,4,87014,0,0.25384223348857743
depression,Random Forest,4,87028,1,0.05530617446403781
depression,Random Forest,4,87044,1,0.10046381238226415
depression,Random Forest,4,87051,0,0.021351144848429923
depression,Random Forest,4,87061,0,0.20721510490069203
depression,Random Forest,4,87069,0,0.06605223679177995
depression,Random Forest,4,87080,0,0.13283641080742054
depression,Random Forest,4,87090,0,0.07762364710366097
depression,Random Forest,4,87111,0,0.03356148186593733
depression,Random Forest,4,87118,0,0.1896015117610345
depression,Random Forest,4,87127,0,0.07530128108803975
depression,Random Forest,4,87137,0,0.10466387289245871
depression,Random Forest,4,87138,0,0.07878085113611612
depression,Random Forest,4,87150,0,0.18702409487681987
depression,Random Forest,4,87162,0,0.044553268025588934
depression,Random Forest,4,87167,0,0.2710750172252392
depression,Random Forest,4,87174,1,0.3652260370590005
depression,Random Forest,4,87180,0,0.03778157271075216
depression,Random Forest,4,87192,0,0.11763722663563149
depression,Random Forest,4,87199,1,0.022804556048893455
depression,Random Forest,4,87208,0,0.023243172148632283
depression,Random Forest,4,87217,0,0.017411307593141877
depression,Random Forest,4,87226,0,0.013547111326165933
depression,Random Forest,4,87235,0,0.1588464931836764
depression,Random Forest,4,87243,0,0.18191622921820966
depression,Random Forest,4,87250,0,0.0529607517054948
depression,Random Forest,4,87257,0,0.015
depression,Random Forest,4,87264,1,0.33796302447999116
depression,Random Forest,4,87275,0,0.20994344151138444
depression,Random Forest,4,87283,0,0.2524674048659097
depression,Random Forest,4,87291,0,0.0850041040079228
depression,Random Forest,4,87298,0,0.04067976905819343
depression,Random Forest,4,87311,0,0.04574884618298907
depression,Random Forest,4,87319,0,0.01525501061371541
depression,Random Forest,4,87325,0,0.3031613550311703
depression,Random Forest,4,87335,0,0.16600622183142122
depression,Random Forest,4,87345,0,0.16929521068842768
depression,Random Forest,4,87354,0,0.2717059490982068
depression,Random Forest,4,87370,0,0.011483605380710148
depression,Random Forest,4,87377,0,0.19828337050561826
depression,Random Forest,4,87389,0,0.20118920736338397
depression,Random Forest,4,87406,0,0.11546621004487546
depression,Random Forest,4,87418,0,0.49041325903971933
depression,Random Forest,4,87427,0,0.18755942758478464
depression,Random Forest,4,87435,0,0.5866153021784464
depression,Random Forest,4,87445,0,0.03325390439020424
depression,Random Forest,4,87454,0,0.0448527287478011
depression,Random Forest,4,87463,0,0.04671045786616063
depression,Random Forest,4,87474,0,0.004220925011225864
depression,Random Forest,4,87481,0,0.06354235289417738
depression,Random Forest,4,87488,0,0.017694247176312593
depression,Random Forest,4,87497,0,0.2293260921336724
depression,Random Forest,4,87506,0,0.015717690691231703
depression,Random Forest,4,87512,0,0.03501363468783542
depression,Random Forest,4,87521,0,0.08524751216905288
depression,Random Forest,4,87523,0,0.03087580919349703
depression,Random Forest,4,87545,0,0.35361561233827216
depression,Random Forest,4,87559,0,0.057292738425896064
depression,Random Forest,4,87568,0,0.2540979834645565
depression,Random Forest,4,87583,0,0.32851446839499554
depression,Random Forest,4,87592,0,0.006702118095560035
depression,Random Forest,4,87600,0,0.08277139182624933
depression,Random Forest,4,87607,0,0.16713513852742992
depression,Random Forest,4,87628,0,0.03293983976029598
depression,Random Forest,4,87636,0,0.2005904973139305
depression,Random Forest,4,87653,0,0.1573559525347037
depression,Random Forest,4,87665,0,0.11954460865869168
depression,Random Forest,4,87671,0,0.09550780730503076
depression,Random Forest,4,87691,0,0.0018323297794981045
depression,Random Forest,4,87710,0,0.09242675359517476
depression,Random Forest,4,87720,0,0.012232424913975448
depression,Random Forest,4,87734,0,0.0
depression,Random Forest,4,87748,0,0.030528661604102433
depression,Random Forest,4,87757,0,0.09866512970245836
depression,Random Forest,4,87769,0,0.18072328008553318
depression,Random Forest,4,87776,0,0.33259111783427825
depression,Random Forest,4,87783,0,0.18819144026495546
depression,Random Forest,4,87788,0,0.08844514115943358
depression,Random Forest,4,87800,0,0.11834974829332592
depression,Random Forest,4,87808,0,0.08921721253439763
depression,Random Forest,4,87818,0,0.15486538414839554
depression,Random Forest,4,87829,0,0.04960276918459386
depression,Random Forest,4,87841,0,0.13881926011498397
depression,Random Forest,4,87845,0,0.01373265157048941
depression,Random Forest,4,87855,0,0.006662942166885377
depression,Random Forest,4,87870,0,0.11259757824942755
depression,Random Forest,4,87880,0,0.11895328729379413
depression,Random Forest,4,87896,0,0.3672373281962729
depression,Random Forest,4,87903,0,0.4458003818099218
depression,Random Forest,4,87905,0,0.4279249984929686
depression,Random Forest,4,87916,0,0.17882796643483953
depression,Random Forest,4,87930,0,0.10818711937102869
depression,Random Forest,4,87947,0,0.008798475534722334
depression,Random Forest,4,87956,0,0.12563271499408107
depression,Random Forest,4,87966,0,0.013720413736442439
depression,Random Forest,4,87977,1,0.190519310901926
depression,Random Forest,4,87986,0,0.14872668218435797
depression,Random Forest,4,87998,0,0.043584687713200704
depression,Random Forest,4,88005,1,0.03646565644144117
depression,Random Forest,4,88020,0,0.006774146967172744
depression,Random Forest,4,88029,0,0.1319596638600862
depression,Random Forest,4,88042,0,0.003915850864403249
depression,Random Forest,4,88049,0,0.1134281858882913
depression,Random Forest,4,88060,0,0.39622052819840065
depression,Random Forest,4,88071,0,0.19787092390850844
depression,Random Forest,4,88081,0,0.1716531192116533
depression,Random Forest,4,88089,0,0.09749260575095256
depression,Random Forest,4,88097,0,0.14227260123970223
depression,Random Forest,4,88106,0,0.0
depression,Random Forest,4,88114,0,0.15615231183563943
depression,Random Forest,4,88125,0,0.4257943321061131
depression,Random Forest,4,88133,0,0.42788866137918014
depression,Random Forest,4,88145,0,0.036069315252860105
depression,Random Forest,4,88153,0,0.4126225907952821
depression,Random Forest,4,88160,0,0.4698792661445493
depression,Random Forest,4,88169,0,0.14757856716292136
depression,Random Forest,4,88175,0,0.019030679928946664
depression,Random Forest,4,88186,1,0.08628124492444687
depression,Random Forest,4,88197,0,0.10133826444703438
depression,Random Forest,4,88205,1,0.028523895904348246
depression,Random Forest,4,88215,0,0.39439067627848573
depression,Random Forest,4,88224,0,0.05876973677387322
depression,Random Forest,4,88230,0,0.0009703225806451616
depression,Random Forest,4,88238,0,0.11972675292434
depression,Random Forest,4,88253,0,0.1454029096931251
depression,Random Forest,4,88258,0,0.364085229893191
depression,Random Forest,4,88266,0,0.15016585294110898
depression,Random Forest,4,88286,0,0.14215561146123246
depression,Random Forest,4,88294,0,0.00457755052349647
depression,Random Forest,4,88304,0,0.08048579743615575
depression,Random Forest,4,88314,0,0.011243814263608003
depression,Random Forest,4,88321,0,0.04074450561980394
depression,Random Forest,4,88329,0,0.13252986009169254
depression,Random Forest,4,88336,0,0.1267522140196283
depression,Random Forest,4,88343,0,0.030525700289819442
depression,Random Forest,4,88353,0,0.07368705084074624
depression,Random Forest,4,88366,0,0.16760320302426543
depression,Random Forest,4,88380,0,0.11385398994242513
depression,Random Forest,4,88389,0,0.4013335774015285
depression,Random Forest,4,88400,0,0.09203845340998956
depression,Random Forest,4,88410,1,0.08420041822460352
depression,Random Forest,4,88418,1,0.28537462674498104
depression,Random Forest,4,88429,0,0.04163132713747787
depression,Random Forest,4,88438,0,0.009804180416299844
depression,Random Forest,4,88440,0,0.1864942304879956
depression,Random Forest,4,88453,0,0.21447765539554936
depression,Random Forest,4,88464,0,0.17297322310237184
depression,Random Forest,4,88479,0,0.4221745831187135
depression,Random Forest,4,88487,0,0.15478104878789703
depression,Random Forest,4,88507,0,0.26760839113587775
depression,Random Forest,4,88509,0,0.01701284450752314
depression,Random Forest,4,88526,0,0.16885937673675575
depression,Random Forest,4,88531,0,0.25095910026644275
depression,Random Forest,4,88544,0,0.08625190218757643
depression,Random Forest,4,88559,0,0.0
depression,Random Forest,4,88568,0,0.08204729689553834
depression,Random Forest,4,88582,0,0.4995736819133814
depression,Random Forest,4,88592,0,0.006660324348610042
depression,Random Forest,4,88604,0,0.3332007203320365
depression,Random Forest,4,88609,0,0.2125139124597364
depression,Random Forest,4,88615,0,0.011531048826904405
depression,Random Forest,4,88626,0,0.2685781944529692
depression,Random Forest,4,88632,0,0.09092033594028733
depression,Random Forest,4,88641,0,0.07589693708779083
depression,Random Forest,4,88645,0,0.15593188056655294
depression,Random Forest,4,88657,0,0.058367545981091895
depression,Random Forest,4,88665,0,0.24129151971929996
depression,Random Forest,4,88676,0,0.06242980567895254
depression,Random Forest,4,88684,0,0.020943780574525707
depression,Random Forest,4,88694,0,0.1467935630434799
depression,Random Forest,4,88703,0,0.019177210311387426
depression,Random Forest,4,88709,0,0.012291523466057514
depression,Random Forest,4,88721,0,0.06355058006765671
depression,Random Forest,4,88731,0,0.400872709985992
depression,Random Forest,4,88742,0,0.10471608947616583
depression,Random Forest,4,88754,0,0.18259022297862595
depression,Random Forest,4,88761,0,0.3563249666943102
depression,Random Forest,4,88772,0,0.008798475534722334
depression,Random Forest,4,88781,0,0.36828738913979864
depression,Random Forest,4,88789,0,0.01445803954565867
depression,Random Forest,4,88797,0,0.01235770088685498
depression,Random Forest,4,88805,0,0.5213889720894074
depression,Random Forest,4,88830,0,0.32213031301062406
depression,Random Forest,4,88834,0,0.06992824971872486
depression,Random Forest,4,88843,0,0.01235770088685498
depression,Random Forest,4,88855,0,0.05296179510209823
depression,Random Forest,4,88861,0,0.04548711146617172
depression,Random Forest,4,88871,0,0.02637891386638981
depression,Random Forest,4,88878,0,0.23225899977976866
depression,Random Forest,4,88887,1,0.2363513739825095
depression,Random Forest,4,88893,0,0.24844905639028356
depression,Random Forest,4,88897,0,0.013024018353045114
depression,Random Forest,4,88907,0,0.01693525141035145
depression,Random Forest,4,88911,0,0.0468709944313982
depression,Random Forest,4,88920,0,0.20954504676583713
depression,Random Forest,4,88930,0,0.07065403052672994
depression,Random Forest,4,88942,0,0.0950515657004252
depression,Random Forest,4,88951,0,0.09332608708506049
depression,Random Forest,4,88965,0,0.09021668939455373
depression,Random Forest,4,88979,0,0.032883834771894896
depression,Random Forest,4,88991,0,0.04451226194201316
depression,Random Forest,4,89003,0,0.07261225695225434
depression,Random Forest,4,89014,0,0.006152659220135537
depression,Random Forest,4,89025,0,0.08932395051465246
depression,Random Forest,4,89035,0,0.20721510490069203
depression,Random Forest,4,89042,0,0.14865392598271665
depression,Random Forest,4,89054,1,0.3696283290859923
depression,Random Forest,4,89069,0,0.06077910423847932
depression,Random Forest,4,89074,0,0.02906215708423378
depression,Random Forest,4,89081,1,0.1447878765819551
depression,Random Forest,4,89090,0,0.5245868846811557
depression,Random Forest,4,89104,0,0.030667902980840857
depression,Random Forest,4,89115,0,0.19158365178225759
depression,Random Forest,4,89123,0,0.03781746616842599
depression,Random Forest,4,89130,0,0.002664210302557926
depression,Random Forest,4,89144,0,0.004392010279172995
depression,Random Forest,4,89146,0,0.10356499316846256
depression,Random Forest,4,89162,0,0.03402401311063796
depression,Random Forest,4,89169,0,0.12008946122501006
depression,Random Forest,4,89172,0,0.232153916499234
depression,Random Forest,4,89178,1,0.06324740924077131
depression,Random Forest,4,89185,0,0.11894747625982399
depression,Random Forest,4,89194,0,0.0
depression,Random Forest,4,89211,0,0.20270879301917316
depression,Random Forest,4,89231,0,0.07193824238646884
depression,Random Forest,4,89241,0,0.39176548726342275
depression,Random Forest,4,89253,0,0.04819222935855985
depression,Random Forest,4,89263,0,0.13723683613792947
depression,Random Forest,4,89270,0,0.024860141326772132
depression,Random Forest,4,89280,0,0.14778298095220882
depression,Random Forest,4,89290,0,0.013070951911396188
depression,Random Forest,4,89294,0,0.00891585086440325
depression,Random Forest,4,89308,0,0.03962734633986286
depression,Random Forest,4,89313,0,0.12425048557012092
depression,Random Forest,4,89326,0,0.17470727022302704
depression,Random Forest,4,89335,0,0.058055523391665025
depression,Random Forest,4,89347,0,0.10110472336937035
depression,Random Forest,4,89353,0,0.09871421931186079
depression,Random Forest,4,89362,1,0.23121837047870503
depression,Random Forest,4,89373,0,0.23529588263995457
depression,Random Forest,4,89381,0,0.19066555528952742
depression,Random Forest,4,89391,0,0.08538917451771998
depression,Random Forest,4,89403,0,0.24219658794292037
depression,Random Forest,4,89413,0,0.0018323297794981045
depression,Random Forest,4,89426,0,0.11650185789728364
depression,Random Forest,4,89439,0,0.0862845595331709
depression,Random Forest,4,89445,0,0.24598530987095046
depression,Random Forest,4,89458,0,0.15956958224601087
depression,Random Forest,4,89473,0,0.13387634795947537
depression,Random Forest,4,89482,0,0.05804925667164037
depression,Random Forest,4,89485,0,0.2227850653762464
depression,Random Forest,4,89500,0,0.21882433674688775
depression,Random Forest,4,89513,0,0.08603125347069573
depression,Random Forest,4,89525,0,0.04219358888316761
depression,Random Forest,4,89542,0,0.04418884675179488
depression,Random Forest,4,89544,0,0.08176323488439846
depression,Random Forest,4,89557,0,0.2470849795820526
depression,Random Forest,4,89566,0,0.040181278617705665
depression,Random Forest,4,89574,0,0.30023607807009084
depression,Random Forest,4,89581,0,0.1454482375127517
depression,Random Forest,4,89585,0,0.4403828045075466
depression,Random Forest,4,89594,1,0.04828306548509919
depression,Random Forest,4,89600,0,0.08317573246661623
depression,Random Forest,4,89608,0,0.041039549843898175
depression,Random Forest,4,89614,0,0.039828094443511944
depression,Random Forest,4,89622,0,0.06213390415182662
depression,Random Forest,4,89629,0,0.06685546084618135
depression,Random Forest,4,89640,0,0.013934559544514231
depression,Random Forest,4,89646,0,0.11914330902885377
depression,Random Forest,4,89651,0,0.01679601003361302
depression,Random Forest,4,89657,0,0.012285373500634014
depression,Random Forest,4,89671,0,0.2634852112833781
depression,Random Forest,4,89679,0,0.12476643043290966
depression,Random Forest,4,89690,0,0.10383883261671885
depression,Random Forest,4,89701,0,0.2780183227795409
depression,Random Forest,4,89706,0,0.06004488035189271
depression,Random Forest,4,89713,0,0.023571981538150984
depression,Random Forest,4,89723,0,0.06424511428263154
depression,Random Forest,4,89730,1,0.3960982475824878
depression,Random Forest,4,89737,0,0.31277330398960634
depression,Random Forest,4,89750,0,0.11593817778816495
depression,Random Forest,4,89764,0,0.0036519036519036515
depression,Random Forest,4,89768,0,0.41967748285716167
depression,Random Forest,4,89784,0,0.23375274540726912
depression,Random Forest,4,89791,0,0.1254283997473951
depression,Random Forest,4,89797,0,0.10822384500898034
depression,Random Forest,4,89805,0,0.00457755052349647
depression,Random Forest,4,89814,0,0.09853411334622486
depression,Random Forest,4,89816,0,0.03358267677280846
depression,Random Forest,4,89825,0,0.5576305435325959
depression,Random Forest,4,89835,0,0.0684935059608698
depression,Random Forest,4,89845,0,0.0
depression,Random Forest,4,89851,0,0.09380034568514134
depression,Random Forest,4,89862,0,0.048860905215485084
depression,Random Forest,4,89886,0,0.06812558281509351
depression,Random Forest,4,89897,0,0.24331534525513976
depression,Random Forest,4,89905,0,0.08947454954386909
depression,Random Forest,4,89919,0,0.08147292987712643
depression,Random Forest,4,89934,0,0.14626588046724845
depression,Random Forest,4,89935,0,0.49453356917887725
depression,Random Forest,4,89955,0,0.13702278687922026
depression,Random Forest,4,89962,0,0.2588601932623822
depression,Random Forest,4,89965,0,0.46710353156139683
depression,Random Forest,4,89978,1,0.11571825487813375
depression,Random Forest,4,89991,0,0.046610840638086536
depression,Random Forest,4,89998,0,0.03684435513999372
depression,Random Forest,4,90007,0,0.08844888774514739
depression,Random Forest,4,90014,0,0.21410099507156166
depression,Random Forest,4,90028,0,0.19236864067265178
depression,Random Forest,4,90035,0,0.004821996511747206
depression,Random Forest,4,90047,0,0.42624434444690246
depression,Random Forest,4,90057,0,0.09300141499911108
depression,Random Forest,4,90062,1,0.3578041164601506
depression,Random Forest,4,90069,0,0.17697408838769
depression,Random Forest,4,90076,0,0.3844497812800967
depression,Random Forest,4,90086,0,0.2201184793864092
depression,Random Forest,4,90093,0,0.03349331936969303
depression,Random Forest,4,90099,0,0.032427543293415656
depression,Random Forest,4,90110,0,0.05767049601524079
depression,Random Forest,4,90119,0,0.06578232089231284
depression,Random Forest,4,90125,0,0.031334999010428105
depression,Random Forest,4,90140,0,0.07221570480558599
depression,Random Forest,4,90148,0,0.010891713426193841
depression,Random Forest,4,90156,1,0.16389670503633905
depression,Random Forest,4,90167,0,0.03864094280940905
depression,Random Forest,4,90182,0,0.03761044705500171
depression,Random Forest,4,90189,0,0.13469728999022348
depression,Random Forest,4,90200,0,0.7276473819501115
depression,Random Forest,4,90212,0,0.07766612217200708
depression,Random Forest,4,90225,0,0.05321795492179031
depression,Random Forest,4,90239,0,0.1639977180521522
depression,Random Forest,4,90250,0,0.08300501733668333
depression,Random Forest,4,90260,0,0.5703740610797474
depression,Random Forest,4,90271,0,0.006662942166885377
depression,Random Forest,4,90278,0,0.03994253793033293
depression,Random Forest,4,90292,0,0.0898678109657935
depression,Random Forest,4,90299,0,0.32216291747124964
depression,Random Forest,4,90307,0,0.023154425275915925
depression,Random Forest,4,90320,1,0.2737481787022174
depression,Random Forest,4,90326,0,0.044405821027191476
depression,Random Forest,4,90335,0,0.07003357458511829
depression,Random Forest,4,90344,0,0.023476282008044577
depression,Random Forest,4,90351,0,0.04528990330472345
depression,Random Forest,4,90355,0,0.16602786058771588
depression,Random Forest,4,90363,0,0.46703438209425857
depression,Random Forest,4,90375,0,0.32790881567281444
depression,Random Forest,4,90384,0,0.09114548195915433
depression,Random Forest,4,90397,0,0.3025466882305521
depression,Random Forest,4,90410,0,0.35292261334317826
depression,Random Forest,4,90421,0,0.20344419563965158
depression,Random Forest,4,90436,0,0.18473742611994012
depression,Random Forest,4,90447,1,0.470939122200628
depression,Random Forest,4,90458,0,0.6999702779573751
depression,Random Forest,4,90466,0,0.05710904409755699
depression,Random Forest,4,90480,1,0.20582752428746454
depression,Random Forest,4,90484,0,0.007333501999522043
depression,Random Forest,4,90497,0,0.10006679364395482
depression,Random Forest,4,90504,0,0.11509451134779025
depression,Random Forest,4,90517,0,0.10614930398180641
depression,Random Forest,4,90523,0,0.08213552483612974
depression,Random Forest,4,90531,0,0.036583829173060016
depression,Random Forest,4,90539,0,0.06907737542362075
depression,Random Forest,4,90547,0,0.11013366369981308
depression,Random Forest,4,90560,0,0.5643639687904176
depression,Random Forest,4,90573,0,0.02075197383813027
depression,Random Forest,4,90582,0,0.013934559544514231
depression,Random Forest,4,90590,0,0.09826203493622286
depression,Random Forest,4,90598,0,0.05526662621867397
depression,Random Forest,4,90609,0,0.017220640520790836
depression,Random Forest,4,90617,0,0.13814872434924358
depression,Random Forest,4,90627,0,0.462773884597715
depression,Random Forest,4,90635,0,0.006593464132881593
depression,Random Forest,4,90645,0,0.048395720532879355
depression,Random Forest,4,90652,0,0.09640124469124897
depression,Random Forest,4,90658,0,0.0
depression,Random Forest,4,90665,0,0.0952425869501489
depression,Random Forest,4,90669,0,0.08694275011771638
depression,Random Forest,4,90674,0,0.14864132502463975
depression,Random Forest,4,90683,0,0.0826599598913344
depression,Random Forest,4,90691,0,0.2144911812585184
depression,Random Forest,4,90701,0,0.21854601871712145
depression,Random Forest,4,90713,0,0.04215344382868087
depression,Random Forest,4,90721,0,0.02322680441893094
depression,Random Forest,4,90739,0,0.1185432355440879
depression,Random Forest,4,90747,0,0.06608692878730499
depression,Random Forest,4,90764,0,0.04436778051918985
depression,Random Forest,4,90775,0,0.5178301770384387
depression,Random Forest,4,90794,0,0.1072480861647869
depression,Random Forest,4,90795,0,0.04907400420154045
depression,Random Forest,4,90805,0,0.02777850548802466
depression,Random Forest,4,90814,0,0.24331534525513976
depression,Random Forest,4,90831,0,0.05525259529113936
depression,Random Forest,4,90843,0,0.2380392181193929
depression,Random Forest,4,90849,0,0.0005372963703915401
depression,Random Forest,4,90859,1,0.11827346393689328
depression,Random Forest,4,90872,0,0.4636224826347034
depression,Random Forest,4,90883,0,0.10516838997867245
depression,Random Forest,4,90890,1,0.4281929318693222
depression,Random Forest,4,90896,0,0.10821420049896342
depression,Random Forest,4,90906,0,0.047152643330839975
depression,Random Forest,4,90914,0,0.09771360046986782
depression,Random Forest,4,90923,0,0.05657538636314234
depression,Random Forest,4,90929,0,0.39074740438999056
depression,Random Forest,4,90937,0,0.013152055467582847
depression,Random Forest,4,90944,0,0.14363157218519773
depression,Random Forest,4,90958,0,0.01933356344864557
depression,Random Forest,4,90967,0,0.08305919203801829
depression,Random Forest,4,90975,0,0.004887242477416001
depression,Random Forest,4,90986,0,0.24543693383374487
depression,Random Forest,4,90989,0,0.2686044713774389
depression,Random Forest,4,90994,0,0.1792009473767405
depression,Random Forest,4,91013,0,0.04514808988973623
depression,Random Forest,4,91025,0,0.017849174502069198
depression,Random Forest,4,91037,0,0.012021169343188644
depression,Random Forest,4,91043,1,0.056184506156916295
depression,Random Forest,4,91052,0,0.1060674471433498
depression,Random Forest,4,91064,0,0.0006702317290552587
depression,Random Forest,4,91076,0,0.2690028473346812
depression,Random Forest,4,91084,0,0.03285225411003753
depression,Random Forest,4,91098,0,0.01785041040891748
depression,Random Forest,4,91109,1,0.21969322575563402
depression,Random Forest,4,91110,0,0.03345655766360738
depression,Random Forest,4,91130,0,0.1535973690290331
depression,Random Forest,4,91140,0,0.0953353030095105
depression,Random Forest,4,91153,0,0.08470958056802644
depression,Random Forest,4,91162,0,0.08998276763319808
depression,Random Forest,4,91171,0,0.038050117252824284
depression,Random Forest,4,91180,0,0.2217306013750568
depression,Random Forest,4,91192,0,0.330643108769867
depression,Random Forest,4,91206,0,0.04222121271152906
depression,Random Forest,4,91216,0,0.005695072598918434
depression,Random Forest,4,91226,0,0.2755872627820295
depression,Random Forest,4,91242,0,0.03102805134190378
depression,Random Forest,4,91252,0,0.16435339877971392
depression,Random Forest,4,91264,0,0.08225268107362885
depression,Random Forest,4,91274,0,0.00915510104699294
depression,Random Forest,4,91284,0,0.07173736075715158
depression,Random Forest,4,91291,0,0.3801547383301228
depression,Random Forest,4,91299,0,0.01592986361334167
depression,Random Forest,4,91309,0,0.19433992171778278
depression,Random Forest,4,91321,0,0.18693492215309782
depression,Random Forest,4,91326,0,0.012807004698896592
depression,Random Forest,4,91341,0,0.1629412022275644
depression,Random Forest,4,91350,0,0.0972589591381344
depression,Random Forest,4,91356,0,0.21991744933344973
depression,Random Forest,4,91363,0,0.18395642170691023
depression,Random Forest,4,91368,0,0.15594061695125258
depression,Random Forest,4,91385,0,0.07393909296334694
depression,Random Forest,4,91396,0,0.5755612105155056
depression,Random Forest,4,91404,0,0.19677858428417266
depression,Random Forest,4,91416,1,0.41839769294696955
depression,Random Forest,4,91425,0,0.15167418385587003
depression,Random Forest,4,91436,0,0.03848083059875441
depression,Random Forest,4,91443,0,0.04644269149265374
depression,Random Forest,4,91451,0,0.09061480710170175
depression,Random Forest,4,91468,0,0.25175830177944497
depression,Random Forest,4,91477,0,0.01240925225230297
depression,Random Forest,4,91484,0,0.09741422924492722
depression,Random Forest,4,91491,0,0.13197363242845214
depression,Random Forest,4,91503,0,0.05407678409343077
depression,Random Forest,4,91513,0,0.08674691348033825
depression,Random Forest,4,91515,0,0.011926219009011012
depression,Random Forest,4,91530,0,0.00457755052349647
depression,Random Forest,4,91537,0,0.19061538320134858
depression,Random Forest,4,91551,0,0.008096032547093488
depression,Random Forest,4,91558,0,0.059923775360412455
depression,Random Forest,4,91573,0,0.4557379437802815
depression,Random Forest,4,91585,1,0.003915850864403249
depression,Random Forest,4,91597,0,0.03973683573787884
depression,Random Forest,4,91606,0,0.05626377867570115
depression,Random Forest,4,91617,0,0.25750802753800967
depression,Random Forest,4,91624,0,0.05780094730783631
depression,Random Forest,4,91627,0,0.021250202204616705
depression,Random Forest,4,91634,0,0.1098329820082512
depression,Random Forest,4,91643,0,0.16266290669744868
depression,Random Forest,4,91663,1,0.027850297093587297
depression,Random Forest,4,91671,0,0.01104212664762462
depression,Random Forest,4,91675,0,0.5334830993941204
depression,Random Forest,4,91692,0,0.15475232339751488
depression,Random Forest,4,91704,0,0.02291706629678553
depression,Random Forest,4,91713,0,0.05589526280811305
depression,Random Forest,4,91722,0,0.1652256465845695
depression,Random Forest,4,91729,0,0.006662942166885377
depression,Random Forest,4,91734,0,0.11802351283685816
depression,Random Forest,4,91743,0,0.03508231490386543
depression,Random Forest,4,91753,0,0.5097215061538336
depression,Random Forest,4,91755,0,0.2903169396679801
depression,Random Forest,4,91769,1,0.05168453371574542
depression,Random Forest,4,91783,0,0.07374622348086335
depression,Random Forest,4,91791,0,0.09332608708506049
depression,Random Forest,4,91801,0,0.36081813877800967
depression,Random Forest,4,91808,0,0.4292726529377538
depression,Random Forest,4,91815,0,0.14396194082473576
depression,Random Forest,4,91821,0,0.008229454175400122
depression,Random Forest,4,91833,0,0.0076382101788244625
depression,Random Forest,4,91839,0,0.11517137838560275
depression,Random Forest,4,91849,0,0.004333461390703035
depression,Random Forest,4,91858,0,0.20509721703415892
depression,Random Forest,4,91867,0,0.12273165699269305
depression,Random Forest,4,91880,0,0.049784452106829885
depression,Random Forest,4,91889,0,0.17810148530274225
depression,Random Forest,4,91898,0,0.06678289748941144
depression,Random Forest,4,91907,0,0.4736065940471257
depression,Random Forest,4,91919,0,0.1431127754325943
depression,Random Forest,4,91928,0,0.5288047934840384
depression,Random Forest,4,91938,0,0.15719389915433538
depression,Random Forest,4,91952,0,0.19922442016942377
depression,Random Forest,4,91965,0,0.5020804337653201
depression,Random Forest,4,91974,0,0.3130586260064605
depression,Random Forest,4,91979,0,0.07511771056825207
depression,Random Forest,4,91991,0,0.0267143521160512
depression,Random Forest,4,91999,0,0.22895917515512879
depression,Random Forest,4,92007,0,0.09948642861318864
depression,Random Forest,4,92024,0,0.03094972468026685
depression,Random Forest,4,92037,0,0.057374434443643645
depression,Random Forest,4,92045,0,0.24665837271631524
depression,Random Forest,4,92052,0,0.17754555172644867
depression,Random Forest,4,92066,0,0.45733904457283986
depression,Random Forest,4,92076,0,0.37974658677535644
depression,Random Forest,4,92088,0,0.009804180416299844
depression,Random Forest,4,92098,0,0.15725986882355378
depression,Random Forest,4,92099,0,0.015504557885041062
depression,Random Forest,4,92112,0,0.008702348581348942
depression,Random Forest,4,92122,0,0.1297409150749121
depression,Random Forest,4,92129,0,0.06452985339564683
depression,Random Forest,4,92135,0,0.0436377181087104
depression,Random Forest,4,92146,0,0.25133807355576127
depression,Random Forest,4,92151,1,0.3047374744352347
depression,Random Forest,4,92166,0,0.05571994928880168
depression,Random Forest,4,92184,0,0.25638402612798983
depression,Random Forest,4,92194,0,0.01693525141035145
depression,Random Forest,4,92203,0,0.5781231141075651
depression,Random Forest,4,92216,0,0.2521943637216062
depression,Random Forest,4,92225,0,0.048656816619211785
depression,Random Forest,4,92238,0,0.31967519598319727
depression,Random Forest,4,92245,0,0.04498041020166351
depression,Random Forest,4,92251,0,0.36103142974467045
depression,Random Forest,4,92258,0,0.1294302586596268
depression,Random Forest,4,92274,0,0.007941532506897574
depression,Random Forest,4,92286,0,0.12421172857034035
depression,Random Forest,4,92297,0,0.01327285988542101
depression,Random Forest,4,92309,0,0.3458177797867619
depression,Random Forest,4,92325,0,0.006662942166885377
depression,Random Forest,4,92338,1,0.14414567705995585
depression,Random Forest,4,92351,0,0.022502399288058923
depression,Random Forest,4,92361,0,0.05306165307363218
depression,Random Forest,4,92368,0,0.24215074339383316
depression,Random Forest,4,92376,0,0.15332995972146807
depression,Random Forest,4,92390,0,0.32860411784756793
depression,Random Forest,4,92400,0,0.1762317174471047
depression,Random Forest,4,92408,0,0.21047010320540538
depression,Random Forest,4,92416,0,0.04277922607969233
depression,Random Forest,4,92423,1,0.2926066089730298
depression,Random Forest,4,92433,0,0.042403429207958296
depression,Random Forest,4,92440,0,0.24992566452873388
depression,Random Forest,4,92454,0,0.36517538976978403
depression,Random Forest,4,92465,0,0.04995323598085211
depression,Random Forest,4,92473,0,0.17476958128956252
depression,Random Forest,4,92494,0,0.18136687128012727
depression,Random Forest,4,92499,0,0.16229298978124213
depression,Random Forest,4,92508,0,0.06908308020396751
depression,Random Forest,4,92521,0,0.022874810243505694
depression,Random Forest,4,92529,0,0.1606074775639367
depression,Random Forest,4,92536,0,0.08842818098090355
depression,Random Forest,4,92544,0,0.05915959059972956
depression,Random Forest,4,92554,0,0.06756337956459578
depression,Random Forest,4,92561,0,0.4425014515095438
depression,Random Forest,4,92568,0,0.058092297931661124
depression,Random Forest,4,92584,0,0.14908890252485496
depression,Random Forest,4,92593,0,0.004041231291037059
depression,Random Forest,4,92603,0,0.062242085459375394
depression,Random Forest,4,92610,0,0.012436874304530108
depression,Random Forest,4,92620,0,0.05447239478574242
depression,Random Forest,4,92624,0,0.268561227902123
depression,Random Forest,4,92636,0,0.48217147335761984
depression,Random Forest,4,92648,0,0.41368035266234654
depression,Random Forest,4,92659,0,0.07127549903520572
depression,Random Forest,4,92668,0,0.17220459716878775
depression,Random Forest,4,92677,0,0.16851056651649687
depression,Random Forest,4,92689,0,0.055309958299490966
depression,Random Forest,4,92699,1,0.1282848758823395
depression,Random Forest,4,92706,0,0.12317501899405353
depression,Random Forest,4,92720,0,0.15939484103179327
depression,Random Forest,4,92726,0,0.31385334081389954
depression,Random Forest,4,92742,0,0.08196669591206347
depression,Random Forest,4,92750,0,0.302216608405182
depression,Random Forest,4,92761,0,0.23208538635143852
depression,Random Forest,4,92773,0,0.012575085022387156
depression,Random Forest,4,92779,0,0.2979051967002298
depression,Random Forest,4,92789,1,0.3762466843031838
depression,Random Forest,4,92802,0,0.34969977782842393
depression,Random Forest,4,92817,0,0.12296404717156094
depression,Random Forest,4,92824,0,0.017119457697434087
depression,Random Forest,4,92831,0,0.3881267574992161
depression,Random Forest,4,92841,0,0.19570549294997008
depression,Random Forest,4,92851,0,0.02837140341309024
depression,Random Forest,4,92861,0,0.06756125226571427
depression,Random Forest,4,92872,0,0.2882180713836203
depression,Random Forest,4,92882,0,0.054598964517697614
depression,Random Forest,4,92890,0,0.013649253895434468
depression,Random Forest,4,92898,0,0.01693525141035145
depression,Random Forest,4,92904,0,0.48200843699418455
depression,Random Forest,4,92911,0,0.03263720824618251
depression,Random Forest,4,92921,0,0.028969478784462776
depression,Random Forest,4,92929,0,0.061671403313064005
depression,Random Forest,4,92939,0,0.09342417865025913
depression,Random Forest,4,92951,0,0.008612935290398858
depression,Random Forest,4,92959,0,0.17958476690677727
depression,Random Forest,4,92969,0,0.23227483405491128
depression,Random Forest,4,92978,0,0.01769830498936851
depression,Random Forest,4,92987,0,0.079257730860218
depression,Random Forest,4,92993,0,0.03397264297157318
depression,Random Forest,4,93001,0,0.035103279718660785
depression,Random Forest,4,93007,0,0.2768763566559436
depression,Random Forest,4,93015,0,0.004041231291037059
depression,Random Forest,4,93017,0,0.00915510104699294
depression,Random Forest,4,93030,0,0.046404419708915345
depression,Random Forest,4,93044,0,0.00457755052349647
depression,Random Forest,4,93051,0,0.0
depression,Random Forest,4,93063,0,0.012556070215560442
depression,Random Forest,4,93073,0,0.34624401457582726
depression,Random Forest,4,93081,0,0.08018717394009901
depression,Random Forest,4,93088,0,0.01072509938751977
depression,Random Forest,4,93098,1,0.16980540737769748
depression,Random Forest,4,93107,0,0.3942714305047984
depression,Random Forest,4,93116,0,0.09504660345904649
depression,Random Forest,4,93130,0,0.045157653931319215
depression,Random Forest,4,93143,0,0.07750778617198234
depression,Random Forest,4,93154,0,0.3063523339117421
depression,Random Forest,4,93171,0,0.06865810010710169
depression,Random Forest,4,93178,0,0.10404701300090463
depression,Random Forest,4,93189,0,0.3202416513293517
depression,Random Forest,4,93201,0,0.3392409647359271
depression,Random Forest,4,93208,0,0.36465988656195963
depression,Random Forest,4,93217,0,0.10635522463815
depression,Random Forest,4,93223,0,0.22203210304356483
depression,Random Forest,4,93241,1,0.1993364352623066
depression,Random Forest,4,93256,0,0.09465735255836927
depression,Random Forest,4,93260,0,0.33284601228807587
depression,Random Forest,4,93270,0,0.15899794238433004
depression,Random Forest,4,93275,0,0.017915876581328864
depression,Random Forest,4,93284,0,0.004710205445131118
depression,Random Forest,4,93294,0,0.09591796232164636
depression,Random Forest,4,93306,0,0.041708091780863946
depression,Random Forest,4,93312,0,0.002458673362628165
depression,Random Forest,4,93326,0,0.0628986808981863
depression,Random Forest,4,93333,0,0.0
depression,Random Forest,4,93342,0,0.3440472966872384
depression,Random Forest,4,93351,0,0.011881357827303773
depression,Random Forest,4,93363,0,0.24925703614848022
depression,Random Forest,4,93368,0,0.05654781936085514
depression,Random Forest,4,93375,1,0.5446120165940704
depression,Random Forest,4,93392,0,0.2727294858921427
depression,Random Forest,4,93413,0,0.16811623900203826
depression,Random Forest,4,93421,0,0.6614891640753973
depression,Random Forest,4,93435,0,0.006774146967172744
depression,Random Forest,4,93438,0,0.09631895483925507
depression,Random Forest,4,93451,0,0.37698924958411406
depression,Random Forest,4,93457,0,0.033273867277301514
depression,Random Forest,4,93469,0,0.1963773198437207
depression,Random Forest,4,93485,0,0.02752508258362023
depression,Random Forest,4,93490,0,0.20918328499919386
depression,Random Forest,4,93499,0,0.23718550570237493
depression,Random Forest,4,93508,0,0.053343537328899904
depression,Random Forest,4,93524,0,0.10652135790367608
depression,Random Forest,4,93533,0,0.22677406751212456
depression,Random Forest,4,93547,0,0.039130738540090845
depression,Random Forest,4,93556,0,0.5660136470882642
depression,Random Forest,4,93564,0,0.05643786332217265
depression,Random Forest,4,93572,0,0.05584920734162298
depression,Random Forest,4,93582,0,0.132152964592812
depression,Random Forest,4,93593,0,0.15689268977742463
depression,Random Forest,4,93607,0,0.002664210302557926
depression,Random Forest,4,93612,0,0.12015910810308295
depression,Random Forest,4,93618,0,0.06275345806489308
depression,Random Forest,4,93625,0,0.09875081413750025
depression,Random Forest,4,93638,0,0.11246867289073909
depression,Random Forest,4,93645,0,0.007939532250223319
depression,Random Forest,4,93656,0,0.0
depression,Random Forest,4,93668,1,0.5042544650544635
depression,Random Forest,4,93676,0,0.218633005126627
depression,Random Forest,4,93689,0,0.4088328640137609
depression,Random Forest,4,93702,0,0.013970055002056699
depression,Logistic Regression,5,83736,0,0.580725661057763
depression,Logistic Regression,5,83747,0,0.49238259771164594
depression,Logistic Regression,5,83757,0,0.7155474185669611
depression,Logistic Regression,5,83773,0,0.4426358568654006
depression,Logistic Regression,5,83785,0,0.26953570545535077
depression,Logistic Regression,5,83791,0,0.6067772448202802
depression,Logistic Regression,5,83816,0,0.5727660788703982
depression,Logistic Regression,5,83822,0,0.5326503435833815
depression,Logistic Regression,5,83834,0,0.5447680755919757
depression,Logistic Regression,5,83845,0,0.6453612706481381
depression,Logistic Regression,5,83856,0,0.4136437092920107
depression,Logistic Regression,5,83863,0,0.39393401812843726
depression,Logistic Regression,5,83871,0,0.6966936915704508
depression,Logistic Regression,5,83883,0,0.7143034761236243
depression,Logistic Regression,5,83889,1,0.21677978109497503
depression,Logistic Regression,5,83897,0,0.5085558293008386
depression,Logistic Regression,5,83903,0,0.5121799636645318
depression,Logistic Regression,5,83914,0,0.4842745209401337
depression,Logistic Regression,5,83925,0,0.42212843710942993
depression,Logistic Regression,5,83934,0,0.6295890448937494
depression,Logistic Regression,5,83947,0,0.4567127571454248
depression,Logistic Regression,5,83954,0,0.2268822781959742
depression,Logistic Regression,5,83962,0,0.5057320519228028
depression,Logistic Regression,5,83967,0,0.18210036341334374
depression,Logistic Regression,5,83971,0,0.48595366813842317
depression,Logistic Regression,5,83986,0,0.4873676498491345
depression,Logistic Regression,5,83993,0,0.5362008701010322
depression,Logistic Regression,5,84001,0,0.29814490738052135
depression,Logistic Regression,5,84010,0,0.4606154801300395
depression,Logistic Regression,5,84018,0,0.17675424018863856
depression,Logistic Regression,5,84025,0,0.5689303489247075
depression,Logistic Regression,5,84032,0,0.43042878060360334
depression,Logistic Regression,5,84039,0,0.512869463012863
depression,Logistic Regression,5,84050,0,0.517789741683058
depression,Logistic Regression,5,84062,0,0.6693861268842399
depression,Logistic Regression,5,84073,0,0.6010426724932175
depression,Logistic Regression,5,84087,0,0.17226230180298688
depression,Logistic Regression,5,84098,0,0.5165660138330489
depression,Logistic Regression,5,84108,0,0.4768827089135274
depression,Logistic Regression,5,84115,0,0.4568491190473168
depression,Logistic Regression,5,84122,0,0.4753810650688271
depression,Logistic Regression,5,84137,0,0.4579314219911409
depression,Logistic Regression,5,84151,0,0.26205653987924515
depression,Logistic Regression,5,84168,0,0.5789454501796816
depression,Logistic Regression,5,84173,0,0.3768033142624027
depression,Logistic Regression,5,84185,0,0.48232421532273095
depression,Logistic Regression,5,84194,0,0.31474068296717617
depression,Logistic Regression,5,84202,0,0.18851614731768673
depression,Logistic Regression,5,84212,0,0.6727359835520385
depression,Logistic Regression,5,84220,0,0.19588810589192054
depression,Logistic Regression,5,84225,0,0.4987638754459884
depression,Logistic Regression,5,84236,0,0.5695786128653121
depression,Logistic Regression,5,84248,0,0.6435258348267616
depression,Logistic Regression,5,84265,0,0.659175448623979
depression,Logistic Regression,5,84280,0,0.4239615848005161
depression,Logistic Regression,5,84291,0,0.6202357647996669
depression,Logistic Regression,5,84299,0,0.22409294240193461
depression,Logistic Regression,5,84308,0,0.2556263236255907
depression,Logistic Regression,5,84319,0,0.5024341172225854
depression,Logistic Regression,5,84332,0,0.6978672916542903
depression,Logistic Regression,5,84353,0,0.47281729381117854
depression,Logistic Regression,5,84363,0,0.5603095761661114
depression,Logistic Regression,5,84375,1,0.6552769179478369
depression,Logistic Regression,5,84380,1,0.5462182880319184
depression,Logistic Regression,5,84389,0,0.29337266761147257
depression,Logistic Regression,5,84394,0,0.6482943993270676
depression,Logistic Regression,5,84401,0,0.5011878416787203
depression,Logistic Regression,5,84409,1,0.6334152536675814
depression,Logistic Regression,5,84419,0,0.4896128835639628
depression,Logistic Regression,5,84426,0,0.22679137534551028
depression,Logistic Regression,5,84435,0,0.5014072627961335
depression,Logistic Regression,5,84450,0,0.5980145011101508
depression,Logistic Regression,5,84455,0,0.7073557741118154
depression,Logistic Regression,5,84466,0,0.6707375413087425
depression,Logistic Regression,5,84475,0,0.47437377015357796
depression,Logistic Regression,5,84485,1,0.6442746071264739
depression,Logistic Regression,5,84493,0,0.65465435894008
depression,Logistic Regression,5,84495,0,0.5935817220836822
depression,Logistic Regression,5,84514,0,0.6273291255514176
depression,Logistic Regression,5,84536,0,0.43525977547940276
depression,Logistic Regression,5,84542,1,0.60180013631821
depression,Logistic Regression,5,84551,0,0.6063854424676675
depression,Logistic Regression,5,84561,0,0.26313832576152524
depression,Logistic Regression,5,84569,0,0.2704833660294533
depression,Logistic Regression,5,84581,1,0.48624970124384786
depression,Logistic Regression,5,84587,0,0.618618178922689
depression,Logistic Regression,5,84595,0,0.19933594441838373
depression,Logistic Regression,5,84606,0,0.5630277948151017
depression,Logistic Regression,5,84614,0,0.4597547162119872
depression,Logistic Regression,5,84620,0,0.5299630276637165
depression,Logistic Regression,5,84628,0,0.5447671071301653
depression,Logistic Regression,5,84641,0,0.7101770584628807
depression,Logistic Regression,5,84652,0,0.18726453211356558
depression,Logistic Regression,5,84661,0,0.5090458459065695
depression,Logistic Regression,5,84671,0,0.41004193409043665
depression,Logistic Regression,5,84677,0,0.41935048115443274
depression,Logistic Regression,5,84686,1,0.44068566269567383
depression,Logistic Regression,5,84696,0,0.37187979896936285
depression,Logistic Regression,5,84706,0,0.2809541754733612
depression,Logistic Regression,5,84715,0,0.5176140914977276
depression,Logistic Regression,5,84723,0,0.1766877106148007
depression,Logistic Regression,5,84734,1,0.6721998433266089
depression,Logistic Regression,5,84747,1,0.5849429213142968
depression,Logistic Regression,5,84753,0,0.5167907366188637
depression,Logistic Regression,5,84755,1,0.257670695065128
depression,Logistic Regression,5,84763,0,0.636096998140924
depression,Logistic Regression,5,84770,0,0.5295302198664872
depression,Logistic Regression,5,84778,0,0.5104431774172506
depression,Logistic Regression,5,84788,0,0.5618155011256767
depression,Logistic Regression,5,84796,0,0.2609776261904345
depression,Logistic Regression,5,84804,0,0.29898120659535526
depression,Logistic Regression,5,84816,0,0.38421557584090194
depression,Logistic Regression,5,84826,0,0.6253628385570749
depression,Logistic Regression,5,84832,0,0.31930886186456703
depression,Logistic Regression,5,84842,0,0.5413271639999397
depression,Logistic Regression,5,84850,0,0.6630129582252711
depression,Logistic Regression,5,84865,0,0.459703110044046
depression,Logistic Regression,5,84870,0,0.367213984628384
depression,Logistic Regression,5,84878,0,0.554317532728353
depression,Logistic Regression,5,84895,0,0.6396926422091816
depression,Logistic Regression,5,84902,0,0.6659680368636935
depression,Logistic Regression,5,84912,0,0.46330082126264727
depression,Logistic Regression,5,84917,0,0.5878685844929296
depression,Logistic Regression,5,84924,0,0.3384148898938838
depression,Logistic Regression,5,84931,0,0.267418455739329
depression,Logistic Regression,5,84938,0,0.5456268036943761
depression,Logistic Regression,5,84947,0,0.3438007674116573
depression,Logistic Regression,5,84954,0,0.4923591646538212
depression,Logistic Regression,5,84967,0,0.3205904026941703
depression,Logistic Regression,5,84978,0,0.6374795149198081
depression,Logistic Regression,5,84989,0,0.39920445302265445
depression,Logistic Regression,5,85000,0,0.47085537352133966
depression,Logistic Regression,5,85006,0,0.253125026813735
depression,Logistic Regression,5,85019,0,0.669591700144153
depression,Logistic Regression,5,85035,0,0.7195484173302111
depression,Logistic Regression,5,85042,0,0.5675687424428679
depression,Logistic Regression,5,85052,1,0.4751073552380058
depression,Logistic Regression,5,85060,0,0.2351526719591753
depression,Logistic Regression,5,85066,0,0.3026180611161886
depression,Logistic Regression,5,85075,0,0.6658047344657608
depression,Logistic Regression,5,85093,0,0.38502030641488655
depression,Logistic Regression,5,85106,0,0.5662688653139476
depression,Logistic Regression,5,85111,0,0.3879361165232432
depression,Logistic Regression,5,85119,0,0.42086819067488357
depression,Logistic Regression,5,85131,0,0.3260888142682495
depression,Logistic Regression,5,85145,0,0.39720658811330395
depression,Logistic Regression,5,85155,0,0.37647109228514725
depression,Logistic Regression,5,85161,0,0.4591706967901602
depression,Logistic Regression,5,85170,0,0.27315727864824224
depression,Logistic Regression,5,85181,0,0.41006857371013816
depression,Logistic Regression,5,85194,0,0.5016197500723598
depression,Logistic Regression,5,85203,0,0.5377868779978271
depression,Logistic Regression,5,85213,0,0.4311137168165111
depression,Logistic Regression,5,85219,0,0.499824344007936
depression,Logistic Regression,5,85229,0,0.24930058532071744
depression,Logistic Regression,5,85234,0,0.47365858671746075
depression,Logistic Regression,5,85243,1,0.46832343365064283
depression,Logistic Regression,5,85250,0,0.6403306126750676
depression,Logistic Regression,5,85259,1,0.5048256746650489
depression,Logistic Regression,5,85269,0,0.4582628198850582
depression,Logistic Regression,5,85279,1,0.5892933408869083
depression,Logistic Regression,5,85286,1,0.6648257241897583
depression,Logistic Regression,5,85293,0,0.23890919236844047
depression,Logistic Regression,5,85302,0,0.4768537159565132
depression,Logistic Regression,5,85304,0,0.4936949753072169
depression,Logistic Regression,5,85318,0,0.4288741712119411
depression,Logistic Regression,5,85332,0,0.4749203302326182
depression,Logistic Regression,5,85339,0,0.17587650162472346
depression,Logistic Regression,5,85351,0,0.28860174025307783
depression,Logistic Regression,5,85358,0,0.510506601750787
depression,Logistic Regression,5,85366,0,0.577448494166619
depression,Logistic Regression,5,85375,0,0.6637992063105294
depression,Logistic Regression,5,85382,0,0.5422977880407471
depression,Logistic Regression,5,85393,0,0.7489389964194967
depression,Logistic Regression,5,85399,0,0.6061363304409154
depression,Logistic Regression,5,85407,0,0.3657340027675082
depression,Logistic Regression,5,85420,0,0.44464155987704274
depression,Logistic Regression,5,85427,0,0.16909927681295486
depression,Logistic Regression,5,85438,0,0.2813613467568656
depression,Logistic Regression,5,85443,0,0.3318442788346248
depression,Logistic Regression,5,85456,0,0.5086576070573502
depression,Logistic Regression,5,85463,0,0.6321669517100509
depression,Logistic Regression,5,85472,0,0.5593698442858327
depression,Logistic Regression,5,85485,0,0.31439592288876206
depression,Logistic Regression,5,85493,0,0.45656955898255935
depression,Logistic Regression,5,85505,0,0.5465432509078322
depression,Logistic Regression,5,85517,0,0.6099849983580674
depression,Logistic Regression,5,85527,0,0.36475303021173705
depression,Logistic Regression,5,85535,0,0.5441095999627317
depression,Logistic Regression,5,85543,0,0.26250853664957563
depression,Logistic Regression,5,85552,0,0.4128945614026204
depression,Logistic Regression,5,85564,0,0.5785956292018348
depression,Logistic Regression,5,85565,0,0.5579571222204742
depression,Logistic Regression,5,85578,0,0.29782798236746905
depression,Logistic Regression,5,85587,0,0.3754269261869612
depression,Logistic Regression,5,85598,0,0.4157285561306963
depression,Logistic Regression,5,85618,0,0.44002134218847505
depression,Logistic Regression,5,85630,0,0.335116961612672
depression,Logistic Regression,5,85641,0,0.29122247094225295
depression,Logistic Regression,5,85651,0,0.4820987656188848
depression,Logistic Regression,5,85661,0,0.5636788112060214
depression,Logistic Regression,5,85668,1,0.2756327884232301
depression,Logistic Regression,5,85675,0,0.48250495861812337
depression,Logistic Regression,5,85683,0,0.2707907743710752
depression,Logistic Regression,5,85685,0,0.26515003742728277
depression,Logistic Regression,5,85706,0,0.33008794361423444
depression,Logistic Regression,5,85718,0,0.43516922312574113
depression,Logistic Regression,5,85727,0,0.4795101656068289
depression,Logistic Regression,5,85735,0,0.427793341475254
depression,Logistic Regression,5,85741,0,0.47591902133202263
depression,Logistic Regression,5,85750,0,0.2807045578849917
depression,Logistic Regression,5,85770,0,0.732542511907426
depression,Logistic Regression,5,85777,0,0.6824209434268701
depression,Logistic Regression,5,85783,0,0.5545255148167191
depression,Logistic Regression,5,85790,0,0.5554625135267609
depression,Logistic Regression,5,85799,0,0.62000681517812
depression,Logistic Regression,5,85804,0,0.17872858385721915
depression,Logistic Regression,5,85813,0,0.44111325363102905
depression,Logistic Regression,5,85822,1,0.5473189074321878
depression,Logistic Regression,5,85829,0,0.5357155467562705
depression,Logistic Regression,5,85844,0,0.5382076128006699
depression,Logistic Regression,5,85852,0,0.5146104632363382
depression,Logistic Regression,5,85861,0,0.49008549000463414
depression,Logistic Regression,5,85862,0,0.4663998438166474
depression,Logistic Regression,5,85869,0,0.5457623152389606
depression,Logistic Regression,5,85878,0,0.24825652141636753
depression,Logistic Regression,5,85896,0,0.5278340657377744
depression,Logistic Regression,5,85902,0,0.23136527972017415
depression,Logistic Regression,5,85914,0,0.614277680463356
depression,Logistic Regression,5,85930,0,0.3469979377729335
depression,Logistic Regression,5,85941,0,0.515056899709486
depression,Logistic Regression,5,85947,1,0.4421489442621976
depression,Logistic Regression,5,85958,0,0.6074041942702662
depression,Logistic Regression,5,85964,0,0.2841939307134118
depression,Logistic Regression,5,85973,0,0.5392133716107244
depression,Logistic Regression,5,85974,0,0.4908357255397293
depression,Logistic Regression,5,85983,0,0.5543683143915314
depression,Logistic Regression,5,85994,0,0.26392032745678035
depression,Logistic Regression,5,86005,0,0.3733528438508933
depression,Logistic Regression,5,86013,0,0.3856942654725209
depression,Logistic Regression,5,86022,0,0.6281402714984836
depression,Logistic Regression,5,86031,0,0.6178101670336461
depression,Logistic Regression,5,86037,0,0.567571977622987
depression,Logistic Regression,5,86047,0,0.5861252771535141
depression,Logistic Regression,5,86055,0,0.4699738711811548
depression,Logistic Regression,5,86061,0,0.3952945994458731
depression,Logistic Regression,5,86069,0,0.5745608851628161
depression,Logistic Regression,5,86082,1,0.47164549432775627
depression,Logistic Regression,5,86090,0,0.35346771569925955
depression,Logistic Regression,5,86096,0,0.1775018553316334
depression,Logistic Regression,5,86104,0,0.6114087528541896
depression,Logistic Regression,5,86118,0,0.6734885729401304
depression,Logistic Regression,5,86126,0,0.19336133313689446
depression,Logistic Regression,5,86144,0,0.42984109220006256
depression,Logistic Regression,5,86152,0,0.32503176915619075
depression,Logistic Regression,5,86159,0,0.5112714507880483
depression,Logistic Regression,5,86168,0,0.4243079409984992
depression,Logistic Regression,5,86177,0,0.4398196783274523
depression,Logistic Regression,5,86184,0,0.37882338497482276
depression,Logistic Regression,5,86192,0,0.6439276276420219
depression,Logistic Regression,5,86201,0,0.4979838658589944
depression,Logistic Regression,5,86210,0,0.507075530838372
depression,Logistic Regression,5,86215,0,0.2538595464441067
depression,Logistic Regression,5,86225,0,0.4201042440755884
depression,Logistic Regression,5,86237,0,0.4542194063900738
depression,Logistic Regression,5,86243,0,0.21212196504742675
depression,Logistic Regression,5,86249,0,0.724921157543828
depression,Logistic Regression,5,86261,0,0.21298835139893108
depression,Logistic Regression,5,86273,0,0.5217664908221068
depression,Logistic Regression,5,86280,0,0.411787801856501
depression,Logistic Regression,5,86286,0,0.52978380607082
depression,Logistic Regression,5,86297,0,0.540926725984842
depression,Logistic Regression,5,86308,0,0.7109322561960534
depression,Logistic Regression,5,86321,0,0.5733403315269386
depression,Logistic Regression,5,86328,0,0.19416186262656876
depression,Logistic Regression,5,86336,0,0.5264701995045984
depression,Logistic Regression,5,86349,0,0.22582389392012303
depression,Logistic Regression,5,86356,0,0.6764168766472517
depression,Logistic Regression,5,86362,1,0.5962584585405265
depression,Logistic Regression,5,86368,0,0.2231214612318051
depression,Logistic Regression,5,86384,0,0.7191548286844689
depression,Logistic Regression,5,86399,0,0.49187720099779875
depression,Logistic Regression,5,86405,0,0.4917762835315729
depression,Logistic Regression,5,86409,0,0.5756317026476488
depression,Logistic Regression,5,86420,0,0.4673877583310966
depression,Logistic Regression,5,86433,0,0.3578810392608742
depression,Logistic Regression,5,86444,0,0.5068318088983733
depression,Logistic Regression,5,86453,0,0.2529778449792364
depression,Logistic Regression,5,86467,0,0.5410486125686746
depression,Logistic Regression,5,86477,0,0.5643527236184188
depression,Logistic Regression,5,86493,0,0.5981894397532138
depression,Logistic Regression,5,86500,0,0.5376759698716637
depression,Logistic Regression,5,86514,0,0.45182354591335705
depression,Logistic Regression,5,86519,0,0.4981298846929739
depression,Logistic Regression,5,86525,0,0.501397313498461
depression,Logistic Regression,5,86534,0,0.4991188458045555
depression,Logistic Regression,5,86542,1,0.3170532043476867
depression,Logistic Regression,5,86552,1,0.6245001068703329
depression,Logistic Regression,5,86560,0,0.5292801766045306
depression,Logistic Regression,5,86568,0,0.3568273774035485
depression,Logistic Regression,5,86574,0,0.32769009732917537
depression,Logistic Regression,5,86584,0,0.3063996098857549
depression,Logistic Regression,5,86597,0,0.4947787397370411
depression,Logistic Regression,5,86604,0,0.47253293720630307
depression,Logistic Regression,5,86614,1,0.39498345085759695
depression,Logistic Regression,5,86624,0,0.18672149842243163
depression,Logistic Regression,5,86636,0,0.5437540970349064
depression,Logistic Regression,5,86641,0,0.4756643751128528
depression,Logistic Regression,5,86655,0,0.463797941811927
depression,Logistic Regression,5,86663,0,0.4346225973055326
depression,Logistic Regression,5,86669,0,0.5832833040320898
depression,Logistic Regression,5,86676,0,0.514334788046899
depression,Logistic Regression,5,86686,0,0.39057344546806133
depression,Logistic Regression,5,86699,0,0.5261349545635982
depression,Logistic Regression,5,86701,0,0.3776593839635435
depression,Logistic Regression,5,86718,1,0.538508619586386
depression,Logistic Regression,5,86730,0,0.4591889172556621
depression,Logistic Regression,5,86737,0,0.4251493776983321
depression,Logistic Regression,5,86745,0,0.5580658385929608
depression,Logistic Regression,5,86753,0,0.5228451653458931
depression,Logistic Regression,5,86764,0,0.3772506393117057
depression,Logistic Regression,5,86774,0,0.54075081971307
depression,Logistic Regression,5,86782,0,0.5911051637791661
depression,Logistic Regression,5,86787,0,0.6445927450870202
depression,Logistic Regression,5,86806,0,0.47887449699610274
depression,Logistic Regression,5,86815,0,0.5976605866503658
depression,Logistic Regression,5,86826,0,0.4129100967035685
depression,Logistic Regression,5,86837,0,0.5479299435896097
depression,Logistic Regression,5,86856,0,0.20699397334369207
depression,Logistic Regression,5,86868,0,0.4300846283526176
depression,Logistic Regression,5,86877,0,0.18210036341334374
depression,Logistic Regression,5,86881,0,0.6205884687819493
depression,Logistic Regression,5,86886,0,0.5427139457450728
depression,Logistic Regression,5,86905,0,0.313896889246329
depression,Logistic Regression,5,86911,0,0.33748222993898164
depression,Logistic Regression,5,86929,0,0.2724113331917816
depression,Logistic Regression,5,86947,0,0.29719844282758195
depression,Logistic Regression,5,86959,0,0.2424826854126452
depression,Logistic Regression,5,86965,0,0.667024743258356
depression,Logistic Regression,5,86968,0,0.4814240159423485
depression,Logistic Regression,5,86981,0,0.6032771932946891
depression,Logistic Regression,5,86987,0,0.4518883700815906
depression,Logistic Regression,5,86996,0,0.24823786234642448
depression,Logistic Regression,5,87005,0,0.5769509181620921
depression,Logistic Regression,5,87016,0,0.7122052587929072
depression,Logistic Regression,5,87030,0,0.6691499456650551
depression,Logistic Regression,5,87046,0,0.5901068796855405
depression,Logistic Regression,5,87052,0,0.477045200938046
depression,Logistic Regression,5,87063,0,0.5053527132499268
depression,Logistic Regression,5,87072,0,0.446778027891706
depression,Logistic Regression,5,87081,0,0.5181729649074577
depression,Logistic Regression,5,87098,0,0.2316954035249575
depression,Logistic Regression,5,87112,0,0.7074046396917034
depression,Logistic Regression,5,87120,0,0.2680069813024331
depression,Logistic Regression,5,87125,0,0.5814383387505715
depression,Logistic Regression,5,87135,1,0.3201905438608885
depression,Logistic Regression,5,87148,0,0.26313832576152524
depression,Logistic Regression,5,87156,0,0.701406992401492
depression,Logistic Regression,5,87163,0,0.48651238034154076
depression,Logistic Regression,5,87168,0,0.5462250966008874
depression,Logistic Regression,5,87175,0,0.2348172146997909
depression,Logistic Regression,5,87181,0,0.4785899172104595
depression,Logistic Regression,5,87193,0,0.4625498233848176
depression,Logistic Regression,5,87200,0,0.24877818703995216
depression,Logistic Regression,5,87209,0,0.6905514235981524
depression,Logistic Regression,5,87219,0,0.40380757174301174
depression,Logistic Regression,5,87228,0,0.2983649850854185
depression,Logistic Regression,5,87230,0,0.4757669443042951
depression,Logistic Regression,5,87238,1,0.4516725312309127
depression,Logistic Regression,5,87245,0,0.5791765543142873
depression,Logistic Regression,5,87255,1,0.2541826425682464
depression,Logistic Regression,5,87262,0,0.5674528248325132
depression,Logistic Regression,5,87274,0,0.674449038270938
depression,Logistic Regression,5,87281,1,0.6428090697321168
depression,Logistic Regression,5,87290,0,0.6223837618790199
depression,Logistic Regression,5,87301,0,0.46320736438942944
depression,Logistic Regression,5,87312,0,0.415885796921045
depression,Logistic Regression,5,87320,0,0.31767004049710806
depression,Logistic Regression,5,87329,0,0.6797656922843966
depression,Logistic Regression,5,87337,0,0.4288741712119411
depression,Logistic Regression,5,87346,0,0.5905896005984373
depression,Logistic Regression,5,87349,0,0.3807781029876718
depression,Logistic Regression,5,87369,0,0.5975577570580569
depression,Logistic Regression,5,87376,0,0.2917798264808789
depression,Logistic Regression,5,87388,0,0.5922765425274035
depression,Logistic Regression,5,87400,0,0.6344839731237474
depression,Logistic Regression,5,87417,0,0.22339474574217535
depression,Logistic Regression,5,87426,0,0.4652046995414316
depression,Logistic Regression,5,87433,0,0.47603792061797096
depression,Logistic Regression,5,87441,0,0.26691243011390303
depression,Logistic Regression,5,87455,0,0.4718469341759711
depression,Logistic Regression,5,87464,0,0.6691810810485238
depression,Logistic Regression,5,87475,0,0.5019304714035447
depression,Logistic Regression,5,87482,0,0.5341804157899813
depression,Logistic Regression,5,87489,0,0.32342638771999394
depression,Logistic Regression,5,87498,0,0.5215511104079987
depression,Logistic Regression,5,87507,0,0.5096024678280577
depression,Logistic Regression,5,87513,0,0.531265789451462
depression,Logistic Regression,5,87522,0,0.3930409061926186
depression,Logistic Regression,5,87531,1,0.5233274362072458
depression,Logistic Regression,5,87548,0,0.5778143301655376
depression,Logistic Regression,5,87554,0,0.4188297604531092
depression,Logistic Regression,5,87571,1,0.664315814880716
depression,Logistic Regression,5,87577,0,0.5734340049599728
depression,Logistic Regression,5,87586,0,0.514334788046899
depression,Logistic Regression,5,87594,1,0.600907371991727
depression,Logistic Regression,5,87603,0,0.40904129575537285
depression,Logistic Regression,5,87623,0,0.189311985806409
depression,Logistic Regression,5,87632,0,0.49524334364905737
depression,Logistic Regression,5,87648,1,0.2545647512390702
depression,Logistic Regression,5,87664,0,0.5580304003678725
depression,Logistic Regression,5,87677,0,0.6357114125759907
depression,Logistic Regression,5,87684,0,0.1837704088556976
depression,Logistic Regression,5,87694,0,0.4754140310359548
depression,Logistic Regression,5,87717,0,0.42670576699464124
depression,Logistic Regression,5,87729,0,0.21205340492252855
depression,Logistic Regression,5,87741,0,0.5693449904198749
depression,Logistic Regression,5,87755,0,0.39445977564911505
depression,Logistic Regression,5,87762,0,0.3705933287608709
depression,Logistic Regression,5,87774,0,0.44478013605734473
depression,Logistic Regression,5,87781,0,0.19933594441838373
depression,Logistic Regression,5,87795,0,0.7290177247810035
depression,Logistic Regression,5,87801,0,0.4160191280002704
depression,Logistic Regression,5,87809,0,0.4077343625348368
depression,Logistic Regression,5,87819,0,0.38267079879747073
depression,Logistic Regression,5,87830,0,0.4764819755849964
depression,Logistic Regression,5,87843,0,0.5490704625054341
depression,Logistic Regression,5,87850,0,0.5787310387146355
depression,Logistic Regression,5,87857,0,0.18745271205315972
depression,Logistic Regression,5,87873,0,0.19491523007324826
depression,Logistic Regression,5,87885,1,0.5081416134241189
depression,Logistic Regression,5,87892,0,0.517578213588278
depression,Logistic Regression,5,87904,0,0.47085537352133966
depression,Logistic Regression,5,87913,0,0.5039802916281346
depression,Logistic Regression,5,87921,0,0.2866656998347888
depression,Logistic Regression,5,87934,0,0.3325626346074453
depression,Logistic Regression,5,87948,0,0.2115870578594905
depression,Logistic Regression,5,87959,0,0.18587462260754398
depression,Logistic Regression,5,87969,0,0.2612160720937342
depression,Logistic Regression,5,87982,0,0.7122304497763937
depression,Logistic Regression,5,87988,0,0.4240826514623428
depression,Logistic Regression,5,88000,1,0.7190374614493005
depression,Logistic Regression,5,88010,0,0.47085537352133966
depression,Logistic Regression,5,88021,0,0.612409608229498
depression,Logistic Regression,5,88030,0,0.5134325427769846
depression,Logistic Regression,5,88044,0,0.5884018850813186
depression,Logistic Regression,5,88050,0,0.5707922318817257
depression,Logistic Regression,5,88064,0,0.5594054972580514
depression,Logistic Regression,5,88072,0,0.41579236358111055
depression,Logistic Regression,5,88082,0,0.37619295412411485
depression,Logistic Regression,5,88090,0,0.36655407411607477
depression,Logistic Regression,5,88099,0,0.6717317923281613
depression,Logistic Regression,5,88110,0,0.565898050504067
depression,Logistic Regression,5,88116,0,0.2556263236255907
depression,Logistic Regression,5,88126,0,0.31701443083544456
depression,Logistic Regression,5,88134,0,0.3466582454086765
depression,Logistic Regression,5,88146,0,0.38832822862929556
depression,Logistic Regression,5,88154,0,0.5570902229154279
depression,Logistic Regression,5,88161,0,0.633075538554202
depression,Logistic Regression,5,88170,0,0.47085537352133966
depression,Logistic Regression,5,88178,0,0.44274987619871625
depression,Logistic Regression,5,88188,0,0.6117369195720513
depression,Logistic Regression,5,88198,0,0.640003956061012
depression,Logistic Regression,5,88206,0,0.34479814141711657
depression,Logistic Regression,5,88216,0,0.7171723005086195
depression,Logistic Regression,5,88227,0,0.4403346271915339
depression,Logistic Regression,5,88232,0,0.4262130071045044
depression,Logistic Regression,5,88240,0,0.5593528480515787
depression,Logistic Regression,5,88254,1,0.6465114119254308
depression,Logistic Regression,5,88260,0,0.486267267642365
depression,Logistic Regression,5,88267,0,0.3899922870476539
depression,Logistic Regression,5,88287,0,0.6176622943986121
depression,Logistic Regression,5,88297,0,0.47649917523790525
depression,Logistic Regression,5,88306,0,0.47827855597145824
depression,Logistic Regression,5,88315,0,0.40425540124844955
depression,Logistic Regression,5,88322,0,0.3164990876637502
depression,Logistic Regression,5,88333,0,0.3799762425056753
depression,Logistic Regression,5,88339,0,0.3447843526322278
depression,Logistic Regression,5,88350,0,0.21975052480515006
depression,Logistic Regression,5,88355,0,0.230498030601661
depression,Logistic Regression,5,88367,0,0.595637490072726
depression,Logistic Regression,5,88384,0,0.516733306866613
depression,Logistic Regression,5,88392,0,0.6425354984775613
depression,Logistic Regression,5,88401,1,0.6203089703017114
depression,Logistic Regression,5,88412,0,0.49369012103522647
depression,Logistic Regression,5,88422,0,0.43672691808846664
depression,Logistic Regression,5,88431,0,0.3120491135517108
depression,Logistic Regression,5,88439,0,0.2588284366582039
depression,Logistic Regression,5,88451,0,0.7125539892906811
depression,Logistic Regression,5,88461,0,0.3538797930074488
depression,Logistic Regression,5,88475,0,0.39445977564911505
depression,Logistic Regression,5,88481,0,0.26476637796245556
depression,Logistic Regression,5,88488,0,0.6856529107297127
depression,Logistic Regression,5,88497,0,0.5677398634649213
depression,Logistic Regression,5,88521,0,0.5531659385335979
depression,Logistic Regression,5,88530,0,0.39493549277587586
depression,Logistic Regression,5,88538,0,0.4916043377051243
depression,Logistic Regression,5,88545,0,0.4587409389769822
depression,Logistic Regression,5,88561,0,0.5708835639065204
depression,Logistic Regression,5,88570,0,0.2724135328791387
depression,Logistic Regression,5,88574,0,0.17756862534483084
depression,Logistic Regression,5,88585,0,0.5974312018760005
depression,Logistic Regression,5,88598,0,0.48442403335520023
depression,Logistic Regression,5,88606,0,0.5123656739026764
depression,Logistic Regression,5,88612,0,0.2599531360113867
depression,Logistic Regression,5,88618,0,0.5989921579258194
depression,Logistic Regression,5,88630,0,0.1787957150117946
depression,Logistic Regression,5,88640,0,0.5596170258873165
depression,Logistic Regression,5,88651,0,0.5522838416452164
depression,Logistic Regression,5,88658,0,0.1917383169902314
depression,Logistic Regression,5,88659,0,0.37075814580678024
depression,Logistic Regression,5,88668,0,0.7081222398073928
depression,Logistic Regression,5,88678,0,0.4097191313311243
depression,Logistic Regression,5,88689,0,0.5896202634712541
depression,Logistic Regression,5,88699,0,0.7219451688318094
depression,Logistic Regression,5,88706,0,0.24571451533326086
depression,Logistic Regression,5,88719,0,0.5260291362116911
depression,Logistic Regression,5,88725,0,0.5281238010287129
depression,Logistic Regression,5,88738,0,0.26112783534383355
depression,Logistic Regression,5,88747,0,0.6369964228052335
depression,Logistic Regression,5,88758,0,0.6441346315688742
depression,Logistic Regression,5,88767,0,0.5313730323130293
depression,Logistic Regression,5,88787,0,0.3249610509873896
depression,Logistic Regression,5,88795,0,0.6952205690642935
depression,Logistic Regression,5,88804,1,0.39095515840385586
depression,Logistic Regression,5,88814,0,0.309072270887993
depression,Logistic Regression,5,88823,0,0.3815229176469991
depression,Logistic Regression,5,88835,0,0.2523034103807112
depression,Logistic Regression,5,88845,0,0.26694711491264184
depression,Logistic Regression,5,88856,0,0.597812096886716
depression,Logistic Regression,5,88862,0,0.5328738980171677
depression,Logistic Regression,5,88874,0,0.43012580149681284
depression,Logistic Regression,5,88879,0,0.6670895585042225
depression,Logistic Regression,5,88884,0,0.3110623502037468
depression,Logistic Regression,5,88888,0,0.5013724448963771
depression,Logistic Regression,5,88898,0,0.3648876720495073
depression,Logistic Regression,5,88901,0,0.385277058234965
depression,Logistic Regression,5,88914,0,0.4094045493049306
depression,Logistic Regression,5,88924,0,0.5340574845140748
depression,Logistic Regression,5,88932,0,0.5912766914917859
depression,Logistic Regression,5,88943,0,0.5770530209191433
depression,Logistic Regression,5,88952,0,0.3983258876728966
depression,Logistic Regression,5,88968,0,0.31266266656683717
depression,Logistic Regression,5,88982,0,0.26531049213124863
depression,Logistic Regression,5,88992,0,0.2970371268967143
depression,Logistic Regression,5,88996,0,0.27479072505900176
depression,Logistic Regression,5,89012,0,0.5979547526190201
depression,Logistic Regression,5,89020,1,0.30970538472383524
depression,Logistic Regression,5,89031,0,0.35912506878683925
depression,Logistic Regression,5,89040,0,0.4419503265359763
depression,Logistic Regression,5,89052,0,0.6621848220752946
depression,Logistic Regression,5,89068,0,0.538078821839567
depression,Logistic Regression,5,89077,0,0.49351913270101305
depression,Logistic Regression,5,89087,0,0.4157416607277318
depression,Logistic Regression,5,89097,0,0.5670759235438501
depression,Logistic Regression,5,89106,0,0.36064723967609497
depression,Logistic Regression,5,89116,0,0.5206139172343827
depression,Logistic Regression,5,89124,0,0.47302794639269435
depression,Logistic Regression,5,89129,0,0.5469438593258166
depression,Logistic Regression,5,89141,0,0.35872642105696134
depression,Logistic Regression,5,89157,0,0.48285088225304934
depression,Logistic Regression,5,89160,0,0.5987848125077442
depression,Logistic Regression,5,89171,0,0.6131356641339686
depression,Logistic Regression,5,89177,0,0.19143245586361823
depression,Logistic Regression,5,89184,0,0.4674397212822482
depression,Logistic Regression,5,89192,0,0.4940250301486756
depression,Logistic Regression,5,89204,0,0.4729117749947469
depression,Logistic Regression,5,89222,0,0.6245187730627569
depression,Logistic Regression,5,89233,1,0.5373285127117835
depression,Logistic Regression,5,89244,0,0.24078245739162482
depression,Logistic Regression,5,89256,0,0.2765898834347944
depression,Logistic Regression,5,89265,0,0.5335962045032611
depression,Logistic Regression,5,89271,0,0.40374145468194295
depression,Logistic Regression,5,89275,0,0.6780652338131405
depression,Logistic Regression,5,89292,1,0.39684107216594106
depression,Logistic Regression,5,89302,0,0.5429970581792235
depression,Logistic Regression,5,89310,0,0.7267338646848855
depression,Logistic Regression,5,89317,0,0.494606425368747
depression,Logistic Regression,5,89319,0,0.1905692201491308
depression,Logistic Regression,5,89327,0,0.5975959186162437
depression,Logistic Regression,5,89338,1,0.5468086462066551
depression,Logistic Regression,5,89348,0,0.5663378158292566
depression,Logistic Regression,5,89355,0,0.6435672269255964
depression,Logistic Regression,5,89367,0,0.37353504104892205
depression,Logistic Regression,5,89382,0,0.3138175558536161
depression,Logistic Regression,5,89395,0,0.5426732266160796
depression,Logistic Regression,5,89404,0,0.49360798656168775
depression,Logistic Regression,5,89414,0,0.5868367211144763
depression,Logistic Regression,5,89434,0,0.47726406595842064
depression,Logistic Regression,5,89441,0,0.6667802560645429
depression,Logistic Regression,5,89446,0,0.6611177973741298
depression,Logistic Regression,5,89459,1,0.6197527807763503
depression,Logistic Regression,5,89474,0,0.2683388301175232
depression,Logistic Regression,5,89483,0,0.5163385448787837
depression,Logistic Regression,5,89495,0,0.69015622842946
depression,Logistic Regression,5,89501,0,0.19988288719251587
depression,Logistic Regression,5,89517,0,0.24365218720423168
depression,Logistic Regression,5,89533,0,0.19975379575236096
depression,Logistic Regression,5,89543,0,0.5382567339872152
depression,Logistic Regression,5,89550,0,0.1799619354126386
depression,Logistic Regression,5,89560,0,0.7195484173302111
depression,Logistic Regression,5,89568,0,0.40130360701507223
depression,Logistic Regression,5,89575,0,0.5258679494148
depression,Logistic Regression,5,89577,0,0.17306034133453388
depression,Logistic Regression,5,89583,0,0.3605571202661701
depression,Logistic Regression,5,89588,0,0.41105540716031985
depression,Logistic Regression,5,89595,0,0.31789207431538963
depression,Logistic Regression,5,89601,0,0.5552729730486382
depression,Logistic Regression,5,89613,0,0.4607596289586606
depression,Logistic Regression,5,89620,1,0.6481346771515026
depression,Logistic Regression,5,89633,0,0.46469395749216796
depression,Logistic Regression,5,89641,0,0.32174224715880234
depression,Logistic Regression,5,89647,0,0.5778587566500221
depression,Logistic Regression,5,89652,0,0.5185193862720883
depression,Logistic Regression,5,89659,0,0.2802331355808599
depression,Logistic Regression,5,89666,0,0.7344927100143841
depression,Logistic Regression,5,89674,0,0.26660261126763524
depression,Logistic Regression,5,89684,0,0.5197793279704761
depression,Logistic Regression,5,89694,0,0.5360798977439882
depression,Logistic Regression,5,89703,0,0.6348472192826949
depression,Logistic Regression,5,89711,0,0.283875963040905
depression,Logistic Regression,5,89721,0,0.5260722289703729
depression,Logistic Regression,5,89728,0,0.44313260414438843
depression,Logistic Regression,5,89735,0,0.3367849741384504
depression,Logistic Regression,5,89749,0,0.6346234391459017
depression,Logistic Regression,5,89756,0,0.3143671364126525
depression,Logistic Regression,5,89779,0,0.41633467077888425
depression,Logistic Regression,5,89788,0,0.49486087937690654
depression,Logistic Regression,5,89794,0,0.4688407188153019
depression,Logistic Regression,5,89801,0,0.4321543613150946
depression,Logistic Regression,5,89806,0,0.5739473795978353
depression,Logistic Regression,5,89809,0,0.40822139659781365
depression,Logistic Regression,5,89824,0,0.4567686124902372
depression,Logistic Regression,5,89833,0,0.5224586035961902
depression,Logistic Regression,5,89844,1,0.7139501549620025
depression,Logistic Regression,5,89850,0,0.377482415390969
depression,Logistic Regression,5,89860,0,0.24906843932628195
depression,Logistic Regression,5,89881,0,0.635487120498513
depression,Logistic Regression,5,89891,0,0.22444181434117721
depression,Logistic Regression,5,89901,0,0.646841697752858
depression,Logistic Regression,5,89909,0,0.505460579177959
depression,Logistic Regression,5,89921,0,0.20817397650944955
depression,Logistic Regression,5,89925,0,0.7261955840784587
depression,Logistic Regression,5,89946,1,0.28999502084025575
depression,Logistic Regression,5,89956,0,0.47029796117248857
depression,Logistic Regression,5,89963,0,0.21457103056497664
depression,Logistic Regression,5,89974,0,0.39802898371849443
depression,Logistic Regression,5,89980,0,0.4084240602141676
depression,Logistic Regression,5,89992,0,0.6821713391674754
depression,Logistic Regression,5,90000,0,0.6537463646180321
depression,Logistic Regression,5,90004,0,0.5136370110160743
depression,Logistic Regression,5,90009,0,0.21973240111567774
depression,Logistic Regression,5,90021,0,0.18370182771440188
depression,Logistic Regression,5,90033,0,0.5986414879807618
depression,Logistic Regression,5,90048,0,0.5675144497859632
depression,Logistic Regression,5,90049,0,0.5673726161159306
depression,Logistic Regression,5,90065,0,0.7298177592272631
depression,Logistic Regression,5,90071,0,0.46497481482907616
depression,Logistic Regression,5,90077,1,0.5036314112421176
depression,Logistic Regression,5,90079,1,0.6493129314488655
depression,Logistic Regression,5,90088,0,0.503044657990537
depression,Logistic Regression,5,90102,0,0.1775018553316334
depression,Logistic Regression,5,90111,0,0.5100201758936179
depression,Logistic Regression,5,90120,1,0.3957949789332903
depression,Logistic Regression,5,90131,1,0.5594946456798222
depression,Logistic Regression,5,90142,0,0.42037705380337104
depression,Logistic Regression,5,90150,0,0.7258814922209152
depression,Logistic Regression,5,90157,0,0.507647268334293
depression,Logistic Regression,5,90168,0,0.2599015900408501
depression,Logistic Regression,5,90172,0,0.5584601510155869
depression,Logistic Regression,5,90188,0,0.26259707413493155
depression,Logistic Regression,5,90199,0,0.5073549516131325
depression,Logistic Regression,5,90210,0,0.3069935584578454
depression,Logistic Regression,5,90235,0,0.5463235197133727
depression,Logistic Regression,5,90244,0,0.5531999132044919
depression,Logistic Regression,5,90254,0,0.3973162850059193
depression,Logistic Regression,5,90262,0,0.4171802463802659
depression,Logistic Regression,5,90272,0,0.27258428480882174
depression,Logistic Regression,5,90281,0,0.6206747775367936
depression,Logistic Regression,5,90293,0,0.5094848945427651
depression,Logistic Regression,5,90295,0,0.3632275504647509
depression,Logistic Regression,5,90301,0,0.3900826662922349
depression,Logistic Regression,5,90308,0,0.48681605574429065
depression,Logistic Regression,5,90324,0,0.21345695078213459
depression,Logistic Regression,5,90327,0,0.449184058242176
depression,Logistic Regression,5,90337,0,0.637716869236771
depression,Logistic Regression,5,90352,0,0.531149392308035
depression,Logistic Regression,5,90359,0,0.49224798886130355
depression,Logistic Regression,5,90367,1,0.4878682228362689
depression,Logistic Regression,5,90378,0,0.5043394265294123
depression,Logistic Regression,5,90391,0,0.39206367160936934
depression,Logistic Regression,5,90398,0,0.46338021932925744
depression,Logistic Regression,5,90412,0,0.3258673860977309
depression,Logistic Regression,5,90424,0,0.49138473719667997
depression,Logistic Regression,5,90425,0,0.18014440360537173
depression,Logistic Regression,5,90452,0,0.4055245729396925
depression,Logistic Regression,5,90461,0,0.5137541965189495
depression,Logistic Regression,5,90467,0,0.4328948830524968
depression,Logistic Regression,5,90481,0,0.4926446507603097
depression,Logistic Regression,5,90493,0,0.515956442086036
depression,Logistic Regression,5,90501,0,0.5072775736036592
depression,Logistic Regression,5,90511,0,0.1905692201491308
depression,Logistic Regression,5,90518,1,0.6241544280808374
depression,Logistic Regression,5,90525,0,0.26953570545535077
depression,Logistic Regression,5,90532,0,0.3994696132909996
depression,Logistic Regression,5,90540,0,0.652484619652943
depression,Logistic Regression,5,90549,0,0.5459652124934707
depression,Logistic Regression,5,90563,1,0.6436561807840008
depression,Logistic Regression,5,90565,0,0.26968904279957245
depression,Logistic Regression,5,90583,0,0.5563501586703492
depression,Logistic Regression,5,90591,0,0.5502834444995051
depression,Logistic Regression,5,90599,0,0.6269286432169404
depression,Logistic Regression,5,90606,0,0.634305205707793
depression,Logistic Regression,5,90612,1,0.5860030039332053
depression,Logistic Regression,5,90623,0,0.502584467951626
depression,Logistic Regression,5,90631,0,0.24767017073619066
depression,Logistic Regression,5,90640,0,0.5314731258614571
depression,Logistic Regression,5,90649,0,0.5816253642346375
depression,Logistic Regression,5,90654,0,0.1742628777177071
depression,Logistic Regression,5,90663,0,0.5353466375198215
depression,Logistic Regression,5,90670,0,0.6455367299774346
depression,Logistic Regression,5,90675,0,0.46230667273900633
depression,Logistic Regression,5,90687,0,0.1819916474661529
depression,Logistic Regression,5,90694,0,0.3439732655418877
depression,Logistic Regression,5,90703,0,0.5252046206905987
depression,Logistic Regression,5,90715,0,0.4738909694655259
depression,Logistic Regression,5,90722,0,0.17027995677095634
depression,Logistic Regression,5,90742,0,0.2603170491569239
depression,Logistic Regression,5,90748,0,0.5546208633982846
depression,Logistic Regression,5,90767,1,0.6415296063466648
depression,Logistic Regression,5,90776,0,0.49829406597157294
depression,Logistic Regression,5,90790,0,0.3464841124745919
depression,Logistic Regression,5,90802,0,0.49741433773226623
depression,Logistic Regression,5,90812,1,0.6185667407515804
depression,Logistic Regression,5,90818,0,0.4769646823895875
depression,Logistic Regression,5,90819,0,0.5846432626071227
depression,Logistic Regression,5,90841,0,0.33149728549720114
depression,Logistic Regression,5,90845,0,0.4016352312920248
depression,Logistic Regression,5,90850,0,0.6659585046854788
depression,Logistic Regression,5,90861,0,0.38995357977709694
depression,Logistic Regression,5,90878,0,0.5497911814733193
depression,Logistic Regression,5,90885,0,0.3978580113189289
depression,Logistic Regression,5,90891,0,0.5765729001497287
depression,Logistic Regression,5,90907,0,0.45240122644341807
depression,Logistic Regression,5,90915,0,0.18587462260754398
depression,Logistic Regression,5,90924,0,0.43347693813273996
depression,Logistic Regression,5,90930,0,0.2709445608787173
depression,Logistic Regression,5,90938,1,0.5659785337215576
depression,Logistic Regression,5,90949,0,0.44392940183771507
depression,Logistic Regression,5,90961,0,0.3383114284272758
depression,Logistic Regression,5,90970,0,0.6662852095222302
depression,Logistic Regression,5,90977,0,0.5534381672539452
depression,Logistic Regression,5,90988,0,0.281077198020581
depression,Logistic Regression,5,90993,0,0.3842466230799414
depression,Logistic Regression,5,91002,0,0.32181955663728
depression,Logistic Regression,5,91004,0,0.3756436544608103
depression,Logistic Regression,5,91017,1,0.4004309677882368
depression,Logistic Regression,5,91027,0,0.22737261448406007
depression,Logistic Regression,5,91042,0,0.5677696127352291
depression,Logistic Regression,5,91050,0,0.6192594552512221
depression,Logistic Regression,5,91063,0,0.4599299048878023
depression,Logistic Regression,5,91075,0,0.28211799742760546
depression,Logistic Regression,5,91082,0,0.6103738674316341
depression,Logistic Regression,5,91095,0,0.19227114326497816
depression,Logistic Regression,5,91108,0,0.2599015900408501
depression,Logistic Regression,5,91115,0,0.42553501569337837
depression,Logistic Regression,5,91123,0,0.49169207903506773
depression,Logistic Regression,5,91131,0,0.17973222383157167
depression,Logistic Regression,5,91155,0,0.25365347080884476
depression,Logistic Regression,5,91163,0,0.5462407689313517
depression,Logistic Regression,5,91172,0,0.2074528607794124
depression,Logistic Regression,5,91183,0,0.6541755549453998
depression,Logistic Regression,5,91194,0,0.57289278217862
depression,Logistic Regression,5,91207,0,0.36462157055336847
depression,Logistic Regression,5,91217,0,0.3833482288268803
depression,Logistic Regression,5,91228,1,0.6572755499288154
depression,Logistic Regression,5,91243,0,0.2228447373033448
depression,Logistic Regression,5,91253,0,0.4968368780058086
depression,Logistic Regression,5,91261,0,0.5749487689504537
depression,Logistic Regression,5,91273,0,0.54434389264528
depression,Logistic Regression,5,91282,0,0.24704303284143675
depression,Logistic Regression,5,91293,0,0.5694737769110609
depression,Logistic Regression,5,91305,0,0.6142047578812209
depression,Logistic Regression,5,91317,0,0.5130563750644029
depression,Logistic Regression,5,91325,0,0.4938786893403855
depression,Logistic Regression,5,91334,0,0.2440252624973235
depression,Logistic Regression,5,91343,0,0.3991995650290419
depression,Logistic Regression,5,91351,0,0.5416127142993639
depression,Logistic Regression,5,91358,0,0.5600081000219517
depression,Logistic Regression,5,91364,0,0.23243906942455916
depression,Logistic Regression,5,91371,0,0.5156477626065203
depression,Logistic Regression,5,91389,0,0.5063888402575216
depression,Logistic Regression,5,91397,0,0.5628287008227173
depression,Logistic Regression,5,91406,0,0.194599283299616
depression,Logistic Regression,5,91417,0,0.2510185395088932
depression,Logistic Regression,5,91427,0,0.4509659248729174
depression,Logistic Regression,5,91437,0,0.20101445276684946
depression,Logistic Regression,5,91445,0,0.6534902825854569
depression,Logistic Regression,5,91452,0,0.5956220553883919
depression,Logistic Regression,5,91455,1,0.4717139355610295
depression,Logistic Regression,5,91476,0,0.5483278285185654
depression,Logistic Regression,5,91482,1,0.4999263919411433
depression,Logistic Regression,5,91490,0,0.6296218418802882
depression,Logistic Regression,5,91502,0,0.43825953582819654
depression,Logistic Regression,5,91512,0,0.18757134375967296
depression,Logistic Regression,5,91527,1,0.6035963255726381
depression,Logistic Regression,5,91536,0,0.45438944523867325
depression,Logistic Regression,5,91547,0,0.4574625562631249
depression,Logistic Regression,5,91557,0,0.5997533552771512
depression,Logistic Regression,5,91564,0,0.18726453211356558
depression,Logistic Regression,5,91566,0,0.5399409502984533
depression,Logistic Regression,5,91581,0,0.2524503324341693
depression,Logistic Regression,5,91586,0,0.4802015062121489
depression,Logistic Regression,5,91600,0,0.5102188552759077
depression,Logistic Regression,5,91611,0,0.6117138951834203
depression,Logistic Regression,5,91619,0,0.40816628136700733
depression,Logistic Regression,5,91628,0,0.17027995677095634
depression,Logistic Regression,5,91635,0,0.6240113823223371
depression,Logistic Regression,5,91647,0,0.3748978679199159
depression,Logistic Regression,5,91652,0,0.3221469100424667
depression,Logistic Regression,5,91665,0,0.5002248465408579
depression,Logistic Regression,5,91677,1,0.49561131850623535
depression,Logistic Regression,5,91696,0,0.6067772448202802
depression,Logistic Regression,5,91706,0,0.1800294282703151
depression,Logistic Regression,5,91715,0,0.47413165320869
depression,Logistic Regression,5,91723,0,0.2557745187534341
depression,Logistic Regression,5,91725,0,0.36390969658546224
depression,Logistic Regression,5,91732,0,0.4187745579734334
depression,Logistic Regression,5,91737,0,0.5677728475569961
depression,Logistic Regression,5,91744,0,0.3808983333355849
depression,Logistic Regression,5,91760,0,0.21916902045051836
depression,Logistic Regression,5,91781,0,0.5348036749986552
depression,Logistic Regression,5,91788,0,0.4299192381140279
depression,Logistic Regression,5,91794,0,0.6246421636036981
depression,Logistic Regression,5,91806,0,0.61050939921387
depression,Logistic Regression,5,91811,0,0.6265886331456271
depression,Logistic Regression,5,91819,0,0.1909730777702386
depression,Logistic Regression,5,91828,1,0.39512718172368705
depression,Logistic Regression,5,91835,0,0.33645399759625283
depression,Logistic Regression,5,91842,0,0.7386046416621235
depression,Logistic Regression,5,91852,0,0.5346076347439918
depression,Logistic Regression,5,91861,0,0.3845390919737743
depression,Logistic Regression,5,91869,0,0.561088652281119
depression,Logistic Regression,5,91886,0,0.459833576182752
depression,Logistic Regression,5,91893,0,0.5841730860497906
depression,Logistic Regression,5,91900,0,0.26555147431658377
depression,Logistic Regression,5,91912,0,0.5329628348822188
depression,Logistic Regression,5,91922,0,0.5845152614280767
depression,Logistic Regression,5,91931,0,0.43871015243015027
depression,Logistic Regression,5,91945,0,0.5457805035236251
depression,Logistic Regression,5,91954,0,0.6349982003520594
depression,Logistic Regression,5,91966,1,0.525058969291528
depression,Logistic Regression,5,91967,0,0.7240317962187873
depression,Logistic Regression,5,91983,0,0.3892164481980048
depression,Logistic Regression,5,91993,0,0.4054884633704132
depression,Logistic Regression,5,92002,0,0.35832656552579417
depression,Logistic Regression,5,92017,0,0.5564132190760699
depression,Logistic Regression,5,92025,0,0.3942276512509865
depression,Logistic Regression,5,92038,0,0.3533142206249903
depression,Logistic Regression,5,92048,0,0.5366193843649807
depression,Logistic Regression,5,92055,0,0.7101823378897122
depression,Logistic Regression,5,92068,0,0.3007893382968235
depression,Logistic Regression,5,92081,0,0.6223102853277459
depression,Logistic Regression,5,92089,0,0.6649164618949611
depression,Logistic Regression,5,92097,0,0.5660918168340392
depression,Logistic Regression,5,92105,0,0.5435500423197284
depression,Logistic Regression,5,92114,0,0.4269339243217134
depression,Logistic Regression,5,92123,0,0.4079900486981484
depression,Logistic Regression,5,92131,0,0.7097625033320237
depression,Logistic Regression,5,92138,0,0.5127563215476467
depression,Logistic Regression,5,92141,0,0.31644933996327124
depression,Logistic Regression,5,92157,1,0.4907970416692278
depression,Logistic Regression,5,92167,0,0.2043829990909416
depression,Logistic Regression,5,92170,0,0.4193086042989587
depression,Logistic Regression,5,92186,0,0.28305883514002284
depression,Logistic Regression,5,92199,0,0.28787581319753597
depression,Logistic Regression,5,92206,1,0.5270665597967302
depression,Logistic Regression,5,92218,0,0.6126239123905299
depression,Logistic Regression,5,92234,0,0.1694921106380136
depression,Logistic Regression,5,92242,0,0.33111816307345215
depression,Logistic Regression,5,92254,0,0.27705142337151906
depression,Logistic Regression,5,92259,0,0.6220326291837246
depression,Logistic Regression,5,92260,0,0.5339113785371546
depression,Logistic Regression,5,92275,0,0.3114951997316757
depression,Logistic Regression,5,92294,0,0.27661413878071633
depression,Logistic Regression,5,92299,0,0.5653227804527795
depression,Logistic Regression,5,92319,0,0.2673697677756203
depression,Logistic Regression,5,92333,0,0.5551930299333105
depression,Logistic Regression,5,92347,0,0.3001074461948929
depression,Logistic Regression,5,92358,0,0.3242499846567731
depression,Logistic Regression,5,92365,0,0.5047567126231887
depression,Logistic Regression,5,92373,0,0.46145579441053713
depression,Logistic Regression,5,92386,0,0.3424209334176921
depression,Logistic Regression,5,92397,0,0.5789542002597996
depression,Logistic Regression,5,92407,0,0.5876367292630408
depression,Logistic Regression,5,92415,0,0.4832233130557189
depression,Logistic Regression,5,92420,0,0.5273076019086063
depression,Logistic Regression,5,92429,0,0.4724677035986357
depression,Logistic Regression,5,92438,0,0.4198993903259709
depression,Logistic Regression,5,92450,0,0.19025865321797908
depression,Logistic Regression,5,92463,0,0.17027995677095634
depression,Logistic Regression,5,92482,0,0.632042537980598
depression,Logistic Regression,5,92485,0,0.6775376952678308
depression,Logistic Regression,5,92495,0,0.36836678288397645
depression,Logistic Regression,5,92510,0,0.5791750344544973
depression,Logistic Regression,5,92522,1,0.6436561807840008
depression,Logistic Regression,5,92530,0,0.4231463614070746
depression,Logistic Regression,5,92538,0,0.4758969805472514
depression,Logistic Regression,5,92541,0,0.4912307926719345
depression,Logistic Regression,5,92551,0,0.24373808288499238
depression,Logistic Regression,5,92557,0,0.48045016661026146
depression,Logistic Regression,5,92567,0,0.650600746326001
depression,Logistic Regression,5,92579,0,0.2810167203946212
depression,Logistic Regression,5,92591,0,0.40866489767448816
depression,Logistic Regression,5,92602,1,0.5771434374377513
depression,Logistic Regression,5,92609,0,0.6325187463891766
depression,Logistic Regression,5,92619,0,0.4394239278368434
depression,Logistic Regression,5,92628,0,0.6257513639347952
depression,Logistic Regression,5,92641,0,0.5461388353340724
depression,Logistic Regression,5,92649,0,0.581202534146707
depression,Logistic Regression,5,92662,0,0.5226440470525036
depression,Logistic Regression,5,92670,0,0.4778929162423544
depression,Logistic Regression,5,92681,0,0.5198608933383927
depression,Logistic Regression,5,92690,0,0.6058884216095333
depression,Logistic Regression,5,92700,0,0.7468352066917996
depression,Logistic Regression,5,92709,0,0.4876586344741161
depression,Logistic Regression,5,92722,0,0.43631602124320396
depression,Logistic Regression,5,92731,0,0.43375625946969343
depression,Logistic Regression,5,92743,1,0.26259707413493155
depression,Logistic Regression,5,92745,1,0.5947840263211372
depression,Logistic Regression,5,92762,0,0.24817119177289798
depression,Logistic Regression,5,92774,0,0.3535738129829419
depression,Logistic Regression,5,92785,0,0.30105445127120134
depression,Logistic Regression,5,92795,0,0.17462585937447794
depression,Logistic Regression,5,92808,0,0.5217050558238978
depression,Logistic Regression,5,92818,0,0.22320073491687
depression,Logistic Regression,5,92826,0,0.4725037572383288
depression,Logistic Regression,5,92832,0,0.7171351621038374
depression,Logistic Regression,5,92846,1,0.5563903172131942
depression,Logistic Regression,5,92849,0,0.40810356184658747
depression,Logistic Regression,5,92854,0,0.34125337835252956
depression,Logistic Regression,5,92880,0,0.4723046026093919
depression,Logistic Regression,5,92883,0,0.1918651915856345
depression,Logistic Regression,5,92891,0,0.25630659585501886
depression,Logistic Regression,5,92899,0,0.4323051884594819
depression,Logistic Regression,5,92905,0,0.45763003659239315
depression,Logistic Regression,5,92912,0,0.230617197241253
depression,Logistic Regression,5,92922,1,0.6597525973923193
depression,Logistic Regression,5,92930,0,0.36462157055336847
depression,Logistic Regression,5,92941,0,0.44755317084804463
depression,Logistic Regression,5,92952,0,0.4729074542392414
depression,Logistic Regression,5,92960,0,0.3366133345563172
depression,Logistic Regression,5,92971,0,0.22969769762957515
depression,Logistic Regression,5,92981,1,0.7116710322567691
depression,Logistic Regression,5,92988,0,0.4893017140595718
depression,Logistic Regression,5,92994,0,0.3523781034054927
depression,Logistic Regression,5,93002,0,0.24982371576093054
depression,Logistic Regression,5,93010,1,0.6019164657846707
depression,Logistic Regression,5,93013,0,0.6248072920185865
depression,Logistic Regression,5,93024,0,0.3755653548175245
depression,Logistic Regression,5,93034,0,0.5778808821290983
depression,Logistic Regression,5,93036,0,0.41735720859692155
depression,Logistic Regression,5,93052,0,0.6684567775860145
depression,Logistic Regression,5,93068,1,0.4329566489114578
depression,Logistic Regression,5,93074,1,0.25722412291829233
depression,Logistic Regression,5,93083,0,0.19457295831914445
depression,Logistic Regression,5,93092,0,0.16909927681295486
depression,Logistic Regression,5,93099,0,0.58626184087494
depression,Logistic Regression,5,93109,0,0.5796381736580375
depression,Logistic Regression,5,93120,0,0.40020760989938736
depression,Logistic Regression,5,93131,0,0.547942100723148
depression,Logistic Regression,5,93145,0,0.21726291127895314
depression,Logistic Regression,5,93157,0,0.2875597309682031
depression,Logistic Regression,5,93172,0,0.40866489767448816
depression,Logistic Regression,5,93180,0,0.4271791942156524
depression,Logistic Regression,5,93191,0,0.6365570523358948
depression,Logistic Regression,5,93202,0,0.5280408109583302
depression,Logistic Regression,5,93209,0,0.6449225289229066
depression,Logistic Regression,5,93220,0,0.23862764453740345
depression,Logistic Regression,5,93235,0,0.5788872500896101
depression,Logistic Regression,5,93244,0,0.5359461623812819
depression,Logistic Regression,5,93247,0,0.2117169835655247
depression,Logistic Regression,5,93267,0,0.30606939220579016
depression,Logistic Regression,5,93274,0,0.6648865155573076
depression,Logistic Regression,5,93279,0,0.5616638565484707
depression,Logistic Regression,5,93285,0,0.515589563497968
depression,Logistic Regression,5,93297,0,0.5504590726118701
depression,Logistic Regression,5,93307,0,0.38759073794499255
depression,Logistic Regression,5,93313,1,0.3463771803978656
depression,Logistic Regression,5,93322,0,0.5394035607885289
depression,Logistic Regression,5,93334,0,0.41723194963602944
depression,Logistic Regression,5,93336,0,0.4858939021010606
depression,Logistic Regression,5,93354,0,0.6184447626272129
depression,Logistic Regression,5,93364,0,0.5984911410235039
depression,Logistic Regression,5,93370,0,0.38292831059461424
depression,Logistic Regression,5,93381,0,0.723702378911418
depression,Logistic Regression,5,93395,1,0.4495594428132617
depression,Logistic Regression,5,93415,0,0.47320763032421925
depression,Logistic Regression,5,93427,0,0.21369513198461312
depression,Logistic Regression,5,93429,0,0.6308945416229141
depression,Logistic Regression,5,93441,0,0.5978911626624275
depression,Logistic Regression,5,93454,1,0.6210677108636627
depression,Logistic Regression,5,93463,0,0.2498569373186086
depression,Logistic Regression,5,93482,0,0.49555913870188234
depression,Logistic Regression,5,93489,0,0.20077324162282723
depression,Logistic Regression,5,93496,0,0.7484481391503098
depression,Logistic Regression,5,93504,0,0.4814392212248278
depression,Logistic Regression,5,93514,0,0.7558709062732817
depression,Logistic Regression,5,93528,0,0.5258059813457181
depression,Logistic Regression,5,93535,0,0.6664703169648329
depression,Logistic Regression,5,93549,0,0.6777953756060624
depression,Logistic Regression,5,93557,0,0.18842416093378722
depression,Logistic Regression,5,93560,0,0.4694748274807451
depression,Logistic Regression,5,93567,0,0.7256862165979331
depression,Logistic Regression,5,93577,0,0.4957811066637035
depression,Logistic Regression,5,93589,0,0.3525561344114572
depression,Logistic Regression,5,93598,0,0.4564748863545914
depression,Logistic Regression,5,93609,0,0.2735574492030951
depression,Logistic Regression,5,93620,0,0.22444181434117721
depression,Logistic Regression,5,93626,0,0.2727526570178198
depression,Logistic Regression,5,93639,0,0.21630589321078633
depression,Logistic Regression,5,93652,0,0.5970874277429178
depression,Logistic Regression,5,93659,0,0.41795046479929004
depression,Logistic Regression,5,93670,0,0.3797386405351886
depression,Logistic Regression,5,93677,0,0.5052012713740321
depression,Logistic Regression,5,93690,0,0.24122952854386334
depression,RBF SVM,5,83736,0,0.6612024430501939
depression,RBF SVM,5,83747,0,0.5996698675228037
depression,RBF SVM,5,83757,0,0.7373911174569456
depression,RBF SVM,5,83773,0,0.25073387997775154
depression,RBF SVM,5,83785,0,0.28339675444496726
depression,RBF SVM,5,83791,0,0.5451471781953987
depression,RBF SVM,5,83816,0,0.7494934732622464
depression,RBF SVM,5,83822,0,0.43842594933339346
depression,RBF SVM,5,83834,0,0.6066089481851683
depression,RBF SVM,5,83845,0,0.7050554886435622
depression,RBF SVM,5,83856,0,0.3436744060815806
depression,RBF SVM,5,83863,0,0.22827925414421749
depression,RBF SVM,5,83871,0,0.5075579518261379
depression,RBF SVM,5,83883,0,0.736404650119248
depression,RBF SVM,5,83889,1,0.2678384577382921
depression,RBF SVM,5,83897,0,0.3523983556908781
depression,RBF SVM,5,83903,0,0.4969895852406063
depression,RBF SVM,5,83914,0,0.3104361377081537
depression,RBF SVM,5,83925,0,0.40774158116771303
depression,RBF SVM,5,83934,0,0.7047292009480411
depression,RBF SVM,5,83947,0,0.42169464456183886
depression,RBF SVM,5,83954,0,0.25431410191309434
depression,RBF SVM,5,83962,0,0.4317055782586774
depression,RBF SVM,5,83967,0,0.268935482143805
depression,RBF SVM,5,83971,0,0.35925620516207
depression,RBF SVM,5,83986,0,0.5794011941167599
depression,RBF SVM,5,83993,0,0.5137060251126073
depression,RBF SVM,5,84001,0,0.3505120080058111
depression,RBF SVM,5,84010,0,0.4819942256040719
depression,RBF SVM,5,84018,0,0.26807162322525996
depression,RBF SVM,5,84025,0,0.3800601365636037
depression,RBF SVM,5,84032,0,0.2833645766222265
depression,RBF SVM,5,84039,0,0.44105175665931656
depression,RBF SVM,5,84050,0,0.2873403372729164
depression,RBF SVM,5,84062,0,0.5919449463803177
depression,RBF SVM,5,84073,0,0.6241713773267208
depression,RBF SVM,5,84087,0,0.2954266965794804
depression,RBF SVM,5,84098,0,0.5292151493677184
depression,RBF SVM,5,84108,0,0.44814327574158835
depression,RBF SVM,5,84115,0,0.13189248605730888
depression,RBF SVM,5,84122,0,0.5698068955215723
depression,RBF SVM,5,84137,0,0.38340582385541755
depression,RBF SVM,5,84151,0,0.2689531735486271
depression,RBF SVM,5,84168,0,0.7205968668550671
depression,RBF SVM,5,84173,0,0.3007464830874697
depression,RBF SVM,5,84185,0,0.4129129240533522
depression,RBF SVM,5,84194,0,0.2293331967251608
depression,RBF SVM,5,84202,0,0.33374876348612564
depression,RBF SVM,5,84212,0,0.7001222002118515
depression,RBF SVM,5,84220,0,0.2859850259606555
depression,RBF SVM,5,84225,0,0.6363286600752538
depression,RBF SVM,5,84236,0,0.6946387172272597
depression,RBF SVM,5,84248,0,0.7783222762723851
depression,RBF SVM,5,84265,0,0.7127145251722785
depression,RBF SVM,5,84280,0,0.38654568799238703
depression,RBF SVM,5,84291,0,0.6867463945995116
depression,RBF SVM,5,84299,0,0.28692643635532356
depression,RBF SVM,5,84308,0,0.2683914148088059
depression,RBF SVM,5,84319,0,0.48399546339925625
depression,RBF SVM,5,84332,0,0.5876439204665213
depression,RBF SVM,5,84353,0,0.11681374274207963
depression,RBF SVM,5,84363,0,0.23808319809063103
depression,RBF SVM,5,84375,1,0.6786294186930176
depression,RBF SVM,5,84380,1,0.724208699639775
depression,RBF SVM,5,84389,0,0.2607224974858367
depression,RBF SVM,5,84394,0,0.720660055133682
depression,RBF SVM,5,84401,0,0.3642145068125825
depression,RBF SVM,5,84409,1,0.7566874862410189
depression,RBF SVM,5,84419,0,0.22421024357004227
depression,RBF SVM,5,84426,0,0.19901747646664147
depression,RBF SVM,5,84435,0,0.3301868502032447
depression,RBF SVM,5,84450,0,0.259678324544285
depression,RBF SVM,5,84455,0,0.761843795865946
depression,RBF SVM,5,84466,0,0.36254966931078175
depression,RBF SVM,5,84475,0,0.3787945615736158
depression,RBF SVM,5,84485,1,0.7343306242767722
depression,RBF SVM,5,84493,0,0.7317794058178372
depression,RBF SVM,5,84495,0,0.7449046534851613
depression,RBF SVM,5,84514,0,0.3846782320184126
depression,RBF SVM,5,84536,0,0.17594128388121164
depression,RBF SVM,5,84542,1,0.338932900671066
depression,RBF SVM,5,84551,0,0.6225418707498424
depression,RBF SVM,5,84561,0,0.26932172368006113
depression,RBF SVM,5,84569,0,0.23465090174533448
depression,RBF SVM,5,84581,1,0.27447418917971306
depression,RBF SVM,5,84587,0,0.29554161315047944
depression,RBF SVM,5,84595,0,0.2431639152572635
depression,RBF SVM,5,84606,0,0.7585104363015964
depression,RBF SVM,5,84614,0,0.35276554785355163
depression,RBF SVM,5,84620,0,0.5571562868533892
depression,RBF SVM,5,84628,0,0.31515607327331735
depression,RBF SVM,5,84641,0,0.8064839660518053
depression,RBF SVM,5,84652,0,0.2355490184616509
depression,RBF SVM,5,84661,0,0.4638437789232645
depression,RBF SVM,5,84671,0,0.2677642304783866
depression,RBF SVM,5,84677,0,0.3145722138330611
depression,RBF SVM,5,84686,1,0.21520621943925694
depression,RBF SVM,5,84696,0,0.4754348209243884
depression,RBF SVM,5,84706,0,0.18528081428011267
depression,RBF SVM,5,84715,0,0.7037739138580383
depression,RBF SVM,5,84723,0,0.28419300133039616
depression,RBF SVM,5,84734,1,0.768082509881277
depression,RBF SVM,5,84747,1,0.7217769167838571
depression,RBF SVM,5,84753,0,0.41759796076035405
depression,RBF SVM,5,84755,1,0.2576386532512363
depression,RBF SVM,5,84763,0,0.5820543176085838
depression,RBF SVM,5,84770,0,0.620121968069565
depression,RBF SVM,5,84778,0,0.38748746454377736
depression,RBF SVM,5,84788,0,0.7625149454503463
depression,RBF SVM,5,84796,0,0.26862229447794717
depression,RBF SVM,5,84804,0,0.1970628458112127
depression,RBF SVM,5,84816,0,0.37285442815457753
depression,RBF SVM,5,84826,0,0.3613715872693841
depression,RBF SVM,5,84832,0,0.266930839834618
depression,RBF SVM,5,84842,0,0.42853995293095914
depression,RBF SVM,5,84850,0,0.5845802124582132
depression,RBF SVM,5,84865,0,0.4347881538602953
depression,RBF SVM,5,84870,0,0.11031178125177343
depression,RBF SVM,5,84878,0,0.47577583115445804
depression,RBF SVM,5,84895,0,0.6347066030331538
depression,RBF SVM,5,84902,0,0.7851854623721198
depression,RBF SVM,5,84912,0,0.1803408500538479
depression,RBF SVM,5,84917,0,0.2825403275962037
depression,RBF SVM,5,84924,0,0.2910833326019852
depression,RBF SVM,5,84931,0,0.31855116033215436
depression,RBF SVM,5,84938,0,0.6297018915096466
depression,RBF SVM,5,84947,0,0.2642637389672502
depression,RBF SVM,5,84954,0,0.3511830781714277
depression,RBF SVM,5,84967,0,0.24569518665358048
depression,RBF SVM,5,84978,0,0.7760503830262566
depression,RBF SVM,5,84989,0,0.4686956217600973
depression,RBF SVM,5,85000,0,0.41917646522291413
depression,RBF SVM,5,85006,0,0.2507098278505346
depression,RBF SVM,5,85019,0,0.7454242317319781
depression,RBF SVM,5,85035,0,0.7584635874862771
depression,RBF SVM,5,85042,0,0.21620426462695297
depression,RBF SVM,5,85052,1,0.39397305274996486
depression,RBF SVM,5,85060,0,0.1999144905544823
depression,RBF SVM,5,85066,0,0.2892398466362293
depression,RBF SVM,5,85075,0,0.7283597818055463
depression,RBF SVM,5,85093,0,0.3233286050592565
depression,RBF SVM,5,85106,0,0.5251738169655699
depression,RBF SVM,5,85111,0,0.3524092551805129
depression,RBF SVM,5,85119,0,0.1472019502553467
depression,RBF SVM,5,85131,0,0.34606183741202384
depression,RBF SVM,5,85145,0,0.3377027676796298
depression,RBF SVM,5,85155,0,0.3508043076977185
depression,RBF SVM,5,85161,0,0.33901013964150334
depression,RBF SVM,5,85170,0,0.22125018295875828
depression,RBF SVM,5,85181,0,0.2950046695862346
depression,RBF SVM,5,85194,0,0.5702033180924946
depression,RBF SVM,5,85203,0,0.25071895418381235
depression,RBF SVM,5,85213,0,0.28539035668616075
depression,RBF SVM,5,85219,0,0.5056189835640005
depression,RBF SVM,5,85229,0,0.2687616499551911
depression,RBF SVM,5,85234,0,0.41067327800687153
depression,RBF SVM,5,85243,1,0.5503970465544384
depression,RBF SVM,5,85250,0,0.6590871522533575
depression,RBF SVM,5,85259,1,0.5124745006603751
depression,RBF SVM,5,85269,0,0.29820005223906043
depression,RBF SVM,5,85279,1,0.7118055088743691
depression,RBF SVM,5,85286,1,0.611045317833026
depression,RBF SVM,5,85293,0,0.26105863767905796
depression,RBF SVM,5,85302,0,0.6143300079719931
depression,RBF SVM,5,85304,0,0.5065001872308662
depression,RBF SVM,5,85318,0,0.4754229834492556
depression,RBF SVM,5,85332,0,0.5115164344395113
depression,RBF SVM,5,85339,0,0.2880810542520012
depression,RBF SVM,5,85351,0,0.32670800865560684
depression,RBF SVM,5,85358,0,0.3867174831051249
depression,RBF SVM,5,85366,0,0.5117929096892964
depression,RBF SVM,5,85375,0,0.6269614106590786
depression,RBF SVM,5,85382,0,0.27026324812634905
depression,RBF SVM,5,85393,0,0.415352019160694
depression,RBF SVM,5,85399,0,0.6452302167981552
depression,RBF SVM,5,85407,0,0.26331815516681256
depression,RBF SVM,5,85420,0,0.3261296046750281
depression,RBF SVM,5,85427,0,0.28706930177092094
depression,RBF SVM,5,85438,0,0.2774298818563881
depression,RBF SVM,5,85443,0,0.3123644776647661
depression,RBF SVM,5,85456,0,0.6669717640048014
depression,RBF SVM,5,85463,0,0.27619564742231906
depression,RBF SVM,5,85472,0,0.44793119908561624
depression,RBF SVM,5,85485,0,0.2860070545858126
depression,RBF SVM,5,85493,0,0.15907524454815947
depression,RBF SVM,5,85505,0,0.271692884028995
depression,RBF SVM,5,85517,0,0.6100187681990974
depression,RBF SVM,5,85527,0,0.27447765401521224
depression,RBF SVM,5,85535,0,0.675846961187464
depression,RBF SVM,5,85543,0,0.24634820771894078
depression,RBF SVM,5,85552,0,0.4659938257796134
depression,RBF SVM,5,85564,0,0.6215360635979182
depression,RBF SVM,5,85565,0,0.24403271475670893
depression,RBF SVM,5,85578,0,0.22687968868978298
depression,RBF SVM,5,85587,0,0.3357351473602842
depression,RBF SVM,5,85598,0,0.5732842330356744
depression,RBF SVM,5,85618,0,0.38593393978370183
depression,RBF SVM,5,85630,0,0.31790506156367054
depression,RBF SVM,5,85641,0,0.16745535497697492
depression,RBF SVM,5,85651,0,0.411583204391409
depression,RBF SVM,5,85661,0,0.6389454791025974
depression,RBF SVM,5,85668,1,0.13801959570819855
depression,RBF SVM,5,85675,0,0.48490190466608196
depression,RBF SVM,5,85683,0,0.26792589574655684
depression,RBF SVM,5,85685,0,0.26019821450775016
depression,RBF SVM,5,85706,0,0.19689445861786176
depression,RBF SVM,5,85718,0,0.3528302572592826
depression,RBF SVM,5,85727,0,0.25672926866942464
depression,RBF SVM,5,85735,0,0.2992284129110959
depression,RBF SVM,5,85741,0,0.37338438184768413
depression,RBF SVM,5,85750,0,0.14883268928315851
depression,RBF SVM,5,85770,0,0.7052929534349428
depression,RBF SVM,5,85777,0,0.7713713913741536
depression,RBF SVM,5,85783,0,0.4126058875667203
depression,RBF SVM,5,85790,0,0.6688992138298719
depression,RBF SVM,5,85799,0,0.3763807871570691
depression,RBF SVM,5,85804,0,0.2717648805075937
depression,RBF SVM,5,85813,0,0.3194461434822283
depression,RBF SVM,5,85822,1,0.6230201376666494
depression,RBF SVM,5,85829,0,0.632251120068944
depression,RBF SVM,5,85844,0,0.6670972434297558
depression,RBF SVM,5,85852,0,0.2873673044563328
depression,RBF SVM,5,85861,0,0.3919345774957668
depression,RBF SVM,5,85862,0,0.3592780047373543
depression,RBF SVM,5,85869,0,0.30648215353144653
depression,RBF SVM,5,85878,0,0.2682480860158757
depression,RBF SVM,5,85896,0,0.6948148851477777
depression,RBF SVM,5,85902,0,0.2938419078949748
depression,RBF SVM,5,85914,0,0.5786024173982132
depression,RBF SVM,5,85930,0,0.30409135506344626
depression,RBF SVM,5,85941,0,0.4591991948999605
depression,RBF SVM,5,85947,1,0.22708077139957292
depression,RBF SVM,5,85958,0,0.6160945556021108
depression,RBF SVM,5,85964,0,0.2745587923557985
depression,RBF SVM,5,85973,0,0.5504602590240676
depression,RBF SVM,5,85974,0,0.6362362840376877
depression,RBF SVM,5,85983,0,0.7032208955818772
depression,RBF SVM,5,85994,0,0.22382047445973924
depression,RBF SVM,5,86005,0,0.5291821145200984
depression,RBF SVM,5,86013,0,0.31277438534623303
depression,RBF SVM,5,86022,0,0.5706505716864827
depression,RBF SVM,5,86031,0,0.29456644709193963
depression,RBF SVM,5,86037,0,0.6939134952306596
depression,RBF SVM,5,86047,0,0.5408655717758211
depression,RBF SVM,5,86055,0,0.3727898354669894
depression,RBF SVM,5,86061,0,0.3223461942683713
depression,RBF SVM,5,86069,0,0.7219645458985602
depression,RBF SVM,5,86082,1,0.6065377508492863
depression,RBF SVM,5,86090,0,0.3820376358265749
depression,RBF SVM,5,86096,0,0.27963680814058156
depression,RBF SVM,5,86104,0,0.7421837562412956
depression,RBF SVM,5,86118,0,0.6992707787201781
depression,RBF SVM,5,86126,0,0.27055361815358936
depression,RBF SVM,5,86144,0,0.3167769840719766
depression,RBF SVM,5,86152,0,0.2195116384111963
depression,RBF SVM,5,86159,0,0.28005729297798526
depression,RBF SVM,5,86168,0,0.29322512178703525
depression,RBF SVM,5,86177,0,0.3454846334395997
depression,RBF SVM,5,86184,0,0.36080583091919716
depression,RBF SVM,5,86192,0,0.6485138488171104
depression,RBF SVM,5,86201,0,0.3241085642258488
depression,RBF SVM,5,86210,0,0.46277353592628045
depression,RBF SVM,5,86215,0,0.27355438512301977
depression,RBF SVM,5,86225,0,0.2165588668048431
depression,RBF SVM,5,86237,0,0.30691866446977467
depression,RBF SVM,5,86243,0,0.20507073536685536
depression,RBF SVM,5,86249,0,0.7562438271373356
depression,RBF SVM,5,86261,0,0.2570805431630274
depression,RBF SVM,5,86273,0,0.33530151464569796
depression,RBF SVM,5,86280,0,0.20918954798363845
depression,RBF SVM,5,86286,0,0.49821727013491207
depression,RBF SVM,5,86297,0,0.5206846260779541
depression,RBF SVM,5,86308,0,0.7678479608752732
depression,RBF SVM,5,86321,0,0.6539432144927776
depression,RBF SVM,5,86328,0,0.20264920933030575
depression,RBF SVM,5,86336,0,0.6459187257008158
depression,RBF SVM,5,86349,0,0.13286094040401494
depression,RBF SVM,5,86356,0,0.6923595504575575
depression,RBF SVM,5,86362,1,0.44895563324824683
depression,RBF SVM,5,86368,0,0.2387615834722316
depression,RBF SVM,5,86384,0,0.7558994273979613
depression,RBF SVM,5,86399,0,0.23063112673443426
depression,RBF SVM,5,86405,0,0.3639154418706067
depression,RBF SVM,5,86409,0,0.5455270337952934
depression,RBF SVM,5,86420,0,0.27404748139349444
depression,RBF SVM,5,86433,0,0.24636117237523236
depression,RBF SVM,5,86444,0,0.5662632524151582
depression,RBF SVM,5,86453,0,0.26891729139434695
depression,RBF SVM,5,86467,0,0.18917205827761938
depression,RBF SVM,5,86477,0,0.3911509065417252
depression,RBF SVM,5,86493,0,0.6777496308930284
depression,RBF SVM,5,86500,0,0.6200607777567725
depression,RBF SVM,5,86514,0,0.46991338816004075
depression,RBF SVM,5,86519,0,0.1641719491243077
depression,RBF SVM,5,86525,0,0.5230125204499022
depression,RBF SVM,5,86534,0,0.4631492190322721
depression,RBF SVM,5,86542,1,0.38486028870518335
depression,RBF SVM,5,86552,1,0.6960977113475102
depression,RBF SVM,5,86560,0,0.18721953982685996
depression,RBF SVM,5,86568,0,0.4265779100525797
depression,RBF SVM,5,86574,0,0.2662668313019121
depression,RBF SVM,5,86584,0,0.14427131814665303
depression,RBF SVM,5,86597,0,0.565294187539516
depression,RBF SVM,5,86604,0,0.3779829935866482
depression,RBF SVM,5,86614,1,0.33929647080424835
depression,RBF SVM,5,86624,0,0.26923491726683224
depression,RBF SVM,5,86636,0,0.2719185848410747
depression,RBF SVM,5,86641,0,0.6135863513914849
depression,RBF SVM,5,86655,0,0.48700081742630996
depression,RBF SVM,5,86663,0,0.21811706418202106
depression,RBF SVM,5,86669,0,0.441405288370531
depression,RBF SVM,5,86676,0,0.23310894160921447
depression,RBF SVM,5,86686,0,0.2922383783102258
depression,RBF SVM,5,86699,0,0.6683493405194956
depression,RBF SVM,5,86701,0,0.09218538809910198
depression,RBF SVM,5,86718,1,0.5908962829838827
depression,RBF SVM,5,86730,0,0.27714419517009603
depression,RBF SVM,5,86737,0,0.4474189280543751
depression,RBF SVM,5,86745,0,0.7071247695600671
depression,RBF SVM,5,86753,0,0.3912482566543643
depression,RBF SVM,5,86764,0,0.2870010565984723
depression,RBF SVM,5,86774,0,0.3197664790821401
depression,RBF SVM,5,86782,0,0.6227917233309955
depression,RBF SVM,5,86787,0,0.20456441264371977
depression,RBF SVM,5,86806,0,0.40584183826019316
depression,RBF SVM,5,86815,0,0.26214511517286204
depression,RBF SVM,5,86826,0,0.10941749602088449
depression,RBF SVM,5,86837,0,0.751159797912895
depression,RBF SVM,5,86856,0,0.2688895394769519
depression,RBF SVM,5,86868,0,0.23689715487043578
depression,RBF SVM,5,86877,0,0.268935482143805
depression,RBF SVM,5,86881,0,0.7419715850663489
depression,RBF SVM,5,86886,0,0.450187550679394
depression,RBF SVM,5,86905,0,0.3428126725658647
depression,RBF SVM,5,86911,0,0.2601755592976689
depression,RBF SVM,5,86929,0,0.3261925633972499
depression,RBF SVM,5,86947,0,0.14737148936856173
depression,RBF SVM,5,86959,0,0.273161470062695
depression,RBF SVM,5,86965,0,0.70414478910481
depression,RBF SVM,5,86968,0,0.41266832218040456
depression,RBF SVM,5,86981,0,0.5798401576653268
depression,RBF SVM,5,86987,0,0.39315477924108266
depression,RBF SVM,5,86996,0,0.2760823679393884
depression,RBF SVM,5,87005,0,0.31750822448495286
depression,RBF SVM,5,87016,0,0.6648228441455484
depression,RBF SVM,5,87030,0,0.7743443576750275
depression,RBF SVM,5,87046,0,0.5476672554665478
depression,RBF SVM,5,87052,0,0.1776204806113345
depression,RBF SVM,5,87063,0,0.2653690060311166
depression,RBF SVM,5,87072,0,0.4118895426904852
depression,RBF SVM,5,87081,0,0.4363035096916781
depression,RBF SVM,5,87098,0,0.4012668919824259
depression,RBF SVM,5,87112,0,0.6942666103632452
depression,RBF SVM,5,87120,0,0.2941468792214563
depression,RBF SVM,5,87125,0,0.6664167844229056
depression,RBF SVM,5,87135,1,0.26920761525279413
depression,RBF SVM,5,87148,0,0.26932172368006113
depression,RBF SVM,5,87156,0,0.6317107042781166
depression,RBF SVM,5,87163,0,0.4338826950465995
depression,RBF SVM,5,87168,0,0.5204798992410405
depression,RBF SVM,5,87175,0,0.22716207067846161
depression,RBF SVM,5,87181,0,0.3069037544420528
depression,RBF SVM,5,87193,0,0.1634199085117625
depression,RBF SVM,5,87200,0,0.2685386079340811
depression,RBF SVM,5,87209,0,0.8011893567472772
depression,RBF SVM,5,87219,0,0.3082701780063307
depression,RBF SVM,5,87228,0,0.3639771406311677
depression,RBF SVM,5,87230,0,0.38303403701936733
depression,RBF SVM,5,87238,1,0.3055740530200371
depression,RBF SVM,5,87245,0,0.2542790095379422
depression,RBF SVM,5,87255,1,0.24758568577549203
depression,RBF SVM,5,87262,0,0.23959863326990968
depression,RBF SVM,5,87274,0,0.791061334784268
depression,RBF SVM,5,87281,1,0.7412980957126164
depression,RBF SVM,5,87290,0,0.669864462934836
depression,RBF SVM,5,87301,0,0.5835290874208493
depression,RBF SVM,5,87312,0,0.12891891806633116
depression,RBF SVM,5,87320,0,0.3153423822773919
depression,RBF SVM,5,87329,0,0.6015436858606419
depression,RBF SVM,5,87337,0,0.4754229834492556
depression,RBF SVM,5,87346,0,0.6157352452169479
depression,RBF SVM,5,87349,0,0.3019974209181003
depression,RBF SVM,5,87369,0,0.45210157322024436
depression,RBF SVM,5,87376,0,0.29713300458327024
depression,RBF SVM,5,87388,0,0.4156750176011753
depression,RBF SVM,5,87400,0,0.6680506174456126
depression,RBF SVM,5,87417,0,0.21268076771323124
depression,RBF SVM,5,87426,0,0.1275472820928876
depression,RBF SVM,5,87433,0,0.34186377624891784
depression,RBF SVM,5,87441,0,0.2942432990482798
depression,RBF SVM,5,87455,0,0.26254253446656417
depression,RBF SVM,5,87464,0,0.7387895170894169
depression,RBF SVM,5,87475,0,0.38379418579329416
depression,RBF SVM,5,87482,0,0.29182754908672526
depression,RBF SVM,5,87489,0,0.4102642586194761
depression,RBF SVM,5,87498,0,0.42760788286767615
depression,RBF SVM,5,87507,0,0.6928200430291811
depression,RBF SVM,5,87513,0,0.7336255311940524
depression,RBF SVM,5,87522,0,0.2755765464054975
depression,RBF SVM,5,87531,1,0.5698925908938384
depression,RBF SVM,5,87548,0,0.2461389366519616
depression,RBF SVM,5,87554,0,0.2102031071329563
depression,RBF SVM,5,87571,1,0.7741785835482139
depression,RBF SVM,5,87577,0,0.5484725665971182
depression,RBF SVM,5,87586,0,0.23310894160921447
depression,RBF SVM,5,87594,1,0.6550463762252197
depression,RBF SVM,5,87603,0,0.34722345694978335
depression,RBF SVM,5,87623,0,0.25804489547735504
depression,RBF SVM,5,87632,0,0.5911720160559187
depression,RBF SVM,5,87648,1,0.2685988349587047
depression,RBF SVM,5,87664,0,0.5365127234167277
depression,RBF SVM,5,87677,0,0.6789644119870393
depression,RBF SVM,5,87684,0,0.26888603007768336
depression,RBF SVM,5,87694,0,0.3560158264829432
depression,RBF SVM,5,87717,0,0.494567654115484
depression,RBF SVM,5,87729,0,0.2628713048109289
depression,RBF SVM,5,87741,0,0.4337087846004858
depression,RBF SVM,5,87755,0,0.302714382390443
depression,RBF SVM,5,87762,0,0.5096757368864224
depression,RBF SVM,5,87774,0,0.3265756186834645
depression,RBF SVM,5,87781,0,0.2431639152572635
depression,RBF SVM,5,87795,0,0.7686307146655686
depression,RBF SVM,5,87801,0,0.43089341742579396
depression,RBF SVM,5,87809,0,0.24396150255488885
depression,RBF SVM,5,87819,0,0.2975725200504973
depression,RBF SVM,5,87830,0,0.5680674354235665
depression,RBF SVM,5,87843,0,0.49429247503333335
depression,RBF SVM,5,87850,0,0.6392175615706474
depression,RBF SVM,5,87857,0,0.26010053399657135
depression,RBF SVM,5,87873,0,0.2611871315223798
depression,RBF SVM,5,87885,1,0.5576674947126702
depression,RBF SVM,5,87892,0,0.45011110144463445
depression,RBF SVM,5,87904,0,0.41917646522291413
depression,RBF SVM,5,87913,0,0.4967749726191211
depression,RBF SVM,5,87921,0,0.26084349284183334
depression,RBF SVM,5,87934,0,0.24269198776759435
depression,RBF SVM,5,87948,0,0.265995216190785
depression,RBF SVM,5,87959,0,0.2691018543459944
depression,RBF SVM,5,87969,0,0.2208746750297466
depression,RBF SVM,5,87982,0,0.8107533567357404
depression,RBF SVM,5,87988,0,0.40245337941142384
depression,RBF SVM,5,88000,1,0.7699890523864878
depression,RBF SVM,5,88010,0,0.41917646522291413
depression,RBF SVM,5,88021,0,0.5968511931858859
depression,RBF SVM,5,88030,0,0.17451653502274098
depression,RBF SVM,5,88044,0,0.5903771841953294
depression,RBF SVM,5,88050,0,0.14733779445975936
depression,RBF SVM,5,88064,0,0.5616749618226232
depression,RBF SVM,5,88072,0,0.39526270291003823
depression,RBF SVM,5,88082,0,0.45107154542871275
depression,RBF SVM,5,88090,0,0.3183739425666174
depression,RBF SVM,5,88099,0,0.7424521902457576
depression,RBF SVM,5,88110,0,0.3203990268988828
depression,RBF SVM,5,88116,0,0.2683914148088059
depression,RBF SVM,5,88126,0,0.3488807866107263
depression,RBF SVM,5,88134,0,0.2178509449104118
depression,RBF SVM,5,88146,0,0.34398535261837115
depression,RBF SVM,5,88154,0,0.7045843734000307
depression,RBF SVM,5,88161,0,0.7767167392925582
depression,RBF SVM,5,88170,0,0.41917646522291413
depression,RBF SVM,5,88178,0,0.23017801147058545
depression,RBF SVM,5,88188,0,0.608396132475786
depression,RBF SVM,5,88198,0,0.6727562190381275
depression,RBF SVM,5,88206,0,0.2009062933714729
depression,RBF SVM,5,88216,0,0.812415170837237
depression,RBF SVM,5,88227,0,0.3303469626022896
depression,RBF SVM,5,88232,0,0.3184326487629933
depression,RBF SVM,5,88240,0,0.4500102698809717
depression,RBF SVM,5,88254,1,0.4102006426851324
depression,RBF SVM,5,88260,0,0.4922788798681858
depression,RBF SVM,5,88267,0,0.1317934304126342
depression,RBF SVM,5,88287,0,0.7427669597051022
depression,RBF SVM,5,88297,0,0.32838404406004085
depression,RBF SVM,5,88306,0,0.36373187515408834
depression,RBF SVM,5,88315,0,0.2983139451176396
depression,RBF SVM,5,88322,0,0.27365457039158114
depression,RBF SVM,5,88333,0,0.2959565993909404
depression,RBF SVM,5,88339,0,0.405160014895192
depression,RBF SVM,5,88350,0,0.2622096708902288
depression,RBF SVM,5,88355,0,0.24952359708172217
depression,RBF SVM,5,88367,0,0.5308939101091837
depression,RBF SVM,5,88384,0,0.5130301862557964
depression,RBF SVM,5,88392,0,0.3263524365120324
depression,RBF SVM,5,88401,1,0.5410729860789547
depression,RBF SVM,5,88412,0,0.4225700350087581
depression,RBF SVM,5,88422,0,0.4673591730618964
depression,RBF SVM,5,88431,0,0.3538428404292178
depression,RBF SVM,5,88439,0,0.26821512267749176
depression,RBF SVM,5,88451,0,0.5809670745041315
depression,RBF SVM,5,88461,0,0.12862940889800906
depression,RBF SVM,5,88475,0,0.302714382390443
depression,RBF SVM,5,88481,0,0.2698309363060863
depression,RBF SVM,5,88488,0,0.7675070480925813
depression,RBF SVM,5,88497,0,0.64519379076921
depression,RBF SVM,5,88521,0,0.2805505616078118
depression,RBF SVM,5,88530,0,0.48355605607222624
depression,RBF SVM,5,88538,0,0.45361713276256166
depression,RBF SVM,5,88545,0,0.3981665714926223
depression,RBF SVM,5,88561,0,0.6378011881049572
depression,RBF SVM,5,88570,0,0.2902866288003691
depression,RBF SVM,5,88574,0,0.2685967766515265
depression,RBF SVM,5,88585,0,0.627061382620744
depression,RBF SVM,5,88598,0,0.47228420909079877
depression,RBF SVM,5,88606,0,0.6283128521264076
depression,RBF SVM,5,88612,0,0.22342555059123226
depression,RBF SVM,5,88618,0,0.6315773258009931
depression,RBF SVM,5,88630,0,0.26900219825519034
depression,RBF SVM,5,88640,0,0.7632769018651508
depression,RBF SVM,5,88651,0,0.5911372361878667
depression,RBF SVM,5,88658,0,0.2707734697680234
depression,RBF SVM,5,88659,0,0.20739269168976837
depression,RBF SVM,5,88668,0,0.7590669820127299
depression,RBF SVM,5,88678,0,0.2725528047177456
depression,RBF SVM,5,88689,0,0.4685983995458967
depression,RBF SVM,5,88699,0,0.6362142251354851
depression,RBF SVM,5,88706,0,0.20179939726491228
depression,RBF SVM,5,88719,0,0.4219357032258512
depression,RBF SVM,5,88725,0,0.24922356012953514
depression,RBF SVM,5,88738,0,0.231442060062875
depression,RBF SVM,5,88747,0,0.7260892310919752
depression,RBF SVM,5,88758,0,0.620800261344925
depression,RBF SVM,5,88767,0,0.6271622901846051
depression,RBF SVM,5,88787,0,0.24791648921197956
depression,RBF SVM,5,88795,0,0.6791004065632394
depression,RBF SVM,5,88804,1,0.5020651209331729
depression,RBF SVM,5,88814,0,0.24651201850903798
depression,RBF SVM,5,88823,0,0.3167654429456363
depression,RBF SVM,5,88835,0,0.25404845056059394
depression,RBF SVM,5,88845,0,0.27009515122680167
depression,RBF SVM,5,88856,0,0.25776206899233783
depression,RBF SVM,5,88862,0,0.6435638952134908
depression,RBF SVM,5,88874,0,0.48088979780331814
depression,RBF SVM,5,88879,0,0.7806378513476405
depression,RBF SVM,5,88884,0,0.24375504074402835
depression,RBF SVM,5,88888,0,0.23837978256808207
depression,RBF SVM,5,88898,0,0.2671113634409552
depression,RBF SVM,5,88901,0,0.31266348512907965
depression,RBF SVM,5,88914,0,0.34862300164131405
depression,RBF SVM,5,88924,0,0.22436272615868738
depression,RBF SVM,5,88932,0,0.5365783065698678
depression,RBF SVM,5,88943,0,0.3129773295195772
depression,RBF SVM,5,88952,0,0.3231648108750413
depression,RBF SVM,5,88968,0,0.22534446588053333
depression,RBF SVM,5,88982,0,0.2699583265038197
depression,RBF SVM,5,88992,0,0.2903434730691138
depression,RBF SVM,5,88996,0,0.27371834435328385
depression,RBF SVM,5,89012,0,0.504071713538432
depression,RBF SVM,5,89020,1,0.3130380110496253
depression,RBF SVM,5,89031,0,0.4220043892638062
depression,RBF SVM,5,89040,0,0.3627418962036833
depression,RBF SVM,5,89052,0,0.7523241531963227
depression,RBF SVM,5,89068,0,0.4703019918452807
depression,RBF SVM,5,89077,0,0.6331092347659499
depression,RBF SVM,5,89087,0,0.3077550724245827
depression,RBF SVM,5,89097,0,0.15216567753710702
depression,RBF SVM,5,89106,0,0.27375435618751714
depression,RBF SVM,5,89116,0,0.5616402621961565
depression,RBF SVM,5,89124,0,0.45059149227162504
depression,RBF SVM,5,89129,0,0.46975798787047984
depression,RBF SVM,5,89141,0,0.35230899439758867
depression,RBF SVM,5,89157,0,0.6671716449887849
depression,RBF SVM,5,89160,0,0.6399917105654443
depression,RBF SVM,5,89171,0,0.7050069203354165
depression,RBF SVM,5,89177,0,0.2680114779946419
depression,RBF SVM,5,89184,0,0.2896266781644084
depression,RBF SVM,5,89192,0,0.4793056095107016
depression,RBF SVM,5,89204,0,0.30411546773934167
depression,RBF SVM,5,89222,0,0.6541202501401353
depression,RBF SVM,5,89233,1,0.5171251089165596
depression,RBF SVM,5,89244,0,0.2716118218548661
depression,RBF SVM,5,89256,0,0.2780208963223644
depression,RBF SVM,5,89265,0,0.5444167034811421
depression,RBF SVM,5,89271,0,0.4577586394780782
depression,RBF SVM,5,89275,0,0.7806286544415612
depression,RBF SVM,5,89292,1,0.22098267080559933
depression,RBF SVM,5,89302,0,0.5195844321274218
depression,RBF SVM,5,89310,0,0.7688273276012438
depression,RBF SVM,5,89317,0,0.5138939878627908
depression,RBF SVM,5,89319,0,0.26872949216218844
depression,RBF SVM,5,89327,0,0.3770315097754686
depression,RBF SVM,5,89338,1,0.6300090006213164
depression,RBF SVM,5,89348,0,0.6263026542542697
depression,RBF SVM,5,89355,0,0.699138241715322
depression,RBF SVM,5,89367,0,0.4900082868251707
depression,RBF SVM,5,89382,0,0.35858064178307597
depression,RBF SVM,5,89395,0,0.6762319110073581
depression,RBF SVM,5,89404,0,0.5414304820835012
depression,RBF SVM,5,89414,0,0.6368290753945107
depression,RBF SVM,5,89434,0,0.281887414365109
depression,RBF SVM,5,89441,0,0.7710633431081814
depression,RBF SVM,5,89446,0,0.7536190897519673
depression,RBF SVM,5,89459,1,0.8082574861982538
depression,RBF SVM,5,89474,0,0.28204003064541305
depression,RBF SVM,5,89483,0,0.5252915276103884
depression,RBF SVM,5,89495,0,0.695303574802544
depression,RBF SVM,5,89501,0,0.24271766177456233
depression,RBF SVM,5,89517,0,0.2694672184610987
depression,RBF SVM,5,89533,0,0.2597730023920289
depression,RBF SVM,5,89543,0,0.3635875015732232
depression,RBF SVM,5,89550,0,0.26297080170902554
depression,RBF SVM,5,89560,0,0.7584635874862771
depression,RBF SVM,5,89568,0,0.1816726037487491
depression,RBF SVM,5,89575,0,0.3190132294412098
depression,RBF SVM,5,89577,0,0.2953479992503402
depression,RBF SVM,5,89583,0,0.30994116908601316
depression,RBF SVM,5,89588,0,0.45957963137573976
depression,RBF SVM,5,89595,0,0.23642196620324266
depression,RBF SVM,5,89601,0,0.48218788553423386
depression,RBF SVM,5,89613,0,0.28937651158587324
depression,RBF SVM,5,89620,1,0.6834275616760789
depression,RBF SVM,5,89633,0,0.3558999519817335
depression,RBF SVM,5,89641,0,0.2567753058456788
depression,RBF SVM,5,89647,0,0.7038733277790923
depression,RBF SVM,5,89652,0,0.5029629509531033
depression,RBF SVM,5,89659,0,0.2787662097948574
depression,RBF SVM,5,89666,0,0.7540895137964702
depression,RBF SVM,5,89674,0,0.26135070614354455
depression,RBF SVM,5,89684,0,0.5418862051967259
depression,RBF SVM,5,89694,0,0.46074665141954935
depression,RBF SVM,5,89703,0,0.7671284538548713
depression,RBF SVM,5,89711,0,0.2924137863505417
depression,RBF SVM,5,89721,0,0.6973251807292175
depression,RBF SVM,5,89728,0,0.1452663865573078
depression,RBF SVM,5,89735,0,0.31325001968380217
depression,RBF SVM,5,89749,0,0.43785014289121177
depression,RBF SVM,5,89756,0,0.3912615131263725
depression,RBF SVM,5,89779,0,0.34086626856216723
depression,RBF SVM,5,89788,0,0.45879453133932924
depression,RBF SVM,5,89794,0,0.39979096791599833
depression,RBF SVM,5,89801,0,0.27037612591292115
depression,RBF SVM,5,89806,0,0.5411828664037378
depression,RBF SVM,5,89809,0,0.5004028116131511
depression,RBF SVM,5,89824,0,0.42281771254006356
depression,RBF SVM,5,89833,0,0.4937857033981834
depression,RBF SVM,5,89844,1,0.7554735352705703
depression,RBF SVM,5,89850,0,0.23935668257575152
depression,RBF SVM,5,89860,0,0.28902869204543363
depression,RBF SVM,5,89881,0,0.7433806287769954
depression,RBF SVM,5,89891,0,0.24921381571679097
depression,RBF SVM,5,89901,0,0.5429380303669807
depression,RBF SVM,5,89909,0,0.6227948099293265
depression,RBF SVM,5,89921,0,0.27212118050657047
depression,RBF SVM,5,89925,0,0.7495149924754814
depression,RBF SVM,5,89946,1,0.2642178625087592
depression,RBF SVM,5,89956,0,0.2647161199764563
depression,RBF SVM,5,89963,0,0.2667958781341036
depression,RBF SVM,5,89974,0,0.24421688411440887
depression,RBF SVM,5,89980,0,0.4490132441573764
depression,RBF SVM,5,89992,0,0.5209990531642458
depression,RBF SVM,5,90000,0,0.78401823109196
depression,RBF SVM,5,90004,0,0.22454961780180718
depression,RBF SVM,5,90009,0,0.2722585738937562
depression,RBF SVM,5,90021,0,0.23475444030688014
depression,RBF SVM,5,90033,0,0.7060185759741728
depression,RBF SVM,5,90048,0,0.43161511169637307
depression,RBF SVM,5,90049,0,0.3326145307597064
depression,RBF SVM,5,90065,0,0.7680492445813828
depression,RBF SVM,5,90071,0,0.19612182278320264
depression,RBF SVM,5,90077,1,0.6520316238389631
depression,RBF SVM,5,90079,1,0.6737737958420127
depression,RBF SVM,5,90088,0,0.4408489491160208
depression,RBF SVM,5,90102,0,0.27963680814058156
depression,RBF SVM,5,90111,0,0.41537643932243423
depression,RBF SVM,5,90120,1,0.29513309658078524
depression,RBF SVM,5,90131,1,0.48669776967704664
depression,RBF SVM,5,90142,0,0.2404695819043078
depression,RBF SVM,5,90150,0,0.6246187259089427
depression,RBF SVM,5,90157,0,0.6438841655477193
depression,RBF SVM,5,90168,0,0.26836796303349214
depression,RBF SVM,5,90172,0,0.4122936457504925
depression,RBF SVM,5,90188,0,0.26913566977356934
depression,RBF SVM,5,90199,0,0.17554292976586844
depression,RBF SVM,5,90210,0,0.1420077752238774
depression,RBF SVM,5,90235,0,0.3596349920840232
depression,RBF SVM,5,90244,0,0.6104015980722014
depression,RBF SVM,5,90254,0,0.5010175275041757
depression,RBF SVM,5,90262,0,0.4170489744385337
depression,RBF SVM,5,90272,0,0.26654710316087216
depression,RBF SVM,5,90281,0,0.37170825247758166
depression,RBF SVM,5,90293,0,0.46580546742655565
depression,RBF SVM,5,90295,0,0.2659688337005898
depression,RBF SVM,5,90301,0,0.368122085625063
depression,RBF SVM,5,90308,0,0.38800163018917005
depression,RBF SVM,5,90324,0,0.2544435385212339
depression,RBF SVM,5,90327,0,0.3438135453561463
depression,RBF SVM,5,90337,0,0.6929573498059949
depression,RBF SVM,5,90352,0,0.5545228313703228
depression,RBF SVM,5,90359,0,0.546877478283823
depression,RBF SVM,5,90367,1,0.35504425986283056
depression,RBF SVM,5,90378,0,0.26444488518273784
depression,RBF SVM,5,90391,0,0.371555608095795
depression,RBF SVM,5,90398,0,0.32576554728118823
depression,RBF SVM,5,90412,0,0.2876126253344462
depression,RBF SVM,5,90424,0,0.43950247533084363
depression,RBF SVM,5,90425,0,0.27294464115282785
depression,RBF SVM,5,90452,0,0.25720798657003996
depression,RBF SVM,5,90461,0,0.47728206574267684
depression,RBF SVM,5,90467,0,0.3646217791261238
depression,RBF SVM,5,90481,0,0.6691090026090324
depression,RBF SVM,5,90493,0,0.5397645439832591
depression,RBF SVM,5,90501,0,0.32617982833749687
depression,RBF SVM,5,90511,0,0.26872949216218844
depression,RBF SVM,5,90518,1,0.6416379528851608
depression,RBF SVM,5,90525,0,0.28339675444496726
depression,RBF SVM,5,90532,0,0.2934611662651205
depression,RBF SVM,5,90540,0,0.33889402088738213
depression,RBF SVM,5,90549,0,0.45845358216973287
depression,RBF SVM,5,90563,1,0.7310232325309055
depression,RBF SVM,5,90565,0,0.2689997051750892
depression,RBF SVM,5,90583,0,0.2621374621692538
depression,RBF SVM,5,90591,0,0.5734721682090865
depression,RBF SVM,5,90599,0,0.34020097896993307
depression,RBF SVM,5,90606,0,0.5440856320331408
depression,RBF SVM,5,90612,1,0.6950385086265346
depression,RBF SVM,5,90623,0,0.3769481047507766
depression,RBF SVM,5,90631,0,0.23546029896116172
depression,RBF SVM,5,90640,0,0.5790693517162672
depression,RBF SVM,5,90649,0,0.6878226159116977
depression,RBF SVM,5,90654,0,0.293528094146901
depression,RBF SVM,5,90663,0,0.4346085894053235
depression,RBF SVM,5,90670,0,0.718742919255169
depression,RBF SVM,5,90675,0,0.3576553960354388
depression,RBF SVM,5,90687,0,0.2600841577217732
depression,RBF SVM,5,90694,0,0.44364934250878124
depression,RBF SVM,5,90703,0,0.404121990448232
depression,RBF SVM,5,90715,0,0.2674036732337381
depression,RBF SVM,5,90722,0,0.29172571366081934
depression,RBF SVM,5,90742,0,0.20750228034832008
depression,RBF SVM,5,90748,0,0.3208097917474426
depression,RBF SVM,5,90767,1,0.584908818131585
depression,RBF SVM,5,90776,0,0.5283973832037673
depression,RBF SVM,5,90790,0,0.258023561260813
depression,RBF SVM,5,90802,0,0.5133126372278375
depression,RBF SVM,5,90812,1,0.6140077395800999
depression,RBF SVM,5,90818,0,0.4614674208498878
depression,RBF SVM,5,90819,0,0.6818877494655333
depression,RBF SVM,5,90841,0,0.27177318726021854
depression,RBF SVM,5,90845,0,0.3116895000090488
depression,RBF SVM,5,90850,0,0.7578565584791493
depression,RBF SVM,5,90861,0,0.268444874516815
depression,RBF SVM,5,90878,0,0.7223693480236926
depression,RBF SVM,5,90885,0,0.2881814316385722
depression,RBF SVM,5,90891,0,0.6929116439050415
depression,RBF SVM,5,90907,0,0.3384871082120769
depression,RBF SVM,5,90915,0,0.2691018543459944
depression,RBF SVM,5,90924,0,0.31468654199137147
depression,RBF SVM,5,90930,0,0.2231092088512158
depression,RBF SVM,5,90938,1,0.7450569355576582
depression,RBF SVM,5,90949,0,0.2561808502426782
depression,RBF SVM,5,90961,0,0.1852027668311563
depression,RBF SVM,5,90970,0,0.5125942762510436
depression,RBF SVM,5,90977,0,0.43680097287690983
depression,RBF SVM,5,90988,0,0.2539847115638196
depression,RBF SVM,5,90993,0,0.09819507910489969
depression,RBF SVM,5,91002,0,0.4068280633871172
depression,RBF SVM,5,91004,0,0.5024049699454527
depression,RBF SVM,5,91017,1,0.4288145338037885
depression,RBF SVM,5,91027,0,0.25489189788974703
depression,RBF SVM,5,91042,0,0.2518789331236392
depression,RBF SVM,5,91050,0,0.6956790287331729
depression,RBF SVM,5,91063,0,0.4094816097896266
depression,RBF SVM,5,91075,0,0.2684099786770274
depression,RBF SVM,5,91082,0,0.5435649111750671
depression,RBF SVM,5,91095,0,0.2665893858245525
depression,RBF SVM,5,91108,0,0.26836796303349214
depression,RBF SVM,5,91115,0,0.3834726912042932
depression,RBF SVM,5,91123,0,0.6313470285101628
depression,RBF SVM,5,91131,0,0.27482027598708114
depression,RBF SVM,5,91155,0,0.249146453239658
depression,RBF SVM,5,91163,0,0.28465775021895484
depression,RBF SVM,5,91172,0,0.26907918082732474
depression,RBF SVM,5,91183,0,0.5095871760026817
depression,RBF SVM,5,91194,0,0.17951459197986785
depression,RBF SVM,5,91207,0,0.12106237903160405
depression,RBF SVM,5,91217,0,0.4267829042757144
depression,RBF SVM,5,91228,1,0.7647064723589843
depression,RBF SVM,5,91243,0,0.24889435736059667
depression,RBF SVM,5,91253,0,0.6198824114905677
depression,RBF SVM,5,91261,0,0.6242108138846333
depression,RBF SVM,5,91273,0,0.5482926153782114
depression,RBF SVM,5,91282,0,0.2686896610575131
depression,RBF SVM,5,91293,0,0.6921431225363881
depression,RBF SVM,5,91305,0,0.6822261791678094
depression,RBF SVM,5,91317,0,0.47176248135292703
depression,RBF SVM,5,91325,0,0.42341815537444705
depression,RBF SVM,5,91334,0,0.27592857920274105
depression,RBF SVM,5,91343,0,0.5451691901302217
depression,RBF SVM,5,91351,0,0.3696455538625761
depression,RBF SVM,5,91358,0,0.642544126188035
depression,RBF SVM,5,91364,0,0.28267451352733763
depression,RBF SVM,5,91371,0,0.4374135088623749
depression,RBF SVM,5,91389,0,0.49819852788644675
depression,RBF SVM,5,91397,0,0.48839462737427725
depression,RBF SVM,5,91406,0,0.20083968638296285
depression,RBF SVM,5,91417,0,0.2567287141510449
depression,RBF SVM,5,91427,0,0.3448558215605605
depression,RBF SVM,5,91437,0,0.2684958892945021
depression,RBF SVM,5,91445,0,0.7558398632428786
depression,RBF SVM,5,91452,0,0.623422473768693
depression,RBF SVM,5,91455,1,0.35484613056878217
depression,RBF SVM,5,91476,0,0.43466860915979544
depression,RBF SVM,5,91482,1,0.6427423152701165
depression,RBF SVM,5,91490,0,0.7606761225911414
depression,RBF SVM,5,91502,0,0.3170098978569042
depression,RBF SVM,5,91512,0,0.26934299004260176
depression,RBF SVM,5,91527,1,0.6981459590680673
depression,RBF SVM,5,91536,0,0.46284711850845767
depression,RBF SVM,5,91547,0,0.5512458634671535
depression,RBF SVM,5,91557,0,0.7453400960962993
depression,RBF SVM,5,91564,0,0.2355490184616509
depression,RBF SVM,5,91566,0,0.3996072852072187
depression,RBF SVM,5,91581,0,0.2689997508066975
depression,RBF SVM,5,91586,0,0.49196155823079096
depression,RBF SVM,5,91600,0,0.5792828068193562
depression,RBF SVM,5,91611,0,0.224269149006537
depression,RBF SVM,5,91619,0,0.3555918437756422
depression,RBF SVM,5,91628,0,0.29172571366081934
depression,RBF SVM,5,91635,0,0.6425872148552916
depression,RBF SVM,5,91647,0,0.3310863195505976
depression,RBF SVM,5,91652,0,0.23226869983474138
depression,RBF SVM,5,91665,0,0.15624798590744338
depression,RBF SVM,5,91677,1,0.30359205751406637
depression,RBF SVM,5,91696,0,0.5451471781953987
depression,RBF SVM,5,91706,0,0.26908565381949967
depression,RBF SVM,5,91715,0,0.5642625623804455
depression,RBF SVM,5,91723,0,0.2430316833319362
depression,RBF SVM,5,91725,0,0.416646721246773
depression,RBF SVM,5,91732,0,0.5136858490450834
depression,RBF SVM,5,91737,0,0.46918978768820346
depression,RBF SVM,5,91744,0,0.2119712655016585
depression,RBF SVM,5,91760,0,0.20709958075158325
depression,RBF SVM,5,91781,0,0.5909982366169596
depression,RBF SVM,5,91788,0,0.2635419142876871
depression,RBF SVM,5,91794,0,0.4268330648449994
depression,RBF SVM,5,91806,0,0.7209207203921
depression,RBF SVM,5,91811,0,0.7275912074761126
depression,RBF SVM,5,91819,0,0.268992670446606
depression,RBF SVM,5,91828,1,0.29884602565464535
depression,RBF SVM,5,91835,0,0.3855208273491195
depression,RBF SVM,5,91842,0,0.6980418912800409
depression,RBF SVM,5,91852,0,0.45915236217717376
depression,RBF SVM,5,91861,0,0.24428191463451437
depression,RBF SVM,5,91869,0,0.26917137675880864
depression,RBF SVM,5,91886,0,0.3881716811921806
depression,RBF SVM,5,91893,0,0.5757298296447978
depression,RBF SVM,5,91900,0,0.22645769068473587
depression,RBF SVM,5,91912,0,0.5069845064572538
depression,RBF SVM,5,91922,0,0.6653408511516111
depression,RBF SVM,5,91931,0,0.4124247351119915
depression,RBF SVM,5,91945,0,0.3761843257788676
depression,RBF SVM,5,91954,0,0.6198272871149185
depression,RBF SVM,5,91966,1,0.5097054839366528
depression,RBF SVM,5,91967,0,0.7230597288838055
depression,RBF SVM,5,91983,0,0.43781111993256083
depression,RBF SVM,5,91993,0,0.2688817761164821
depression,RBF SVM,5,92002,0,0.18818874276395747
depression,RBF SVM,5,92017,0,0.6953086462939
depression,RBF SVM,5,92025,0,0.266208807637871
depression,RBF SVM,5,92038,0,0.31221448031466864
depression,RBF SVM,5,92048,0,0.45042589863444565
depression,RBF SVM,5,92055,0,0.7608387499481817
depression,RBF SVM,5,92068,0,0.24977439849679825
depression,RBF SVM,5,92081,0,0.7355146520015846
depression,RBF SVM,5,92089,0,0.786937234860745
depression,RBF SVM,5,92097,0,0.46532924416445076
depression,RBF SVM,5,92105,0,0.5114888087469077
depression,RBF SVM,5,92114,0,0.24726394315203928
depression,RBF SVM,5,92123,0,0.2768141771094544
depression,RBF SVM,5,92131,0,0.7099513505166551
depression,RBF SVM,5,92138,0,0.5117133367317468
depression,RBF SVM,5,92141,0,0.1846412898494967
depression,RBF SVM,5,92157,1,0.6165612989071664
depression,RBF SVM,5,92167,0,0.22570038150011063
depression,RBF SVM,5,92170,0,0.6480127897349146
depression,RBF SVM,5,92186,0,0.2756458386169302
depression,RBF SVM,5,92199,0,0.34573751822627163
depression,RBF SVM,5,92206,1,0.25151841126778923
depression,RBF SVM,5,92218,0,0.6255273728163137
depression,RBF SVM,5,92234,0,0.28880350700523644
depression,RBF SVM,5,92242,0,0.2005618280520024
depression,RBF SVM,5,92254,0,0.14022281715490614
depression,RBF SVM,5,92259,0,0.6260981738507455
depression,RBF SVM,5,92260,0,0.7086589492898515
depression,RBF SVM,5,92275,0,0.2699273536426496
depression,RBF SVM,5,92294,0,0.17590381238584174
depression,RBF SVM,5,92299,0,0.7443743456039315
depression,RBF SVM,5,92319,0,0.18653823314382706
depression,RBF SVM,5,92333,0,0.7068164992943103
depression,RBF SVM,5,92347,0,0.22540571440186985
depression,RBF SVM,5,92358,0,0.3376112481242108
depression,RBF SVM,5,92365,0,0.2943859050595502
depression,RBF SVM,5,92373,0,0.35601661422944814
depression,RBF SVM,5,92386,0,0.21901033500719919
depression,RBF SVM,5,92397,0,0.5263190489150557
depression,RBF SVM,5,92407,0,0.6006721284730968
depression,RBF SVM,5,92415,0,0.34192704817858594
depression,RBF SVM,5,92420,0,0.5575363519748955
depression,RBF SVM,5,92429,0,0.5866620711300911
depression,RBF SVM,5,92438,0,0.45591566824526764
depression,RBF SVM,5,92450,0,0.22042653797823242
depression,RBF SVM,5,92463,0,0.29172571366081934
depression,RBF SVM,5,92482,0,0.6448539531047182
depression,RBF SVM,5,92485,0,0.6141011248884923
depression,RBF SVM,5,92495,0,0.41034981716478464
depression,RBF SVM,5,92510,0,0.565239648612685
depression,RBF SVM,5,92522,1,0.7310232325309055
depression,RBF SVM,5,92530,0,0.38166861800773927
depression,RBF SVM,5,92538,0,0.2132443260835916
depression,RBF SVM,5,92541,0,0.49530078996896476
depression,RBF SVM,5,92551,0,0.26417419214535903
depression,RBF SVM,5,92557,0,0.3081803673461171
depression,RBF SVM,5,92567,0,0.24864069807770908
depression,RBF SVM,5,92579,0,0.2326357131585057
depression,RBF SVM,5,92591,0,0.2727185656477718
depression,RBF SVM,5,92602,1,0.5100860092577769
depression,RBF SVM,5,92609,0,0.63728211549446
depression,RBF SVM,5,92619,0,0.2986737666063934
depression,RBF SVM,5,92628,0,0.6652994800832127
depression,RBF SVM,5,92641,0,0.607756837788074
depression,RBF SVM,5,92649,0,0.530599726365036
depression,RBF SVM,5,92662,0,0.5233039718508157
depression,RBF SVM,5,92670,0,0.31404348101350127
depression,RBF SVM,5,92681,0,0.24115488398897902
depression,RBF SVM,5,92690,0,0.7012204614474161
depression,RBF SVM,5,92700,0,0.7627567215494065
depression,RBF SVM,5,92709,0,0.3414113599702155
depression,RBF SVM,5,92722,0,0.21390529776059164
depression,RBF SVM,5,92731,0,0.5728586277966299
depression,RBF SVM,5,92743,1,0.26913566977356934
depression,RBF SVM,5,92745,1,0.27664326237878784
depression,RBF SVM,5,92762,0,0.2765835783237774
depression,RBF SVM,5,92774,0,0.22480116576470208
depression,RBF SVM,5,92785,0,0.24854777541554693
depression,RBF SVM,5,92795,0,0.29367581763049116
depression,RBF SVM,5,92808,0,0.21704962200664868
depression,RBF SVM,5,92818,0,0.21117633420743329
depression,RBF SVM,5,92826,0,0.28163493715366616
depression,RBF SVM,5,92832,0,0.6470287330391624
depression,RBF SVM,5,92846,1,0.45892832160599134
depression,RBF SVM,5,92849,0,0.189764015649039
depression,RBF SVM,5,92854,0,0.37484779342482943
depression,RBF SVM,5,92880,0,0.25084889554458706
depression,RBF SVM,5,92883,0,0.26752335168098845
depression,RBF SVM,5,92891,0,0.24158906324632273
depression,RBF SVM,5,92899,0,0.184826887844286
depression,RBF SVM,5,92905,0,0.3766760591421906
depression,RBF SVM,5,92912,0,0.2604315133830204
depression,RBF SVM,5,92922,1,0.7419849488413696
depression,RBF SVM,5,92930,0,0.12106237903160405
depression,RBF SVM,5,92941,0,0.2496207149883709
depression,RBF SVM,5,92952,0,0.35223340798335107
depression,RBF SVM,5,92960,0,0.29024667826317585
depression,RBF SVM,5,92971,0,0.24296405725827133
depression,RBF SVM,5,92981,1,0.7448532642994918
depression,RBF SVM,5,92988,0,0.4436859563601052
depression,RBF SVM,5,92994,0,0.11476976404852543
depression,RBF SVM,5,93002,0,0.2689222112137894
depression,RBF SVM,5,93010,1,0.7646273482005693
depression,RBF SVM,5,93013,0,0.7352488570047685
depression,RBF SVM,5,93024,0,0.2845372821121818
depression,RBF SVM,5,93034,0,0.4460811808251023
depression,RBF SVM,5,93036,0,0.31280672192122083
depression,RBF SVM,5,93052,0,0.6450065012960167
depression,RBF SVM,5,93068,1,0.3037183238573918
depression,RBF SVM,5,93074,1,0.2681939824833804
depression,RBF SVM,5,93083,0,0.2714854996142011
depression,RBF SVM,5,93092,0,0.28706930177092094
depression,RBF SVM,5,93099,0,0.5319109189279866
depression,RBF SVM,5,93109,0,0.7379304734576592
depression,RBF SVM,5,93120,0,0.2907838711317907
depression,RBF SVM,5,93131,0,0.49061585297151733
depression,RBF SVM,5,93145,0,0.2242331848956781
depression,RBF SVM,5,93157,0,0.28013738365033725
depression,RBF SVM,5,93172,0,0.2727185656477718
depression,RBF SVM,5,93180,0,0.3092127017189337
depression,RBF SVM,5,93191,0,0.5914070835566414
depression,RBF SVM,5,93202,0,0.6598405922070123
depression,RBF SVM,5,93209,0,0.6929391490590495
depression,RBF SVM,5,93220,0,0.1669018125947034
depression,RBF SVM,5,93235,0,0.517101192189479
depression,RBF SVM,5,93244,0,0.47617479347657893
depression,RBF SVM,5,93247,0,0.3479324032134894
depression,RBF SVM,5,93267,0,0.3018310124785392
depression,RBF SVM,5,93274,0,0.6628816521536061
depression,RBF SVM,5,93279,0,0.6178679523156007
depression,RBF SVM,5,93285,0,0.5913564886061932
depression,RBF SVM,5,93297,0,0.38581757687852225
depression,RBF SVM,5,93307,0,0.2462099628839387
depression,RBF SVM,5,93313,1,0.1368571447599607
depression,RBF SVM,5,93322,0,0.37828369110914134
depression,RBF SVM,5,93334,0,0.3709449104560845
depression,RBF SVM,5,93336,0,0.48466337702650025
depression,RBF SVM,5,93354,0,0.7380065353020704
depression,RBF SVM,5,93364,0,0.3450391345332494
depression,RBF SVM,5,93370,0,0.14853993862910783
depression,RBF SVM,5,93381,0,0.7960505375717837
depression,RBF SVM,5,93395,1,0.3282275426144586
depression,RBF SVM,5,93415,0,0.1770055505584766
depression,RBF SVM,5,93427,0,0.26984876518496653
depression,RBF SVM,5,93429,0,0.4476201362381478
depression,RBF SVM,5,93441,0,0.6482775902965654
depression,RBF SVM,5,93454,1,0.7082434069257175
depression,RBF SVM,5,93463,0,0.2419356013257704
depression,RBF SVM,5,93482,0,0.45668701199125
depression,RBF SVM,5,93489,0,0.24957424012681156
depression,RBF SVM,5,93496,0,0.7246849465482958
depression,RBF SVM,5,93504,0,0.15269879441841047
depression,RBF SVM,5,93514,0,0.7366914231755067
depression,RBF SVM,5,93528,0,0.5517788627733144
depression,RBF SVM,5,93535,0,0.6774111620653395
depression,RBF SVM,5,93549,0,0.39565875761360214
depression,RBF SVM,5,93557,0,0.26937561241970176
depression,RBF SVM,5,93560,0,0.48011193641193695
depression,RBF SVM,5,93567,0,0.7508875969178208
depression,RBF SVM,5,93577,0,0.26347428300699666
depression,RBF SVM,5,93589,0,0.3624793245760116
depression,RBF SVM,5,93598,0,0.41799959226137196
depression,RBF SVM,5,93609,0,0.2633357100978584
depression,RBF SVM,5,93620,0,0.24921381571679097
depression,RBF SVM,5,93626,0,0.268570161336136
depression,RBF SVM,5,93639,0,0.2675882151799017
depression,RBF SVM,5,93652,0,0.7527260346125179
depression,RBF SVM,5,93659,0,0.25155516331050354
depression,RBF SVM,5,93670,0,0.3140317997837685
depression,RBF SVM,5,93677,0,0.39022883991134727
depression,RBF SVM,5,93690,0,0.18728358600814768
depression,Random Forest,5,83736,0,0.22402416407607917
depression,Random Forest,5,83747,0,0.22773047726772408
depression,Random Forest,5,83757,0,0.3918606685155951
depression,Random Forest,5,83773,0,0.037596817112445405
depression,Random Forest,5,83785,0,0.06161310299693568
depression,Random Forest,5,83791,0,0.06790755326142549
depression,Random Forest,5,83816,0,0.1695414465402222
depression,Random Forest,5,83822,0,0.0657755998578485
depression,Random Forest,5,83834,0,0.11960456347316083
depression,Random Forest,5,83845,0,0.2155765549083006
depression,Random Forest,5,83856,0,0.26157933723392174
depression,Random Forest,5,83863,0,0.11696729768735188
depression,Random Forest,5,83871,0,0.06274109656293143
depression,Random Forest,5,83883,0,0.25741147601229336
depression,Random Forest,5,83889,1,0.012647256633308885
depression,Random Forest,5,83897,0,0.2728152040358945
depression,Random Forest,5,83903,0,0.015243114447429387
depression,Random Forest,5,83914,0,0.1716212774821606
depression,Random Forest,5,83925,0,0.10508133600371958
depression,Random Forest,5,83934,0,0.21465397678961853
depression,Random Forest,5,83947,0,0.15611617362162247
depression,Random Forest,5,83954,0,0.03270834397722448
depression,Random Forest,5,83962,0,0.09305764215744779
depression,Random Forest,5,83967,0,0.02582043462388076
depression,Random Forest,5,83971,0,0.029663311277923387
depression,Random Forest,5,83986,0,0.07854449462362983
depression,Random Forest,5,83993,0,0.07017989337426153
depression,Random Forest,5,84001,0,0.07994328138344411
depression,Random Forest,5,84010,0,0.09337875072794839
depression,Random Forest,5,84018,0,0.031170769561553676
depression,Random Forest,5,84025,0,0.019898175967181696
depression,Random Forest,5,84032,0,0.023647625601083733
depression,Random Forest,5,84039,0,0.004720577195762782
depression,Random Forest,5,84050,0,0.03391597221238251
depression,Random Forest,5,84062,0,0.49367341930760544
depression,Random Forest,5,84073,0,0.03820738247838715
depression,Random Forest,5,84087,0,0.21185498167492262
depression,Random Forest,5,84098,0,0.20370992310536395
depression,Random Forest,5,84108,0,0.023673226160965313
depression,Random Forest,5,84115,0,0.001745466321243523
depression,Random Forest,5,84122,0,0.26153523418795016
depression,Random Forest,5,84137,0,0.022463991436708373
depression,Random Forest,5,84151,0,0.04130355570848255
depression,Random Forest,5,84168,0,0.201357155024335
depression,Random Forest,5,84173,0,0.2206217088910954
depression,Random Forest,5,84185,0,0.04055558241336279
depression,Random Forest,5,84194,0,0.019978250510496832
depression,Random Forest,5,84202,0,0.02975986087430075
depression,Random Forest,5,84212,0,0.11305988114086041
depression,Random Forest,5,84220,0,0.04853576725108524
depression,Random Forest,5,84225,0,0.1781890498295396
depression,Random Forest,5,84236,0,0.16540011384795078
depression,Random Forest,5,84248,0,0.33075332097925925
depression,Random Forest,5,84265,0,0.23051606717688794
depression,Random Forest,5,84280,0,0.03927081004685583
depression,Random Forest,5,84291,0,0.10707057748810966
depression,Random Forest,5,84299,0,0.003948304730012557
depression,Random Forest,5,84308,0,0.5455961273741812
depression,Random Forest,5,84319,0,0.11847849023199401
depression,Random Forest,5,84332,0,0.15047678773569545
depression,Random Forest,5,84353,0,0.07322892950124027
depression,Random Forest,5,84363,0,0.10486642676465018
depression,Random Forest,5,84375,1,0.4814193593236689
depression,Random Forest,5,84380,1,0.6214910119013844
depression,Random Forest,5,84389,0,0.10169481353754196
depression,Random Forest,5,84394,0,0.2304516657707443
depression,Random Forest,5,84401,0,0.010825085705056345
depression,Random Forest,5,84409,1,0.3306677630103202
depression,Random Forest,5,84419,0,0.05438302498831929
depression,Random Forest,5,84426,0,0.051174076355074184
depression,Random Forest,5,84435,0,0.015945125057549615
depression,Random Forest,5,84450,0,0.05875297819678501
depression,Random Forest,5,84455,0,0.11203134232454494
depression,Random Forest,5,84466,0,0.06268115494279934
depression,Random Forest,5,84475,0,0.09857239711769955
depression,Random Forest,5,84485,1,0.390883614595623
depression,Random Forest,5,84493,0,0.3457840359552332
depression,Random Forest,5,84495,0,0.18755454846624606
depression,Random Forest,5,84514,0,0.11160774626628873
depression,Random Forest,5,84536,0,0.009184518013631938
depression,Random Forest,5,84542,1,0.012941035320606826
depression,Random Forest,5,84551,0,0.12135485226586475
depression,Random Forest,5,84561,0,0.22607911154619034
depression,Random Forest,5,84569,0,0.08720592621914296
depression,Random Forest,5,84581,1,0.0973955914576872
depression,Random Forest,5,84587,0,0.017919690697359228
depression,Random Forest,5,84595,0,0.0
depression,Random Forest,5,84606,0,0.5902788168394537
depression,Random Forest,5,84614,0,0.2951059472959434
depression,Random Forest,5,84620,0,0.1657813981279869
depression,Random Forest,5,84628,0,0.14580685302804208
depression,Random Forest,5,84641,0,0.4623457192106214
depression,Random Forest,5,84652,0,0.0
depression,Random Forest,5,84661,0,0.05082126321746637
depression,Random Forest,5,84671,0,0.009769032941121789
depression,Random Forest,5,84677,0,0.01858596060941177
depression,Random Forest,5,84686,1,0.013430522965241212
depression,Random Forest,5,84696,0,0.2687214889410157
depression,Random Forest,5,84706,0,0.006127550215747044
depression,Random Forest,5,84715,0,0.15499075041305968
depression,Random Forest,5,84723,0,0.2439276115380419
depression,Random Forest,5,84734,1,0.49670929337077985
depression,Random Forest,5,84747,1,0.4347378917024611
depression,Random Forest,5,84753,0,0.07950686900902554
depression,Random Forest,5,84755,1,0.042954025171161855
depression,Random Forest,5,84763,0,0.21630270060378998
depression,Random Forest,5,84770,0,0.2407752472958551
depression,Random Forest,5,84778,0,0.05487850144282585
depression,Random Forest,5,84788,0,0.4911695710523464
depression,Random Forest,5,84796,0,0.03457866941458807
depression,Random Forest,5,84804,0,0.04366001535783059
depression,Random Forest,5,84816,0,0.017818599129574078
depression,Random Forest,5,84826,0,0.22861217568318884
depression,Random Forest,5,84832,0,0.07762910360350533
depression,Random Forest,5,84842,0,0.16852136984812208
depression,Random Forest,5,84850,0,0.10649522694421877
depression,Random Forest,5,84865,0,0.11177685574321199
depression,Random Forest,5,84870,0,0.0
depression,Random Forest,5,84878,0,0.03989669646080677
depression,Random Forest,5,84895,0,0.11651065487712169
depression,Random Forest,5,84902,0,0.08936444491208499
depression,Random Forest,5,84912,0,0.051987510212957305
depression,Random Forest,5,84917,0,0.037691923336299976
depression,Random Forest,5,84924,0,0.014304804055726214
depression,Random Forest,5,84931,0,0.1910210774725526
depression,Random Forest,5,84938,0,0.22341981913826955
depression,Random Forest,5,84947,0,0.06396927721938954
depression,Random Forest,5,84954,0,0.036019285699495834
depression,Random Forest,5,84967,0,0.032649188816351135
depression,Random Forest,5,84978,0,0.4131741016690691
depression,Random Forest,5,84989,0,0.5012240412341884
depression,Random Forest,5,85000,0,0.007959178972652019
depression,Random Forest,5,85006,0,0.0
depression,Random Forest,5,85019,0,0.6164140087309515
depression,Random Forest,5,85035,0,0.2395440048597425
depression,Random Forest,5,85042,0,0.08789023704142811
depression,Random Forest,5,85052,1,0.021373062632270262
depression,Random Forest,5,85060,0,0.046233394379170185
depression,Random Forest,5,85066,0,0.09816634757226801
depression,Random Forest,5,85075,0,0.3804272238106083
depression,Random Forest,5,85093,0,0.02554751546416832
depression,Random Forest,5,85106,0,0.018204421392303605
depression,Random Forest,5,85111,0,0.10819598144934314
depression,Random Forest,5,85119,0,0.008281873714424027
depression,Random Forest,5,85131,0,0.48793718789734364
depression,Random Forest,5,85145,0,0.04924023688902441
depression,Random Forest,5,85155,0,0.10843751475260437
depression,Random Forest,5,85161,0,0.08126583073267105
depression,Random Forest,5,85170,0,0.0021442373266651505
depression,Random Forest,5,85181,0,0.042539031318843346
depression,Random Forest,5,85194,0,0.21953379938969964
depression,Random Forest,5,85203,0,0.014921783533614352
depression,Random Forest,5,85213,0,0.039481782450746836
depression,Random Forest,5,85219,0,0.05629215462302465
depression,Random Forest,5,85229,0,0.01614464771180015
depression,Random Forest,5,85234,0,0.20006201542253865
depression,Random Forest,5,85243,1,0.149288200535855
depression,Random Forest,5,85250,0,0.09073112422608957
depression,Random Forest,5,85259,1,0.12115933867212095
depression,Random Forest,5,85269,0,0.016971127337152687
depression,Random Forest,5,85279,1,0.3483461094448331
depression,Random Forest,5,85286,1,0.017930403738707648
depression,Random Forest,5,85293,0,0.01031918773978382
depression,Random Forest,5,85302,0,0.06653371891708627
depression,Random Forest,5,85304,0,0.023295529634598994
depression,Random Forest,5,85318,0,0.10545131673291012
depression,Random Forest,5,85332,0,0.06748368259122729
depression,Random Forest,5,85339,0,0.08793121522955011
depression,Random Forest,5,85351,0,0.014258327153096873
depression,Random Forest,5,85358,0,0.1301196005422754
depression,Random Forest,5,85366,0,0.15050245016364616
depression,Random Forest,5,85375,0,0.40738526179569395
depression,Random Forest,5,85382,0,0.10017995303350279
depression,Random Forest,5,85393,0,0.19961254205997456
depression,Random Forest,5,85399,0,0.3526993301052459
depression,Random Forest,5,85407,0,0.04000858616457252
depression,Random Forest,5,85420,0,0.04810693536463841
depression,Random Forest,5,85427,0,0.04895057214918726
depression,Random Forest,5,85438,0,0.0030730440325328957
depression,Random Forest,5,85443,0,0.026077779598550094
depression,Random Forest,5,85456,0,0.07263595459708905
depression,Random Forest,5,85463,0,0.03782797386039276
depression,Random Forest,5,85472,0,0.1479825284571987
depression,Random Forest,5,85485,0,0.03203257364004707
depression,Random Forest,5,85493,0,0.0
depression,Random Forest,5,85505,0,0.053564184836860734
depression,Random Forest,5,85517,0,0.13844284793965153
depression,Random Forest,5,85527,0,0.018118352995681666
depression,Random Forest,5,85535,0,0.49067583982854657
depression,Random Forest,5,85543,0,0.013269125292537803
depression,Random Forest,5,85552,0,0.10130344846634269
depression,Random Forest,5,85564,0,0.08339398222586489
depression,Random Forest,5,85565,0,0.08071753634428719
depression,Random Forest,5,85578,0,0.04303172942746619
depression,Random Forest,5,85587,0,0.07522807350932573
depression,Random Forest,5,85598,0,0.2523119746551971
depression,Random Forest,5,85618,0,0.13603568819186768
depression,Random Forest,5,85630,0,0.04244111202656648
depression,Random Forest,5,85641,0,0.017714553044414983
depression,Random Forest,5,85651,0,0.13725000620748654
depression,Random Forest,5,85661,0,0.24186805378599338
depression,Random Forest,5,85668,1,0.04052590130950717
depression,Random Forest,5,85675,0,0.14661207264032114
depression,Random Forest,5,85683,0,0.007219854743337275
depression,Random Forest,5,85685,0,0.2075811120134605
depression,Random Forest,5,85706,0,0.06803694569932049
depression,Random Forest,5,85718,0,0.06699818456998476
depression,Random Forest,5,85727,0,0.06870016910321666
depression,Random Forest,5,85735,0,0.05305418979585449
depression,Random Forest,5,85741,0,0.08412385151459346
depression,Random Forest,5,85750,0,0.006263421272270531
depression,Random Forest,5,85770,0,0.27376331392168557
depression,Random Forest,5,85777,0,0.30753358178080636
depression,Random Forest,5,85783,0,0.07309127081389187
depression,Random Forest,5,85790,0,0.23146017998147939
depression,Random Forest,5,85799,0,0.10458225130113366
depression,Random Forest,5,85804,0,0.025484098748004752
depression,Random Forest,5,85813,0,0.10121430947560674
depression,Random Forest,5,85822,1,0.12047599917923354
depression,Random Forest,5,85829,0,0.14402637267859536
depression,Random Forest,5,85844,0,0.347756951094205
depression,Random Forest,5,85852,0,0.017378827695253767
depression,Random Forest,5,85861,0,0.010961325959335903
depression,Random Forest,5,85862,0,0.021319053688967284
depression,Random Forest,5,85869,0,0.2023562168476692
depression,Random Forest,5,85878,0,0.013681532422597904
depression,Random Forest,5,85896,0,0.185776775093299
depression,Random Forest,5,85902,0,0.0345900706672406
depression,Random Forest,5,85914,0,0.1173905167549573
depression,Random Forest,5,85930,0,0.08041798144572121
depression,Random Forest,5,85941,0,0.03373788474729341
depression,Random Forest,5,85947,1,0.14496251607780797
depression,Random Forest,5,85958,0,0.25003295883061966
depression,Random Forest,5,85964,0,0.010168359104548236
depression,Random Forest,5,85973,0,0.08325637508648503
depression,Random Forest,5,85974,0,0.1578494208159255
depression,Random Forest,5,85983,0,0.35748041553602933
depression,Random Forest,5,85994,0,0.013849896851345517
depression,Random Forest,5,86005,0,0.5115693695388404
depression,Random Forest,5,86013,0,0.042291403929327176
depression,Random Forest,5,86022,0,0.5261581180702168
depression,Random Forest,5,86031,0,0.017919690697359228
depression,Random Forest,5,86037,0,0.3104603252822366
depression,Random Forest,5,86047,0,0.06453524380176151
depression,Random Forest,5,86055,0,0.5787886303923188
depression,Random Forest,5,86061,0,0.04409765222379515
depression,Random Forest,5,86069,0,0.27866975433265534
depression,Random Forest,5,86082,1,0.284842689476759
depression,Random Forest,5,86090,0,0.18042227254817603
depression,Random Forest,5,86096,0,0.1476754612667444
depression,Random Forest,5,86104,0,0.39499192215484813
depression,Random Forest,5,86118,0,0.17460499914997576
depression,Random Forest,5,86126,0,0.02365007240516267
depression,Random Forest,5,86144,0,0.053123451745004095
depression,Random Forest,5,86152,0,0.06786767783214848
depression,Random Forest,5,86159,0,0.08201066485516663
depression,Random Forest,5,86168,0,0.022759709317433638
depression,Random Forest,5,86177,0,0.06323306707605642
depression,Random Forest,5,86184,0,0.15693538504100407
depression,Random Forest,5,86192,0,0.10644824801229939
depression,Random Forest,5,86201,0,0.020801397582004735
depression,Random Forest,5,86210,0,0.02136614262445854
depression,Random Forest,5,86215,0,0.07467439757159328
depression,Random Forest,5,86225,0,0.014221934512706442
depression,Random Forest,5,86237,0,0.16335249300550492
depression,Random Forest,5,86243,0,0.013084268910034516
depression,Random Forest,5,86249,0,0.5029944669839673
depression,Random Forest,5,86261,0,0.021230024758046365
depression,Random Forest,5,86273,0,0.0240935240377636
depression,Random Forest,5,86280,0,0.0034356662018419104
depression,Random Forest,5,86286,0,0.03351227529957288
depression,Random Forest,5,86297,0,0.038959705938924415
depression,Random Forest,5,86308,0,0.3520087654849993
depression,Random Forest,5,86321,0,0.27169177048592585
depression,Random Forest,5,86328,0,0.0
depression,Random Forest,5,86336,0,0.08693367537700858
depression,Random Forest,5,86349,0,0.02434051625948042
depression,Random Forest,5,86356,0,0.31950449043187684
depression,Random Forest,5,86362,1,0.10804281072697053
depression,Random Forest,5,86368,0,0.010150597250775899
depression,Random Forest,5,86384,0,0.551155490138886
depression,Random Forest,5,86399,0,0.10081009404456012
depression,Random Forest,5,86405,0,0.06626656126968772
depression,Random Forest,5,86409,0,0.05413700064527869
depression,Random Forest,5,86420,0,0.018826597493109002
depression,Random Forest,5,86433,0,0.015630095170719855
depression,Random Forest,5,86444,0,0.13525124278158981
depression,Random Forest,5,86453,0,0.05043877319105998
depression,Random Forest,5,86467,0,0.0637176016926618
depression,Random Forest,5,86477,0,0.03769590095671436
depression,Random Forest,5,86493,0,0.4177009950188102
depression,Random Forest,5,86500,0,0.2484652818623261
depression,Random Forest,5,86514,0,0.042240327600702614
depression,Random Forest,5,86519,0,0.0077087435712862185
depression,Random Forest,5,86525,0,0.03232899810606616
depression,Random Forest,5,86534,0,0.24312127001371753
depression,Random Forest,5,86542,1,0.05148004878019085
depression,Random Forest,5,86552,1,0.3533886640489891
depression,Random Forest,5,86560,0,0.04696631242741083
depression,Random Forest,5,86568,0,0.34107171924174584
depression,Random Forest,5,86574,0,0.047497969969877124
depression,Random Forest,5,86584,0,0.0
depression,Random Forest,5,86597,0,0.06068198766732425
depression,Random Forest,5,86604,0,0.3383773082385776
depression,Random Forest,5,86614,1,0.18874290156918522
depression,Random Forest,5,86624,0,0.014203711282779863
depression,Random Forest,5,86636,0,0.01576996480494828
depression,Random Forest,5,86641,0,0.11182980681980341
depression,Random Forest,5,86655,0,0.20738669428924342
depression,Random Forest,5,86663,0,0.08763643428007412
depression,Random Forest,5,86669,0,0.10380610651103064
depression,Random Forest,5,86676,0,0.05566687735095713
depression,Random Forest,5,86686,0,0.5452528897013701
depression,Random Forest,5,86699,0,0.06330687620787027
depression,Random Forest,5,86701,0,0.05384750572833688
depression,Random Forest,5,86718,1,0.0896574980571158
depression,Random Forest,5,86730,0,0.02997063725868406
depression,Random Forest,5,86737,0,0.20092332238421273
depression,Random Forest,5,86745,0,0.12621932088677432
depression,Random Forest,5,86753,0,0.0200843382880052
depression,Random Forest,5,86764,0,0.38540444428213727
depression,Random Forest,5,86774,0,0.0395137826962984
depression,Random Forest,5,86782,0,0.07162363944005419
depression,Random Forest,5,86787,0,0.13783470592081543
depression,Random Forest,5,86806,0,0.11857256013826521
depression,Random Forest,5,86815,0,0.008281873714424026
depression,Random Forest,5,86826,0,0.04688380148279385
depression,Random Forest,5,86837,0,0.27003725865499834
depression,Random Forest,5,86856,0,0.1232914432034703
depression,Random Forest,5,86868,0,0.2140215559442347
depression,Random Forest,5,86877,0,0.02582043462388076
depression,Random Forest,5,86881,0,0.22720158538151458
depression,Random Forest,5,86886,0,0.12646270905621973
depression,Random Forest,5,86905,0,0.07469652884342319
depression,Random Forest,5,86911,0,0.05112858930208745
depression,Random Forest,5,86929,0,0.10255818644179303
depression,Random Forest,5,86947,0,0.017797425118355675
depression,Random Forest,5,86959,0,0.0825906828800851
depression,Random Forest,5,86965,0,0.4063434818895989
depression,Random Forest,5,86968,0,0.21170527307844378
depression,Random Forest,5,86981,0,0.09402829079540988
depression,Random Forest,5,86987,0,0.022655828385881444
depression,Random Forest,5,86996,0,0.09908070451211215
depression,Random Forest,5,87005,0,0.013924892597998567
depression,Random Forest,5,87016,0,0.1900948764924486
depression,Random Forest,5,87030,0,0.3781501028932615
depression,Random Forest,5,87046,0,0.2183950457722533
depression,Random Forest,5,87052,0,0.013431886472137212
depression,Random Forest,5,87063,0,0.002144237326665151
depression,Random Forest,5,87072,0,0.09027676646817721
depression,Random Forest,5,87081,0,0.06845836137745803
depression,Random Forest,5,87098,0,0.2078858838717962
depression,Random Forest,5,87112,0,0.13734882076591406
depression,Random Forest,5,87120,0,0.21906989079255126
depression,Random Forest,5,87125,0,0.3052734818449491
depression,Random Forest,5,87135,1,0.09323298748837297
depression,Random Forest,5,87148,0,0.22607911154619034
depression,Random Forest,5,87156,0,0.18881700801120815
depression,Random Forest,5,87163,0,0.07872616629511271
depression,Random Forest,5,87168,0,0.13624197339928096
depression,Random Forest,5,87175,0,0.00925819580518848
depression,Random Forest,5,87181,0,0.0
depression,Random Forest,5,87193,0,0.0050718445979568184
depression,Random Forest,5,87200,0,0.013681532422597904
depression,Random Forest,5,87209,0,0.15203086192504586
depression,Random Forest,5,87219,0,0.12232395956258874
depression,Random Forest,5,87228,0,0.11823263736938662
depression,Random Forest,5,87230,0,0.03921733087247319
depression,Random Forest,5,87238,1,0.4142440413094455
depression,Random Forest,5,87245,0,0.01406888869177318
depression,Random Forest,5,87255,1,0.0
depression,Random Forest,5,87262,0,0.006013891065280268
depression,Random Forest,5,87274,0,0.6013999085309227
depression,Random Forest,5,87281,1,0.4585511524378971
depression,Random Forest,5,87290,0,0.07375592714153123
depression,Random Forest,5,87301,0,0.15965834348945152
depression,Random Forest,5,87312,0,0.02662483264686304
depression,Random Forest,5,87320,0,0.01806885962343645
depression,Random Forest,5,87329,0,0.021549934654827053
depression,Random Forest,5,87337,0,0.10545131673291012
depression,Random Forest,5,87346,0,0.14588603825633822
depression,Random Forest,5,87349,0,0.024484793596511772
depression,Random Forest,5,87369,0,0.12883666715547626
depression,Random Forest,5,87376,0,0.01938703999366957
depression,Random Forest,5,87388,0,0.08604254065031364
depression,Random Forest,5,87400,0,0.3268407854932211
depression,Random Forest,5,87417,0,0.0
depression,Random Forest,5,87426,0,0.08718780547098495
depression,Random Forest,5,87433,0,0.05539812018042769
depression,Random Forest,5,87441,0,0.06788768323072215
depression,Random Forest,5,87455,0,0.29222428312064486
depression,Random Forest,5,87464,0,0.44894020012456237
depression,Random Forest,5,87475,0,0.030485302359243724
depression,Random Forest,5,87482,0,0.06014561264009267
depression,Random Forest,5,87489,0,0.1303731537006302
depression,Random Forest,5,87498,0,0.040922781081452954
depression,Random Forest,5,87507,0,0.05399578392169886
depression,Random Forest,5,87513,0,0.4754531364400549
depression,Random Forest,5,87522,0,0.05188288344464306
depression,Random Forest,5,87531,1,0.06959754467419578
depression,Random Forest,5,87548,0,0.01406888869177318
depression,Random Forest,5,87554,0,0.07504551517170821
depression,Random Forest,5,87571,1,0.060384481045291816
depression,Random Forest,5,87577,0,0.2766936269680346
depression,Random Forest,5,87586,0,0.05566687735095713
depression,Random Forest,5,87594,1,0.1508040961472087
depression,Random Forest,5,87603,0,0.1543499779466202
depression,Random Forest,5,87623,0,0.08225859261633962
depression,Random Forest,5,87632,0,0.179822108410815
depression,Random Forest,5,87648,1,0.042766305205859785
depression,Random Forest,5,87664,0,0.03362813500336851
depression,Random Forest,5,87677,0,0.45671503935165375
depression,Random Forest,5,87684,0,0.010611626721883595
depression,Random Forest,5,87694,0,0.07214573600269557
depression,Random Forest,5,87717,0,0.25045411189364597
depression,Random Forest,5,87729,0,0.015750490244760048
depression,Random Forest,5,87741,0,0.11006006957541013
depression,Random Forest,5,87755,0,0.01458049476031009
depression,Random Forest,5,87762,0,0.14207692495413432
depression,Random Forest,5,87774,0,0.10483403900636726
depression,Random Forest,5,87781,0,0.0
depression,Random Forest,5,87795,0,0.24009726276779986
depression,Random Forest,5,87801,0,0.08188082228423743
depression,Random Forest,5,87809,0,0.0019244108946240945
depression,Random Forest,5,87819,0,0.2570698225929596
depression,Random Forest,5,87830,0,0.10945320951516646
depression,Random Forest,5,87843,0,0.09094855797221431
depression,Random Forest,5,87850,0,0.22917496210273103
depression,Random Forest,5,87857,0,0.027229657712779014
depression,Random Forest,5,87873,0,0.0
depression,Random Forest,5,87885,1,0.3798212031077673
depression,Random Forest,5,87892,0,0.05852416264539023
depression,Random Forest,5,87904,0,0.007959178972652019
depression,Random Forest,5,87913,0,0.1919997626751756
depression,Random Forest,5,87921,0,0.020176090630594005
depression,Random Forest,5,87934,0,0.02662454754031873
depression,Random Forest,5,87948,0,0.024088242295382443
depression,Random Forest,5,87959,0,0.00979136184996499
depression,Random Forest,5,87969,0,0.023346651800336835
depression,Random Forest,5,87982,0,0.2721226495754031
depression,Random Forest,5,87988,0,0.06763602157246118
depression,Random Forest,5,88000,1,0.5634555537400009
depression,Random Forest,5,88010,0,0.007959178972652019
depression,Random Forest,5,88021,0,0.21130491751163955
depression,Random Forest,5,88030,0,0.04308060072996905
depression,Random Forest,5,88044,0,0.13612439751124453
depression,Random Forest,5,88050,0,0.07675946383517013
depression,Random Forest,5,88064,0,0.10534097585917138
depression,Random Forest,5,88072,0,0.07337146488276935
depression,Random Forest,5,88082,0,0.15718044255843058
depression,Random Forest,5,88090,0,0.043934580352689906
depression,Random Forest,5,88099,0,0.26469531734736934
depression,Random Forest,5,88110,0,0.04609289607602014
depression,Random Forest,5,88116,0,0.5455961273741812
depression,Random Forest,5,88126,0,0.060050690024616105
depression,Random Forest,5,88134,0,0.006791831212294612
depression,Random Forest,5,88146,0,0.02796427211532531
depression,Random Forest,5,88154,0,0.32006199775958066
depression,Random Forest,5,88161,0,0.24111131434455102
depression,Random Forest,5,88170,0,0.007959178972652019
depression,Random Forest,5,88178,0,0.11811134084605807
depression,Random Forest,5,88188,0,0.14788018635710296
depression,Random Forest,5,88198,0,0.49407465688436003
depression,Random Forest,5,88206,0,0.03324892041115152
depression,Random Forest,5,88216,0,0.24231487203882462
depression,Random Forest,5,88227,0,0.07366793931166522
depression,Random Forest,5,88232,0,0.0715473289782734
depression,Random Forest,5,88240,0,0.0383629197602535
depression,Random Forest,5,88254,1,0.09761130131856272
depression,Random Forest,5,88260,0,0.13598243900782672
depression,Random Forest,5,88267,0,0.0047874635198578855
depression,Random Forest,5,88287,0,0.25403130679087077
depression,Random Forest,5,88297,0,0.0
depression,Random Forest,5,88306,0,0.18398968705365193
depression,Random Forest,5,88315,0,0.017606659114436703
depression,Random Forest,5,88322,0,0.14405937667972293
depression,Random Forest,5,88333,0,0.031613732355381806
depression,Random Forest,5,88339,0,0.17721370100511302
depression,Random Forest,5,88350,0,0.007371428128795934
depression,Random Forest,5,88355,0,0.003462738619676946
depression,Random Forest,5,88367,0,0.1914388501555002
depression,Random Forest,5,88384,0,0.027056250443524336
depression,Random Forest,5,88392,0,0.06398209556215326
depression,Random Forest,5,88401,1,0.19074476713567973
depression,Random Forest,5,88412,0,0.1575765602073541
depression,Random Forest,5,88422,0,0.2707384223881478
depression,Random Forest,5,88431,0,0.04605194941557438
depression,Random Forest,5,88439,0,0.020829442849677183
depression,Random Forest,5,88451,0,0.11241215322432942
depression,Random Forest,5,88461,0,0.0
depression,Random Forest,5,88475,0,0.01458049476031009
depression,Random Forest,5,88481,0,0.07250072449193776
depression,Random Forest,5,88488,0,0.16470829277322444
depression,Random Forest,5,88497,0,0.22810985701782446
depression,Random Forest,5,88521,0,0.07450861112838107
depression,Random Forest,5,88530,0,0.20096128543093406
depression,Random Forest,5,88538,0,0.16253249573731282
depression,Random Forest,5,88545,0,0.022015241672946873
depression,Random Forest,5,88561,0,0.22322365718049203
depression,Random Forest,5,88570,0,0.12202464356932982
depression,Random Forest,5,88574,0,0.08619545242089181
depression,Random Forest,5,88585,0,0.14300151741261646
depression,Random Forest,5,88598,0,0.08202775606943787
depression,Random Forest,5,88606,0,0.0988332804758192
depression,Random Forest,5,88612,0,0.021715937946000605
depression,Random Forest,5,88618,0,0.17654133057447832
depression,Random Forest,5,88630,0,0.08304231257560903
depression,Random Forest,5,88640,0,0.5391732733958958
depression,Random Forest,5,88651,0,0.04411894690514093
depression,Random Forest,5,88658,0,0.02193726290310832
depression,Random Forest,5,88659,0,0.017315342185891185
depression,Random Forest,5,88668,0,0.11862939617162624
depression,Random Forest,5,88678,0,0.01686791164417367
depression,Random Forest,5,88689,0,0.1441000045332919
depression,Random Forest,5,88699,0,0.05347813380289804
depression,Random Forest,5,88706,0,0.0042460049516092726
depression,Random Forest,5,88719,0,0.07263905308195448
depression,Random Forest,5,88725,0,0.07096201401598319
depression,Random Forest,5,88738,0,0.003462738619676946
depression,Random Forest,5,88747,0,0.14953327676601813
depression,Random Forest,5,88758,0,0.08786749639682055
depression,Random Forest,5,88767,0,0.1372135370484367
depression,Random Forest,5,88787,0,0.019978087243232637
depression,Random Forest,5,88795,0,0.2369592587422003
depression,Random Forest,5,88804,1,0.16503933699995602
depression,Random Forest,5,88814,0,0.019625381087806374
depression,Random Forest,5,88823,0,0.08234506671098776
depression,Random Forest,5,88835,0,0.00649599874334263
depression,Random Forest,5,88845,0,0.06851909125907946
depression,Random Forest,5,88856,0,0.013069337234281912
depression,Random Forest,5,88862,0,0.08373770101928521
depression,Random Forest,5,88874,0,0.2057289570273542
depression,Random Forest,5,88879,0,0.28065324953953696
depression,Random Forest,5,88884,0,0.03597568689687292
depression,Random Forest,5,88888,0,0.01792028626350238
depression,Random Forest,5,88898,0,0.042944357898965155
depression,Random Forest,5,88901,0,0.08847336816544057
depression,Random Forest,5,88914,0,0.02552458354326562
depression,Random Forest,5,88924,0,0.05914821795814125
depression,Random Forest,5,88932,0,0.07452408700654253
depression,Random Forest,5,88943,0,0.034461907360796344
depression,Random Forest,5,88952,0,0.025938675591068015
depression,Random Forest,5,88968,0,0.02807572390767294
depression,Random Forest,5,88982,0,0.13774066766676626
depression,Random Forest,5,88992,0,0.044557446094511316
depression,Random Forest,5,88996,0,0.06404737696388504
depression,Random Forest,5,89012,0,0.19077126849351075
depression,Random Forest,5,89020,1,0.016985970389405275
depression,Random Forest,5,89031,0,0.30063090844120827
depression,Random Forest,5,89040,0,0.030880850220588174
depression,Random Forest,5,89052,0,0.624250963687036
depression,Random Forest,5,89068,0,0.06068932541518739
depression,Random Forest,5,89077,0,0.14887827056652786
depression,Random Forest,5,89087,0,0.044006405924170246
depression,Random Forest,5,89097,0,0.11098804927808663
depression,Random Forest,5,89106,0,0.04992838025510632
depression,Random Forest,5,89116,0,0.21156877497923418
depression,Random Forest,5,89124,0,0.017032573640047073
depression,Random Forest,5,89129,0,0.22002922346833345
depression,Random Forest,5,89141,0,0.09019044035526576
depression,Random Forest,5,89157,0,0.3404050285222457
depression,Random Forest,5,89160,0,0.050375683931395604
depression,Random Forest,5,89171,0,0.2635805529195473
depression,Random Forest,5,89177,0,0.0
depression,Random Forest,5,89184,0,0.1057554767421128
depression,Random Forest,5,89192,0,0.06774658925240289
depression,Random Forest,5,89204,0,0.025650159443144586
depression,Random Forest,5,89222,0,0.1257974272238398
depression,Random Forest,5,89233,1,0.08055260197499087
depression,Random Forest,5,89244,0,0.06572243261856495
depression,Random Forest,5,89256,0,0.08327086672003507
depression,Random Forest,5,89265,0,0.09495940508458846
depression,Random Forest,5,89271,0,0.2513613225817402
depression,Random Forest,5,89275,0,0.23878948931577706
depression,Random Forest,5,89292,1,0.0450250905406367
depression,Random Forest,5,89302,0,0.1215955895872287
depression,Random Forest,5,89310,0,0.305903913457257
depression,Random Forest,5,89317,0,0.2409561077571695
depression,Random Forest,5,89319,0,0.0018012985772939939
depression,Random Forest,5,89327,0,0.04367752918898222
depression,Random Forest,5,89338,1,0.10936020342674531
depression,Random Forest,5,89348,0,0.3852187966521827
depression,Random Forest,5,89355,0,0.16308784138934054
depression,Random Forest,5,89367,0,0.2789356437043037
depression,Random Forest,5,89382,0,0.17417819959994166
depression,Random Forest,5,89395,0,0.3006225889988828
depression,Random Forest,5,89404,0,0.05445812841433376
depression,Random Forest,5,89414,0,0.1776781262950725
depression,Random Forest,5,89434,0,0.04461566433464572
depression,Random Forest,5,89441,0,0.3279168288626208
depression,Random Forest,5,89446,0,0.3463694082232525
depression,Random Forest,5,89459,1,0.2958396330106217
depression,Random Forest,5,89474,0,0.09004480801155962
depression,Random Forest,5,89483,0,0.22022943800613112
depression,Random Forest,5,89495,0,0.4354350369052709
depression,Random Forest,5,89501,0,0.031093584104457818
depression,Random Forest,5,89517,0,0.24365515393064294
depression,Random Forest,5,89533,0,0.03855043733764054
depression,Random Forest,5,89543,0,0.08318762488554075
depression,Random Forest,5,89550,0,0.025137844692798055
depression,Random Forest,5,89560,0,0.2395440048597425
depression,Random Forest,5,89568,0,0.030360600896733484
depression,Random Forest,5,89575,0,0.15103564265364527
depression,Random Forest,5,89577,0,0.6858225216220823
depression,Random Forest,5,89583,0,0.06906674217677179
depression,Random Forest,5,89588,0,0.07028000607834232
depression,Random Forest,5,89595,0,0.0
depression,Random Forest,5,89601,0,0.03608948976717578
depression,Random Forest,5,89613,0,0.22161037167838635
depression,Random Forest,5,89620,1,0.4553106130149689
depression,Random Forest,5,89633,0,0.0490818209634526
depression,Random Forest,5,89641,0,0.04392655572075742
depression,Random Forest,5,89647,0,0.2181464482300632
depression,Random Forest,5,89652,0,0.051813571772342165
depression,Random Forest,5,89659,0,0.0030730440325328957
depression,Random Forest,5,89666,0,0.47067194919934624
depression,Random Forest,5,89674,0,0.2381480438881225
depression,Random Forest,5,89684,0,0.14228547360556576
depression,Random Forest,5,89694,0,0.16900706822160452
depression,Random Forest,5,89703,0,0.2597048332968479
depression,Random Forest,5,89711,0,0.10035530896092673
depression,Random Forest,5,89721,0,0.18055859276518071
depression,Random Forest,5,89728,0,0.0044123494328148745
depression,Random Forest,5,89735,0,0.021715834160692116
depression,Random Forest,5,89749,0,0.1689878566624499
depression,Random Forest,5,89756,0,0.07769151614510786
depression,Random Forest,5,89779,0,0.10666182913471042
depression,Random Forest,5,89788,0,0.14411280632028686
depression,Random Forest,5,89794,0,0.01622403500795411
depression,Random Forest,5,89801,0,0.17865407048034168
depression,Random Forest,5,89806,0,0.15969940888169507
depression,Random Forest,5,89809,0,0.1007437735126532
depression,Random Forest,5,89824,0,0.11544130683242983
depression,Random Forest,5,89833,0,0.09262923453388329
depression,Random Forest,5,89844,1,0.20316223748669238
depression,Random Forest,5,89850,0,0.011579294732152499
depression,Random Forest,5,89860,0,0.008658354384424147
depression,Random Forest,5,89881,0,0.1839912715095593
depression,Random Forest,5,89891,0,0.0
depression,Random Forest,5,89901,0,0.12891652541200901
depression,Random Forest,5,89909,0,0.03408936445382254
depression,Random Forest,5,89921,0,0.12371980576082917
depression,Random Forest,5,89925,0,0.2611117137499812
depression,Random Forest,5,89946,1,0.03681066759489541
depression,Random Forest,5,89956,0,0.16992996299952906
depression,Random Forest,5,89963,0,0.07826735828282469
depression,Random Forest,5,89974,0,0.01686791164417367
depression,Random Forest,5,89980,0,0.06943983341661485
depression,Random Forest,5,89992,0,0.16475233765036368
depression,Random Forest,5,90000,0,0.44195801909612653
depression,Random Forest,5,90004,0,0.05566687735095713
depression,Random Forest,5,90009,0,0.004592259006815969
depression,Random Forest,5,90021,0,0.010796073097119054
depression,Random Forest,5,90033,0,0.13110083679288861
depression,Random Forest,5,90048,0,0.2232264331021633
depression,Random Forest,5,90049,0,0.044916441850393056
depression,Random Forest,5,90065,0,0.2594932849582055
depression,Random Forest,5,90071,0,0.05262881419008798
depression,Random Forest,5,90077,1,0.12072182898216902
depression,Random Forest,5,90079,1,0.3534910384198319
depression,Random Forest,5,90088,0,0.034928434504397046
depression,Random Forest,5,90102,0,0.1476754612667444
depression,Random Forest,5,90111,0,0.13306915099781302
depression,Random Forest,5,90120,1,0.07346979106370549
depression,Random Forest,5,90131,1,0.14628107912561708
depression,Random Forest,5,90142,0,0.1406573944537315
depression,Random Forest,5,90150,0,0.2820325142045788
depression,Random Forest,5,90157,0,0.053838292108481414
depression,Random Forest,5,90168,0,0.038791713829187044
depression,Random Forest,5,90172,0,0.20119648051640393
depression,Random Forest,5,90188,0,0.13936093880560876
depression,Random Forest,5,90199,0,0.018829440671889942
depression,Random Forest,5,90210,0,0.0
depression,Random Forest,5,90235,0,0.027961180686522605
depression,Random Forest,5,90244,0,0.4256294522908605
depression,Random Forest,5,90254,0,0.20104467921671187
depression,Random Forest,5,90262,0,0.025916818893695622
depression,Random Forest,5,90272,0,0.013430522965241212
depression,Random Forest,5,90281,0,0.2971689484164508
depression,Random Forest,5,90293,0,0.02678000427975247
depression,Random Forest,5,90295,0,0.08593581047552756
depression,Random Forest,5,90301,0,0.06095824648640564
depression,Random Forest,5,90308,0,0.0178717324298924
depression,Random Forest,5,90324,0,0.0
depression,Random Forest,5,90327,0,0.029410055986977254
depression,Random Forest,5,90337,0,0.11441456172804074
depression,Random Forest,5,90352,0,0.21658536280328125
depression,Random Forest,5,90359,0,0.0695143611157695
depression,Random Forest,5,90367,1,0.04512307779419103
depression,Random Forest,5,90378,0,0.040440388576219254
depression,Random Forest,5,90391,0,0.08595155153850087
depression,Random Forest,5,90398,0,0.5001484103314524
depression,Random Forest,5,90412,0,0.09140248918092682
depression,Random Forest,5,90424,0,0.09362229394064837
depression,Random Forest,5,90425,0,0.0
depression,Random Forest,5,90452,0,0.029978721246580516
depression,Random Forest,5,90461,0,0.15108954403651031
depression,Random Forest,5,90467,0,0.189901907794424
depression,Random Forest,5,90481,0,0.053249979071810546
depression,Random Forest,5,90493,0,0.052725863499191755
depression,Random Forest,5,90501,0,0.062090999315264364
depression,Random Forest,5,90511,0,0.0018012985772939939
depression,Random Forest,5,90518,1,0.07511662618629542
depression,Random Forest,5,90525,0,0.06161310299693568
depression,Random Forest,5,90532,0,0.025646710943462384
depression,Random Forest,5,90540,0,0.013430522965241212
depression,Random Forest,5,90549,0,0.10989088405131195
depression,Random Forest,5,90563,1,0.746444012922545
depression,Random Forest,5,90565,0,0.10361835185395414
depression,Random Forest,5,90583,0,0.01848200000273825
depression,Random Forest,5,90591,0,0.1613398222413625
depression,Random Forest,5,90599,0,0.08940415501703738
depression,Random Forest,5,90606,0,0.05394224289871242
depression,Random Forest,5,90612,1,0.3455805232813916
depression,Random Forest,5,90623,0,0.025880820073008647
depression,Random Forest,5,90631,0,0.07956971001648629
depression,Random Forest,5,90640,0,0.15060827849309702
depression,Random Forest,5,90649,0,0.3561336800807803
depression,Random Forest,5,90654,0,0.0935436530050215
depression,Random Forest,5,90663,0,0.08437982320214571
depression,Random Forest,5,90670,0,0.41165341652014126
depression,Random Forest,5,90675,0,0.3752549917683
depression,Random Forest,5,90687,0,0.01634641658425205
depression,Random Forest,5,90694,0,0.1467977685463146
depression,Random Forest,5,90703,0,0.4976732965423668
depression,Random Forest,5,90715,0,0.057341829521331454
depression,Random Forest,5,90722,0,0.0408080305327249
depression,Random Forest,5,90742,0,0.03782619605504726
depression,Random Forest,5,90748,0,0.08882582908858526
depression,Random Forest,5,90767,1,0.0176942231472389
depression,Random Forest,5,90776,0,0.059657382155899906
depression,Random Forest,5,90790,0,0.09700536104996797
depression,Random Forest,5,90802,0,0.04271351608023279
depression,Random Forest,5,90812,1,0.13984159052255357
depression,Random Forest,5,90818,0,0.10534939220073035
depression,Random Forest,5,90819,0,0.4229642943461698
depression,Random Forest,5,90841,0,0.1346024151645376
depression,Random Forest,5,90845,0,0.11663781387082278
depression,Random Forest,5,90850,0,0.27992635207240335
depression,Random Forest,5,90861,0,0.09413848622171239
depression,Random Forest,5,90878,0,0.32631167205791456
depression,Random Forest,5,90885,0,0.26773989545563087
depression,Random Forest,5,90891,0,0.35202328645794734
depression,Random Forest,5,90907,0,0.10872764486924509
depression,Random Forest,5,90915,0,0.00979136184996499
depression,Random Forest,5,90924,0,0.07611205561187721
depression,Random Forest,5,90930,0,0.0021442373266651505
depression,Random Forest,5,90938,1,0.48485378444302435
depression,Random Forest,5,90949,0,0.048375505666820244
depression,Random Forest,5,90961,0,0.02496196243513224
depression,Random Forest,5,90970,0,0.046230308245584786
depression,Random Forest,5,90977,0,0.011620575175180139
depression,Random Forest,5,90988,0,0.0
depression,Random Forest,5,90993,0,0.0
depression,Random Forest,5,91002,0,0.17509099929454586
depression,Random Forest,5,91004,0,0.2978085440148082
depression,Random Forest,5,91017,1,0.14559857262591852
depression,Random Forest,5,91027,0,0.021715787257290266
depression,Random Forest,5,91042,0,0.009033468471467158
depression,Random Forest,5,91050,0,0.12548655131886377
depression,Random Forest,5,91063,0,0.08320813297431372
depression,Random Forest,5,91075,0,0.0756468713900954
depression,Random Forest,5,91082,0,0.07503144609495771
depression,Random Forest,5,91095,0,0.0
depression,Random Forest,5,91108,0,0.038791713829187044
depression,Random Forest,5,91115,0,0.10628669030290908
depression,Random Forest,5,91123,0,0.13069010546586307
depression,Random Forest,5,91131,0,0.005918729678658512
depression,Random Forest,5,91155,0,0.0
depression,Random Forest,5,91163,0,0.045724389480371955
depression,Random Forest,5,91172,0,0.5464675928906364
depression,Random Forest,5,91183,0,0.29292177355190746
depression,Random Forest,5,91194,0,0.02534147978054779
depression,Random Forest,5,91207,0,0.0042460049516092726
depression,Random Forest,5,91217,0,0.16004317750028577
depression,Random Forest,5,91228,1,0.18174465651257435
depression,Random Forest,5,91243,0,0.018721025639262617
depression,Random Forest,5,91253,0,0.1783078887727503
depression,Random Forest,5,91261,0,0.34941445049377484
depression,Random Forest,5,91273,0,0.17487732862094102
depression,Random Forest,5,91282,0,0.03681317847697471
depression,Random Forest,5,91293,0,0.24751523703442582
depression,Random Forest,5,91305,0,0.5260946421559077
depression,Random Forest,5,91317,0,0.1572729791279346
depression,Random Forest,5,91325,0,0.055961808195402425
depression,Random Forest,5,91334,0,0.028787868508013754
depression,Random Forest,5,91343,0,0.26937029002924695
depression,Random Forest,5,91351,0,0.03081661061698318
depression,Random Forest,5,91358,0,0.11125202379011506
depression,Random Forest,5,91364,0,0.0
depression,Random Forest,5,91371,0,0.15704355391051988
depression,Random Forest,5,91389,0,0.19131400924407754
depression,Random Forest,5,91397,0,0.16671638641253442
depression,Random Forest,5,91406,0,0.0
depression,Random Forest,5,91417,0,0.01680483309269428
depression,Random Forest,5,91427,0,0.012739174044793347
depression,Random Forest,5,91437,0,0.049299189339676086
depression,Random Forest,5,91445,0,0.31762365137159515
depression,Random Forest,5,91452,0,0.07961816150803042
depression,Random Forest,5,91455,1,0.15809511479281485
depression,Random Forest,5,91476,0,0.5256424104583991
depression,Random Forest,5,91482,1,0.3188881337393831
depression,Random Forest,5,91490,0,0.3781733382438074
depression,Random Forest,5,91502,0,0.0939813182044259
depression,Random Forest,5,91512,0,0.06026258720904563
depression,Random Forest,5,91527,1,0.5126911027923012
depression,Random Forest,5,91536,0,0.28518662126366207
depression,Random Forest,5,91547,0,0.16140911274063557
depression,Random Forest,5,91557,0,0.1604194626430819
depression,Random Forest,5,91564,0,0.0
depression,Random Forest,5,91566,0,0.4553164503885027
depression,Random Forest,5,91581,0,0.08060522282831896
depression,Random Forest,5,91586,0,0.05443458043517891
depression,Random Forest,5,91600,0,0.05041420646928096
depression,Random Forest,5,91611,0,0.10016811314862162
depression,Random Forest,5,91619,0,0.3290242126389655
depression,Random Forest,5,91628,0,0.0408080305327249
depression,Random Forest,5,91635,0,0.1371729948930159
depression,Random Forest,5,91647,0,0.01766159624109788
depression,Random Forest,5,91652,0,0.008838263958425243
depression,Random Forest,5,91665,0,0.0
depression,Random Forest,5,91677,1,0.19328009474325591
depression,Random Forest,5,91696,0,0.06790755326142549
depression,Random Forest,5,91706,0,0.4981075478378585
depression,Random Forest,5,91715,0,0.17433168517700703
depression,Random Forest,5,91723,0,0.014262722783169219
depression,Random Forest,5,91725,0,0.29119470690128113
depression,Random Forest,5,91732,0,0.3785004765492438
depression,Random Forest,5,91737,0,0.01653888435656753
depression,Random Forest,5,91744,0,0.028335350570700264
depression,Random Forest,5,91760,0,0.00585948047242514
depression,Random Forest,5,91781,0,0.3004007446827825
depression,Random Forest,5,91788,0,0.03683228922243212
depression,Random Forest,5,91794,0,0.027819151177148324
depression,Random Forest,5,91806,0,0.23842853724890176
depression,Random Forest,5,91811,0,0.16320795834546925
depression,Random Forest,5,91819,0,0.0
depression,Random Forest,5,91828,1,0.018415987659894342
depression,Random Forest,5,91835,0,0.2588985828251397
depression,Random Forest,5,91842,0,0.6733029743640165
depression,Random Forest,5,91852,0,0.1556658100642925
depression,Random Forest,5,91861,0,0.007935619659217331
depression,Random Forest,5,91869,0,0.05425598389113219
depression,Random Forest,5,91886,0,0.030805322981688775
depression,Random Forest,5,91893,0,0.20955946973672415
depression,Random Forest,5,91900,0,0.007282902726507898
depression,Random Forest,5,91912,0,0.07862091573496467
depression,Random Forest,5,91922,0,0.3455822452398086
depression,Random Forest,5,91931,0,0.06674800011005103
depression,Random Forest,5,91945,0,0.07354825843919119
depression,Random Forest,5,91954,0,0.1549459384866389
depression,Random Forest,5,91966,1,0.038514212738102765
depression,Random Forest,5,91967,0,0.3290244854209135
depression,Random Forest,5,91983,0,0.1008649854948026
depression,Random Forest,5,91993,0,0.07930241751869364
depression,Random Forest,5,92002,0,0.05573040179725415
depression,Random Forest,5,92017,0,0.16202204268520415
depression,Random Forest,5,92025,0,0.016997341957086555
depression,Random Forest,5,92038,0,0.139327238070401
depression,Random Forest,5,92048,0,0.058701848323108013
depression,Random Forest,5,92055,0,0.10423443928615798
depression,Random Forest,5,92068,0,0.0
depression,Random Forest,5,92081,0,0.23978953846326811
depression,Random Forest,5,92089,0,0.3266817434257392
depression,Random Forest,5,92097,0,0.014614473461943434
depression,Random Forest,5,92105,0,0.04349874713561263
depression,Random Forest,5,92114,0,0.0918349129574571
depression,Random Forest,5,92123,0,0.11350876444339454
depression,Random Forest,5,92131,0,0.13993679442774545
depression,Random Forest,5,92138,0,0.012701535252144576
depression,Random Forest,5,92141,0,0.00769192953864663
depression,Random Forest,5,92157,1,0.1181236448770055
depression,Random Forest,5,92167,0,0.16146262859523972
depression,Random Forest,5,92170,0,0.237532383194068
depression,Random Forest,5,92186,0,0.016608155897381512
depression,Random Forest,5,92199,0,0.11932624368421108
depression,Random Forest,5,92206,1,0.19334186994764507
depression,Random Forest,5,92218,0,0.1417152789099636
depression,Random Forest,5,92234,0,0.03976605413555533
depression,Random Forest,5,92242,0,0.008658354384424149
depression,Random Forest,5,92254,0,0.01304479737992392
depression,Random Forest,5,92259,0,0.16901519001044016
depression,Random Forest,5,92260,0,0.16144325404428087
depression,Random Forest,5,92275,0,0.0323324548147427
depression,Random Forest,5,92294,0,0.04285646611218064
depression,Random Forest,5,92299,0,0.5567531421260419
depression,Random Forest,5,92319,0,0.018240912562074687
depression,Random Forest,5,92333,0,0.47597973831095997
depression,Random Forest,5,92347,0,0.046069288940601014
depression,Random Forest,5,92358,0,0.4752077485316055
depression,Random Forest,5,92365,0,0.19562828062061535
depression,Random Forest,5,92373,0,0.36679225314862307
depression,Random Forest,5,92386,0,0.04994679822983053
depression,Random Forest,5,92397,0,0.4832511193228957
depression,Random Forest,5,92407,0,0.22672620679018224
depression,Random Forest,5,92415,0,0.09950716476044753
depression,Random Forest,5,92420,0,0.09492214501228363
depression,Random Forest,5,92429,0,0.2763029310740137
depression,Random Forest,5,92438,0,0.07861162872450421
depression,Random Forest,5,92450,0,0.06140722434873483
depression,Random Forest,5,92463,0,0.0408080305327249
depression,Random Forest,5,92482,0,0.5365109854560373
depression,Random Forest,5,92485,0,0.08311920180544861
depression,Random Forest,5,92495,0,0.3288075475673978
depression,Random Forest,5,92510,0,0.1766529653061939
depression,Random Forest,5,92522,1,0.746444012922545
depression,Random Forest,5,92530,0,0.10009190312553339
depression,Random Forest,5,92538,0,0.03699915160755279
depression,Random Forest,5,92541,0,0.12277747690210615
depression,Random Forest,5,92551,0,0.021384294443252124
depression,Random Forest,5,92557,0,0.04724110434910831
depression,Random Forest,5,92567,0,0.047477002495693005
depression,Random Forest,5,92579,0,0.04775963232789551
depression,Random Forest,5,92591,0,0.36270663512660634
depression,Random Forest,5,92602,1,0.1889723244507978
depression,Random Forest,5,92609,0,0.48540780023599744
depression,Random Forest,5,92619,0,0.4750438193987278
depression,Random Forest,5,92628,0,0.17350489411687137
depression,Random Forest,5,92641,0,0.249450766005994
depression,Random Forest,5,92649,0,0.26586292007696793
depression,Random Forest,5,92662,0,0.24409009311553603
depression,Random Forest,5,92670,0,0.0
depression,Random Forest,5,92681,0,0.17766030431002902
depression,Random Forest,5,92690,0,0.24994466717291822
depression,Random Forest,5,92700,0,0.544288817848075
depression,Random Forest,5,92709,0,0.060453438057301835
depression,Random Forest,5,92722,0,0.030308838752692132
depression,Random Forest,5,92731,0,0.21729030153823992
depression,Random Forest,5,92743,1,0.13936093880560876
depression,Random Forest,5,92745,1,0.03159105541417856
depression,Random Forest,5,92762,0,0.01993816631884716
depression,Random Forest,5,92774,0,0.056335957363989
depression,Random Forest,5,92785,0,0.0
depression,Random Forest,5,92795,0,0.3351098188596853
depression,Random Forest,5,92808,0,0.02110919655900644
depression,Random Forest,5,92818,0,0.042746433585421004
depression,Random Forest,5,92826,0,0.43784741318818904
depression,Random Forest,5,92832,0,0.22953935857745006
depression,Random Forest,5,92846,1,0.04868732060730061
depression,Random Forest,5,92849,0,0.04326434794411987
depression,Random Forest,5,92854,0,0.07508162232238057
depression,Random Forest,5,92880,0,0.042064855901213116
depression,Random Forest,5,92883,0,0.0
depression,Random Forest,5,92891,0,0.011354009665878483
depression,Random Forest,5,92899,0,0.004592259006815969
depression,Random Forest,5,92905,0,0.07533835470292784
depression,Random Forest,5,92912,0,0.02251254527031835
depression,Random Forest,5,92922,1,0.29925158326296214
depression,Random Forest,5,92930,0,0.0042460049516092726
depression,Random Forest,5,92941,0,0.17356566040679589
depression,Random Forest,5,92952,0,0.03572113319672734
depression,Random Forest,5,92960,0,0.012738014854827819
depression,Random Forest,5,92971,0,0.009379722526673856
depression,Random Forest,5,92981,1,0.2358948605174964
depression,Random Forest,5,92988,0,0.07293044878666996
depression,Random Forest,5,92994,0,0.018219451383217816
depression,Random Forest,5,93002,0,0.060036050437617734
depression,Random Forest,5,93010,1,0.46958216515912093
depression,Random Forest,5,93013,0,0.3916744541113045
depression,Random Forest,5,93024,0,0.1773163310463892
depression,Random Forest,5,93034,0,0.07688283037081362
depression,Random Forest,5,93036,0,0.028844762764154173
depression,Random Forest,5,93052,0,0.15094462913500306
depression,Random Forest,5,93068,1,0.05974746785971516
depression,Random Forest,5,93074,1,0.03710208358809837
depression,Random Forest,5,93083,0,0.19419473288825628
depression,Random Forest,5,93092,0,0.04895057214918726
depression,Random Forest,5,93099,0,0.09886645037199332
depression,Random Forest,5,93109,0,0.4063224714973607
depression,Random Forest,5,93120,0,0.09768114979868908
depression,Random Forest,5,93131,0,0.24064425829398736
depression,Random Forest,5,93145,0,0.009807785202437698
depression,Random Forest,5,93157,0,0.004604853540876041
depression,Random Forest,5,93172,0,0.36270663512660634
depression,Random Forest,5,93180,0,0.07997820407084123
depression,Random Forest,5,93191,0,0.13050981474216644
depression,Random Forest,5,93202,0,0.16090059917173444
depression,Random Forest,5,93209,0,0.19025459746138038
depression,Random Forest,5,93220,0,0.0
depression,Random Forest,5,93235,0,0.1294835437803493
depression,Random Forest,5,93244,0,0.07092319767884521
depression,Random Forest,5,93247,0,0.056488189877562635
depression,Random Forest,5,93267,0,0.13327001265696026
depression,Random Forest,5,93274,0,0.23882850775444098
depression,Random Forest,5,93279,0,0.044050177147667416
depression,Random Forest,5,93285,0,0.18999268475765632
depression,Random Forest,5,93297,0,0.09298288223843293
depression,Random Forest,5,93307,0,0.06174530830440877
depression,Random Forest,5,93313,1,0.003948304730012557
depression,Random Forest,5,93322,0,0.31598694706463293
depression,Random Forest,5,93334,0,0.035598223635643515
depression,Random Forest,5,93336,0,0.14780046620458287
depression,Random Forest,5,93354,0,0.12037499121281928
depression,Random Forest,5,93364,0,0.055342296419522645
depression,Random Forest,5,93370,0,0.021849559980584365
depression,Random Forest,5,93381,0,0.3378021078310015
depression,Random Forest,5,93395,1,0.05276328608021918
depression,Random Forest,5,93415,0,0.0036896147076080576
depression,Random Forest,5,93427,0,0.03708355667872364
depression,Random Forest,5,93429,0,0.03886864935984661
depression,Random Forest,5,93441,0,0.37697765774221537
depression,Random Forest,5,93454,1,0.18332146129476534
depression,Random Forest,5,93463,0,0.007411043349689503
depression,Random Forest,5,93482,0,0.1573253934192682
depression,Random Forest,5,93489,0,0.0
depression,Random Forest,5,93496,0,0.5184059814577207
depression,Random Forest,5,93504,0,0.13359282630618924
depression,Random Forest,5,93514,0,0.45325018396336425
depression,Random Forest,5,93528,0,0.17660610350365752
depression,Random Forest,5,93535,0,0.20906501917083037
depression,Random Forest,5,93549,0,0.16654269655469797
depression,Random Forest,5,93557,0,0.241169142662169
depression,Random Forest,5,93560,0,0.23309235608469125
depression,Random Forest,5,93567,0,0.17221790740867415
depression,Random Forest,5,93577,0,0.07293144439502575
depression,Random Forest,5,93589,0,0.09761793526515301
depression,Random Forest,5,93598,0,0.2697289578065454
depression,Random Forest,5,93609,0,0.013534860841089654
depression,Random Forest,5,93620,0,0.0
depression,Random Forest,5,93626,0,0.13276903579505
depression,Random Forest,5,93639,0,0.008054997626492916
depression,Random Forest,5,93652,0,0.0660083228225442
depression,Random Forest,5,93659,0,0.10347158277830776
depression,Random Forest,5,93670,0,0.11681204185664562
depression,Random Forest,5,93677,0,0.09490924950891584
depression,Random Forest,5,93690,0,0.06150702524130562
