module_id,model,fold,subject,truth,score
depression,PennyLane VQC (4 qubits),1,83733,0,0.5857753696964886
depression,PennyLane VQC (4 qubits),1,83741,0,0.2632436558988788
depression,PennyLane VQC (4 qubits),1,83752,0,0.5845074055565237
depression,PennyLane VQC (4 qubits),1,83759,1,0.11638018764649077
depression,PennyLane VQC (4 qubits),1,83775,0,0.4672673152982127
depression,PennyLane VQC (4 qubits),1,83787,0,0.5844021640437377
depression,PennyLane VQC (4 qubits),1,83801,0,0.1653261840667305
depression,PennyLane VQC (4 qubits),1,83817,0,0.47110560648699884
depression,PennyLane VQC (4 qubits),1,83827,0,0.3227621624361504
depression,PennyLane VQC (4 qubits),1,83836,1,0.12359379171987966
depression,PennyLane VQC (4 qubits),1,83847,0,0.45828237706986635
depression,PennyLane VQC (4 qubits),1,83857,0,0.49376504523085507
depression,PennyLane VQC (4 qubits),1,83866,0,0.4909043577652655
depression,PennyLane VQC (4 qubits),1,83875,0,0.5240762616584584
depression,PennyLane VQC (4 qubits),1,83885,0,0.4371797578334122
depression,PennyLane VQC (4 qubits),1,83891,0,0.4866231955237635
depression,PennyLane VQC (4 qubits),1,83899,0,0.4508647603894137
depression,PennyLane VQC (4 qubits),1,83910,0,0.5161097154935155
depression,PennyLane VQC (4 qubits),1,83919,1,0.2629383500750137
depression,PennyLane VQC (4 qubits),1,83928,0,0.5337142617353341
depression,PennyLane VQC (4 qubits),1,83941,1,0.4068516756498348
depression,PennyLane VQC (4 qubits),1,83950,0,0.5163442748259701
depression,PennyLane VQC (4 qubits),1,83958,0,0.5293005555785272
depression,PennyLane VQC (4 qubits),1,83964,0,0.321347637046669
depression,PennyLane VQC (4 qubits),1,83975,0,0.2999915853424924
depression,PennyLane VQC (4 qubits),1,83987,1,0.45912912866718103
depression,PennyLane VQC (4 qubits),1,83994,0,0.5388522701685972
depression,PennyLane VQC (4 qubits),1,84002,0,0.49207184090489975
depression,PennyLane VQC (4 qubits),1,84011,1,0.24391078236742558
depression,PennyLane VQC (4 qubits),1,84019,0,0.5267461134775463
depression,PennyLane VQC (4 qubits),1,84026,0,0.42874166360634225
depression,PennyLane VQC (4 qubits),1,84033,0,0.6496643538727187
depression,PennyLane VQC (4 qubits),1,84041,0,0.3681435894495458
depression,PennyLane VQC (4 qubits),1,84051,0,0.5262662644743026
depression,PennyLane VQC (4 qubits),1,84065,0,0.6622425751166232
depression,PennyLane VQC (4 qubits),1,84072,0,0.32730438480165636
depression,PennyLane VQC (4 qubits),1,84082,0,0.350312895641663
depression,PennyLane VQC (4 qubits),1,84090,0,0.20758776921629501
depression,PennyLane VQC (4 qubits),1,84105,0,0.19927574325912878
depression,PennyLane VQC (4 qubits),1,84112,0,0.45320918789403114
depression,PennyLane VQC (4 qubits),1,84119,0,0.5907751784366427
depression,PennyLane VQC (4 qubits),1,84128,1,0.5327793664812545
depression,PennyLane VQC (4 qubits),1,84140,1,0.14426526884529112
depression,PennyLane VQC (4 qubits),1,84166,0,0.5054525418805741
depression,PennyLane VQC (4 qubits),1,84171,0,0.5542900952575637
depression,PennyLane VQC (4 qubits),1,84178,0,0.33341428350658076
depression,PennyLane VQC (4 qubits),1,84189,0,0.4630347475497191
depression,PennyLane VQC (4 qubits),1,84197,0,0.5092057624480459
depression,PennyLane VQC (4 qubits),1,84208,0,0.4988997706445415
depression,PennyLane VQC (4 qubits),1,84217,0,0.4810251005073577
depression,PennyLane VQC (4 qubits),1,84224,1,0.594552838428237
depression,PennyLane VQC (4 qubits),1,84231,0,0.27438331212718575
depression,PennyLane VQC (4 qubits),1,84239,0,0.49388605271030084
depression,PennyLane VQC (4 qubits),1,84256,1,0.48373257169699513
depression,PennyLane VQC (4 qubits),1,84271,0,0.5076747943349975
depression,PennyLane VQC (4 qubits),1,84285,1,0.48460777842624747
depression,PennyLane VQC (4 qubits),1,84293,0,0.5340285804828235
depression,PennyLane VQC (4 qubits),1,84301,0,0.5669335783211352
depression,PennyLane VQC (4 qubits),1,84315,0,0.3342307463321269
depression,PennyLane VQC (4 qubits),1,84322,0,0.4238465861457044
depression,PennyLane VQC (4 qubits),1,84338,0,0.5412895186930982
depression,PennyLane VQC (4 qubits),1,84357,0,0.33460848549829914
depression,PennyLane VQC (4 qubits),1,84368,0,0.5204686621768986
depression,PennyLane VQC (4 qubits),1,84377,0,0.3587850283643136
depression,PennyLane VQC (4 qubits),1,84385,0,0.26013829610896844
depression,PennyLane VQC (4 qubits),1,84392,0,0.6623372205942266
depression,PennyLane VQC (4 qubits),1,84398,0,0.4288309699436298
depression,PennyLane VQC (4 qubits),1,84402,0,0.21033265224414188
depression,PennyLane VQC (4 qubits),1,84410,1,0.5312060632085345
depression,PennyLane VQC (4 qubits),1,84420,0,0.24037440619019657
depression,PennyLane VQC (4 qubits),1,84427,0,0.3221294120141781
depression,PennyLane VQC (4 qubits),1,84437,0,0.6380130403874087
depression,PennyLane VQC (4 qubits),1,84451,0,0.47268717099000485
depression,PennyLane VQC (4 qubits),1,84457,0,0.2015127772169223
depression,PennyLane VQC (4 qubits),1,84470,0,0.48044343737824785
depression,PennyLane VQC (4 qubits),1,84479,0,0.6633794061562466
depression,PennyLane VQC (4 qubits),1,84490,0,0.544809857033082
depression,PennyLane VQC (4 qubits),1,84496,0,0.48890161429935064
depression,PennyLane VQC (4 qubits),1,84503,1,0.44325344231923164
depression,PennyLane VQC (4 qubits),1,84522,0,0.09478080614821738
depression,PennyLane VQC (4 qubits),1,84539,0,0.23655447638156918
depression,PennyLane VQC (4 qubits),1,84546,0,0.5389579304289132
depression,PennyLane VQC (4 qubits),1,84555,1,0.5599282007891879
depression,PennyLane VQC (4 qubits),1,84564,1,0.5836175995539836
depression,PennyLane VQC (4 qubits),1,84575,0,0.5844802475944189
depression,PennyLane VQC (4 qubits),1,84582,0,0.4845914889682217
depression,PennyLane VQC (4 qubits),1,84592,0,0.49202979702098104
depression,PennyLane VQC (4 qubits),1,84597,0,0.5860033717986863
depression,PennyLane VQC (4 qubits),1,84608,0,0.3849131867811114
depression,PennyLane VQC (4 qubits),1,84615,0,0.5693750505898132
depression,PennyLane VQC (4 qubits),1,84623,0,0.6436391727604648
depression,PennyLane VQC (4 qubits),1,84629,1,0.20321305830304182
depression,PennyLane VQC (4 qubits),1,84642,1,0.5975859240323492
depression,PennyLane VQC (4 qubits),1,84658,0,0.1928968163418589
depression,PennyLane VQC (4 qubits),1,84663,0,0.3655632935722688
depression,PennyLane VQC (4 qubits),1,84673,0,0.23010537687837862
depression,PennyLane VQC (4 qubits),1,84683,0,0.5316469307240452
depression,PennyLane VQC (4 qubits),1,84688,0,0.19638231417523017
depression,PennyLane VQC (4 qubits),1,84702,0,0.6167428784114796
depression,PennyLane VQC (4 qubits),1,84709,0,0.2867301098325943
depression,PennyLane VQC (4 qubits),1,84716,0,0.5232660590597897
depression,PennyLane VQC (4 qubits),1,84726,0,0.4588600399414876
depression,PennyLane VQC (4 qubits),1,84736,0,0.6282344365709474
depression,PennyLane VQC (4 qubits),1,84751,0,0.6478593839396249
depression,PennyLane VQC (4 qubits),1,84756,0,0.4186698638813338
depression,PennyLane VQC (4 qubits),1,84764,0,0.39418065333308494
depression,PennyLane VQC (4 qubits),1,84771,0,0.6303479005787808
depression,PennyLane VQC (4 qubits),1,84776,0,0.5738875794400389
depression,PennyLane VQC (4 qubits),1,84784,0,0.4817876381063656
depression,PennyLane VQC (4 qubits),1,84791,1,0.39894370470738016
depression,PennyLane VQC (4 qubits),1,84800,0,0.3929198118409044
depression,PennyLane VQC (4 qubits),1,84808,0,0.41567632301063184
depression,PennyLane VQC (4 qubits),1,84820,0,0.4691185990780725
depression,PennyLane VQC (4 qubits),1,84830,0,0.2982239345157267
depression,PennyLane VQC (4 qubits),1,84837,0,0.48881859949306194
depression,PennyLane VQC (4 qubits),1,84847,0,0.3909051240685733
depression,PennyLane VQC (4 qubits),1,84852,0,0.2165226865757613
depression,PennyLane VQC (4 qubits),1,84866,0,0.4289005906073017
depression,PennyLane VQC (4 qubits),1,84872,0,0.5064147539366561
depression,PennyLane VQC (4 qubits),1,84885,0,0.5000803846000526
depression,PennyLane VQC (4 qubits),1,84896,0,0.22224694965557645
depression,PennyLane VQC (4 qubits),1,84904,0,0.42400054320898706
depression,PennyLane VQC (4 qubits),1,84913,0,0.5246275854690569
depression,PennyLane VQC (4 qubits),1,84919,0,0.40811252302637935
depression,PennyLane VQC (4 qubits),1,84926,0,0.38902096420633414
depression,PennyLane VQC (4 qubits),1,84933,0,0.2477120731576712
depression,PennyLane VQC (4 qubits),1,84940,0,0.46915234450070636
depression,PennyLane VQC (4 qubits),1,84949,0,0.19994250387085905
depression,PennyLane VQC (4 qubits),1,84956,0,0.5787986267164098
depression,PennyLane VQC (4 qubits),1,84970,0,0.5295419765236209
depression,PennyLane VQC (4 qubits),1,84980,0,0.5064930597686755
depression,PennyLane VQC (4 qubits),1,84992,0,0.38209091938510914
depression,PennyLane VQC (4 qubits),1,85001,0,0.2160509126278286
depression,PennyLane VQC (4 qubits),1,85014,0,0.5505274465722815
depression,PennyLane VQC (4 qubits),1,85022,0,0.5783915187311173
depression,PennyLane VQC (4 qubits),1,85039,0,0.5266663884873802
depression,PennyLane VQC (4 qubits),1,85048,0,0.5826901493007196
depression,PennyLane VQC (4 qubits),1,85054,0,0.5646052346001691
depression,PennyLane VQC (4 qubits),1,85061,0,0.4804548692717443
depression,PennyLane VQC (4 qubits),1,85067,0,0.16299674176125212
depression,PennyLane VQC (4 qubits),1,85077,0,0.48989042978086367
depression,PennyLane VQC (4 qubits),1,85101,0,0.4884491902567571
depression,PennyLane VQC (4 qubits),1,85107,0,0.500792847038131
depression,PennyLane VQC (4 qubits),1,85114,0,0.151960191459516
depression,PennyLane VQC (4 qubits),1,85126,0,0.5856947216174455
depression,PennyLane VQC (4 qubits),1,85137,0,0.5141701477581897
depression,PennyLane VQC (4 qubits),1,85148,0,0.4633124926436909
depression,PennyLane VQC (4 qubits),1,85157,0,0.5352161004276517
depression,PennyLane VQC (4 qubits),1,85163,0,0.33234775247225357
depression,PennyLane VQC (4 qubits),1,85176,0,0.20965305560878084
depression,PennyLane VQC (4 qubits),1,85187,0,0.37060377583415416
depression,PennyLane VQC (4 qubits),1,85198,0,0.534809899253337
depression,PennyLane VQC (4 qubits),1,85209,0,0.6560057341866058
depression,PennyLane VQC (4 qubits),1,85215,0,0.5953146504755804
depression,PennyLane VQC (4 qubits),1,85222,0,0.432912263139573
depression,PennyLane VQC (4 qubits),1,85231,0,0.4809416277093544
depression,PennyLane VQC (4 qubits),1,85238,0,0.4682158859257922
depression,PennyLane VQC (4 qubits),1,85245,1,0.28420159875931744
depression,PennyLane VQC (4 qubits),1,85253,0,0.6096979038777359
depression,PennyLane VQC (4 qubits),1,85261,1,0.5418854793389423
depression,PennyLane VQC (4 qubits),1,85274,1,0.44356637039020946
depression,PennyLane VQC (4 qubits),1,85283,0,0.6437656772113605
depression,PennyLane VQC (4 qubits),1,85288,1,0.6238893868643918
depression,PennyLane VQC (4 qubits),1,85296,1,0.5140780307237435
depression,PennyLane VQC (4 qubits),1,85308,0,0.26832707626791896
depression,PennyLane VQC (4 qubits),1,85316,0,0.4422326162476592
depression,PennyLane VQC (4 qubits),1,85322,0,0.5371421203717504
depression,PennyLane VQC (4 qubits),1,85335,1,0.44957865838020133
depression,PennyLane VQC (4 qubits),1,85343,0,0.3907660496750416
depression,PennyLane VQC (4 qubits),1,85352,0,0.5029660808123204
depression,PennyLane VQC (4 qubits),1,85360,0,0.6546241794431675
depression,PennyLane VQC (4 qubits),1,85368,0,0.642783295049678
depression,PennyLane VQC (4 qubits),1,85376,0,0.17474085193036182
depression,PennyLane VQC (4 qubits),1,85388,0,0.24669545742369559
depression,PennyLane VQC (4 qubits),1,85394,0,0.29989448782081973
depression,PennyLane VQC (4 qubits),1,85400,0,0.31245811953106273
depression,PennyLane VQC (4 qubits),1,85408,0,0.388577540186358
depression,PennyLane VQC (4 qubits),1,85422,0,0.36151634148541956
depression,PennyLane VQC (4 qubits),1,85429,0,0.4643281645180567
depression,PennyLane VQC (4 qubits),1,85441,0,0.7049486214543209
depression,PennyLane VQC (4 qubits),1,85448,0,0.3931954463157323
depression,PennyLane VQC (4 qubits),1,85464,0,0.5759771396478036
depression,PennyLane VQC (4 qubits),1,85470,0,0.36086963946946377
depression,PennyLane VQC (4 qubits),1,85483,0,0.27691248120525486
depression,PennyLane VQC (4 qubits),1,85489,0,0.3073475105680582
depression,PennyLane VQC (4 qubits),1,85499,1,0.553728339132076
depression,PennyLane VQC (4 qubits),1,85511,0,0.397398341581648
depression,PennyLane VQC (4 qubits),1,85522,0,0.6353980672253974
depression,PennyLane VQC (4 qubits),1,85529,0,0.4042711085544837
depression,PennyLane VQC (4 qubits),1,85537,0,0.4778893677833526
depression,PennyLane VQC (4 qubits),1,85545,0,0.29017895142029226
depression,PennyLane VQC (4 qubits),1,85553,0,0.24754943622012943
depression,PennyLane VQC (4 qubits),1,85571,0,0.5148288149146694
depression,PennyLane VQC (4 qubits),1,85580,0,0.591774378802153
depression,PennyLane VQC (4 qubits),1,85588,0,0.7070366955662389
depression,PennyLane VQC (4 qubits),1,85599,0,0.10261080143580237
depression,PennyLane VQC (4 qubits),1,85604,0,0.3074011665052942
depression,PennyLane VQC (4 qubits),1,85625,0,0.48761036219485276
depression,PennyLane VQC (4 qubits),1,85631,1,0.29328943533449114
depression,PennyLane VQC (4 qubits),1,85644,0,0.412801040003846
depression,PennyLane VQC (4 qubits),1,85655,0,0.1024766705642387
depression,PennyLane VQC (4 qubits),1,85662,0,0.5484787578871542
depression,PennyLane VQC (4 qubits),1,85669,0,0.11804404421813858
depression,PennyLane VQC (4 qubits),1,85676,1,0.4353543352917232
depression,PennyLane VQC (4 qubits),1,85684,0,0.6163826162757617
depression,PennyLane VQC (4 qubits),1,85701,0,0.5336502429980532
depression,PennyLane VQC (4 qubits),1,85707,0,0.5167437116450058
depression,PennyLane VQC (4 qubits),1,85722,0,0.4871194359877273
depression,PennyLane VQC (4 qubits),1,85728,1,0.4465208430959504
depression,PennyLane VQC (4 qubits),1,85736,0,0.6387430799223359
depression,PennyLane VQC (4 qubits),1,85745,0,0.2307809173744933
depression,PennyLane VQC (4 qubits),1,85756,1,0.5347973116493304
depression,PennyLane VQC (4 qubits),1,85772,0,0.558275763481749
depression,PennyLane VQC (4 qubits),1,85778,0,0.1694793848794668
depression,PennyLane VQC (4 qubits),1,85785,0,0.6177244532323245
depression,PennyLane VQC (4 qubits),1,85791,0,0.5539858807083562
depression,PennyLane VQC (4 qubits),1,85801,0,0.5092057624480459
depression,PennyLane VQC (4 qubits),1,85810,0,0.43392943639213244
depression,PennyLane VQC (4 qubits),1,85816,0,0.5127286767361248
depression,PennyLane VQC (4 qubits),1,85827,0,0.45730543873740265
depression,PennyLane VQC (4 qubits),1,85834,0,0.41601428711940835
depression,PennyLane VQC (4 qubits),1,85846,0,0.46187780935021544
depression,PennyLane VQC (4 qubits),1,85855,0,0.6069453120013385
depression,PennyLane VQC (4 qubits),1,85863,0,0.4817598105507117
depression,PennyLane VQC (4 qubits),1,85870,0,0.4588444141725795
depression,PennyLane VQC (4 qubits),1,85880,0,0.5514810320207213
depression,PennyLane VQC (4 qubits),1,85898,0,0.4944743790352474
depression,PennyLane VQC (4 qubits),1,85904,0,0.5861138157485005
depression,PennyLane VQC (4 qubits),1,85918,0,0.2581117034410193
depression,PennyLane VQC (4 qubits),1,85922,0,0.4449131352125236
depression,PennyLane VQC (4 qubits),1,85935,0,0.36604664057894165
depression,PennyLane VQC (4 qubits),1,85943,0,0.32772912386956843
depression,PennyLane VQC (4 qubits),1,85949,0,0.5376734131602636
depression,PennyLane VQC (4 qubits),1,85960,0,0.5165535757529979
depression,PennyLane VQC (4 qubits),1,85966,0,0.31468852869041514
depression,PennyLane VQC (4 qubits),1,85977,0,0.4746975870774408
depression,PennyLane VQC (4 qubits),1,85986,0,0.29257417640542843
depression,PennyLane VQC (4 qubits),1,85995,0,0.5366862568746433
depression,PennyLane VQC (4 qubits),1,86007,0,0.39884963046049166
depression,PennyLane VQC (4 qubits),1,86014,0,0.6153813358110142
depression,PennyLane VQC (4 qubits),1,86026,0,0.47835210276639817
depression,PennyLane VQC (4 qubits),1,86032,0,0.44744506331930994
depression,PennyLane VQC (4 qubits),1,86035,0,0.41691846458541904
depression,PennyLane VQC (4 qubits),1,86041,0,0.35658486926199084
depression,PennyLane VQC (4 qubits),1,86053,0,0.5410868387810202
depression,PennyLane VQC (4 qubits),1,86059,0,0.5232684252338187
depression,PennyLane VQC (4 qubits),1,86065,0,0.39319047343329666
depression,PennyLane VQC (4 qubits),1,86072,0,0.28420159875931744
depression,PennyLane VQC (4 qubits),1,86086,0,0.4433595577677839
depression,PennyLane VQC (4 qubits),1,86093,0,0.37267361338112337
depression,PennyLane VQC (4 qubits),1,86103,0,0.5581053477936234
depression,PennyLane VQC (4 qubits),1,86112,0,0.3342239992104438
depression,PennyLane VQC (4 qubits),1,86121,0,0.2515401215555484
depression,PennyLane VQC (4 qubits),1,86132,0,0.5734757684555863
depression,PennyLane VQC (4 qubits),1,86149,0,0.6151043704090093
depression,PennyLane VQC (4 qubits),1,86156,0,0.45782834449900955
depression,PennyLane VQC (4 qubits),1,86163,0,0.48247304146575887
depression,PennyLane VQC (4 qubits),1,86173,0,0.4394553983277346
depression,PennyLane VQC (4 qubits),1,86181,0,0.5812321315190716
depression,PennyLane VQC (4 qubits),1,86189,0,0.2609622231540077
depression,PennyLane VQC (4 qubits),1,86196,1,0.6246884139317612
depression,PennyLane VQC (4 qubits),1,86208,0,0.48742230419246363
depression,PennyLane VQC (4 qubits),1,86213,0,0.3435757714520837
depression,PennyLane VQC (4 qubits),1,86219,0,0.6497494244119747
depression,PennyLane VQC (4 qubits),1,86226,0,0.14457585760514347
depression,PennyLane VQC (4 qubits),1,86238,0,0.5105160406222262
depression,PennyLane VQC (4 qubits),1,86245,0,0.5280462213502742
depression,PennyLane VQC (4 qubits),1,86255,1,0.5881935326708273
depression,PennyLane VQC (4 qubits),1,86262,0,0.4489224003409563
depression,PennyLane VQC (4 qubits),1,86276,1,0.4741074907199624
depression,PennyLane VQC (4 qubits),1,86282,0,0.5891358557128664
depression,PennyLane VQC (4 qubits),1,86291,0,0.4912268406527094
depression,PennyLane VQC (4 qubits),1,86299,0,0.7067955040188368
depression,PennyLane VQC (4 qubits),1,86312,0,0.55872778400926
depression,PennyLane VQC (4 qubits),1,86324,0,0.43999374441595246
depression,PennyLane VQC (4 qubits),1,86329,0,0.09058720535998066
depression,PennyLane VQC (4 qubits),1,86338,0,0.3945065577134011
depression,PennyLane VQC (4 qubits),1,86350,0,0.5068309104590754
depression,PennyLane VQC (4 qubits),1,86357,0,0.3948802757466594
depression,PennyLane VQC (4 qubits),1,86364,0,0.6679297101167575
depression,PennyLane VQC (4 qubits),1,86372,0,0.4813125950331386
depression,PennyLane VQC (4 qubits),1,86386,0,0.5258274131988723
depression,PennyLane VQC (4 qubits),1,86400,0,0.4246571982145093
depression,PennyLane VQC (4 qubits),1,86406,0,0.13568642693469468
depression,PennyLane VQC (4 qubits),1,86418,0,0.47628073352318623
depression,PennyLane VQC (4 qubits),1,86432,0,0.26786659130665624
depression,PennyLane VQC (4 qubits),1,86443,0,0.5092057624480459
depression,PennyLane VQC (4 qubits),1,86451,1,0.491131836108207
depression,PennyLane VQC (4 qubits),1,86460,0,0.32944153489559713
depression,PennyLane VQC (4 qubits),1,86473,0,0.40029490961065184
depression,PennyLane VQC (4 qubits),1,86485,0,0.31830282688612044
depression,PennyLane VQC (4 qubits),1,86494,0,0.481118634668678
depression,PennyLane VQC (4 qubits),1,86505,0,0.39138379053384154
depression,PennyLane VQC (4 qubits),1,86515,0,0.39118539073156566
depression,PennyLane VQC (4 qubits),1,86521,0,0.41231137214473346
depression,PennyLane VQC (4 qubits),1,86530,0,0.5890386926803317
depression,PennyLane VQC (4 qubits),1,86540,1,0.6046572873377932
depression,PennyLane VQC (4 qubits),1,86546,0,0.5037248349093479
depression,PennyLane VQC (4 qubits),1,86555,1,0.22894581210144815
depression,PennyLane VQC (4 qubits),1,86565,0,0.32821081565731314
depression,PennyLane VQC (4 qubits),1,86569,0,0.2421134569285352
depression,PennyLane VQC (4 qubits),1,86579,0,0.4534838240657374
depression,PennyLane VQC (4 qubits),1,86588,1,0.5676573921694301
depression,PennyLane VQC (4 qubits),1,86598,0,0.22123502427173775
depression,PennyLane VQC (4 qubits),1,86607,1,0.5116442977344289
depression,PennyLane VQC (4 qubits),1,86617,0,0.7421819322508825
depression,PennyLane VQC (4 qubits),1,86626,0,0.3283800939573487
depression,PennyLane VQC (4 qubits),1,86637,0,0.48272287082073895
depression,PennyLane VQC (4 qubits),1,86644,0,0.3657248722360478
depression,PennyLane VQC (4 qubits),1,86656,0,0.4967600098539575
depression,PennyLane VQC (4 qubits),1,86665,0,0.43911572358447765
depression,PennyLane VQC (4 qubits),1,86670,0,0.08533358663454299
depression,PennyLane VQC (4 qubits),1,86679,0,0.42181285420567743
depression,PennyLane VQC (4 qubits),1,86695,0,0.476465267274897
depression,PennyLane VQC (4 qubits),1,86703,1,0.5874966728584312
depression,PennyLane VQC (4 qubits),1,86712,0,0.5489694319038352
depression,PennyLane VQC (4 qubits),1,86727,0,0.5413050988658503
depression,PennyLane VQC (4 qubits),1,86733,0,0.4502256849349987
depression,PennyLane VQC (4 qubits),1,86742,0,0.4209847174601823
depression,PennyLane VQC (4 qubits),1,86747,0,0.495660151745267
depression,PennyLane VQC (4 qubits),1,86754,0,0.4124251318298261
depression,PennyLane VQC (4 qubits),1,86767,1,0.3263972616130577
depression,PennyLane VQC (4 qubits),1,86777,0,0.44900907155043507
depression,PennyLane VQC (4 qubits),1,86785,1,0.6415140578953872
depression,PennyLane VQC (4 qubits),1,86798,0,0.45552981337229714
depression,PennyLane VQC (4 qubits),1,86809,0,0.40159748377122473
depression,PennyLane VQC (4 qubits),1,86816,0,0.45552981337229714
depression,PennyLane VQC (4 qubits),1,86829,0,0.45248120104588785
depression,PennyLane VQC (4 qubits),1,86842,0,0.3116058235105291
depression,PennyLane VQC (4 qubits),1,86859,0,0.8263777372968939
depression,PennyLane VQC (4 qubits),1,86871,0,0.33574051177949543
depression,PennyLane VQC (4 qubits),1,86879,0,0.4412303362868193
depression,PennyLane VQC (4 qubits),1,86888,0,0.22604384564405144
depression,PennyLane VQC (4 qubits),1,86897,0,0.3808336469857231
depression,PennyLane VQC (4 qubits),1,86908,0,0.6510190084876106
depression,PennyLane VQC (4 qubits),1,86922,0,0.3256908357621576
depression,PennyLane VQC (4 qubits),1,86934,0,0.5344095593005505
depression,PennyLane VQC (4 qubits),1,86950,0,0.31045847621669936
depression,PennyLane VQC (4 qubits),1,86961,0,0.4916123191214062
depression,PennyLane VQC (4 qubits),1,86969,0,0.4951678627925746
depression,PennyLane VQC (4 qubits),1,86974,0,0.4685532767167688
depression,PennyLane VQC (4 qubits),1,86983,0,0.2813632346927163
depression,PennyLane VQC (4 qubits),1,86991,0,0.2162626139807825
depression,PennyLane VQC (4 qubits),1,86999,0,0.20436528071053406
depression,PennyLane VQC (4 qubits),1,87007,0,0.6651239641163671
depression,PennyLane VQC (4 qubits),1,87018,0,0.5754151087589215
depression,PennyLane VQC (4 qubits),1,87031,0,0.599876447518217
depression,PennyLane VQC (4 qubits),1,87049,0,0.4125072084303848
depression,PennyLane VQC (4 qubits),1,87055,0,0.1273596468072964
depression,PennyLane VQC (4 qubits),1,87066,0,0.41702622645862153
depression,PennyLane VQC (4 qubits),1,87078,0,0.5274840675722723
depression,PennyLane VQC (4 qubits),1,87086,0,0.36683384409220743
depression,PennyLane VQC (4 qubits),1,87107,0,0.3078371895945299
depression,PennyLane VQC (4 qubits),1,87115,0,0.5356335281122899
depression,PennyLane VQC (4 qubits),1,87122,1,0.4377296597703706
depression,PennyLane VQC (4 qubits),1,87129,0,0.48741744189096103
depression,PennyLane VQC (4 qubits),1,87140,0,0.47634514835842934
depression,PennyLane VQC (4 qubits),1,87149,0,0.32419553315723304
depression,PennyLane VQC (4 qubits),1,87158,0,0.5060575890830676
depression,PennyLane VQC (4 qubits),1,87164,0,0.7292147357673778
depression,PennyLane VQC (4 qubits),1,87169,0,0.5084639397111237
depression,PennyLane VQC (4 qubits),1,87176,0,0.17976042697597938
depression,PennyLane VQC (4 qubits),1,87186,0,0.5720797048925557
depression,PennyLane VQC (4 qubits),1,87194,0,0.49180541427927005
depression,PennyLane VQC (4 qubits),1,87201,0,0.22819670398560343
depression,PennyLane VQC (4 qubits),1,87211,0,0.5300099966369866
depression,PennyLane VQC (4 qubits),1,87221,0,0.4521434704930365
depression,PennyLane VQC (4 qubits),1,87229,0,0.5718933497100558
depression,PennyLane VQC (4 qubits),1,87237,0,0.3202958958311034
depression,PennyLane VQC (4 qubits),1,87244,0,0.43803878140859887
depression,PennyLane VQC (4 qubits),1,87253,0,0.23341107575506376
depression,PennyLane VQC (4 qubits),1,87258,0,0.38758486047597795
depression,PennyLane VQC (4 qubits),1,87265,0,0.5104591666176117
depression,PennyLane VQC (4 qubits),1,87276,0,0.5350430977887156
depression,PennyLane VQC (4 qubits),1,87284,0,0.42168546544218477
depression,PennyLane VQC (4 qubits),1,87292,0,0.39418065333308494
depression,PennyLane VQC (4 qubits),1,87308,0,0.4049948674428566
depression,PennyLane VQC (4 qubits),1,87315,0,0.3625022371565476
depression,PennyLane VQC (4 qubits),1,87322,0,0.5454275060829646
depression,PennyLane VQC (4 qubits),1,87333,0,0.47132502845725577
depression,PennyLane VQC (4 qubits),1,87341,0,0.3289147697392554
depression,PennyLane VQC (4 qubits),1,87350,0,0.4213798445833635
depression,PennyLane VQC (4 qubits),1,87360,0,0.5066180603703332
depression,PennyLane VQC (4 qubits),1,87372,0,0.4094218639114199
depression,PennyLane VQC (4 qubits),1,87383,0,0.32410103802137097
depression,PennyLane VQC (4 qubits),1,87391,0,0.23844172565024113
depression,PennyLane VQC (4 qubits),1,87413,0,0.5212506155411382
depression,PennyLane VQC (4 qubits),1,87422,0,0.2444107035727035
depression,PennyLane VQC (4 qubits),1,87428,0,0.4733698407747634
depression,PennyLane VQC (4 qubits),1,87436,0,0.5483505311737079
depression,PennyLane VQC (4 qubits),1,87447,0,0.543612308365901
depression,PennyLane VQC (4 qubits),1,87459,0,0.7591612049914829
depression,PennyLane VQC (4 qubits),1,87466,0,0.5824912275054939
depression,PennyLane VQC (4 qubits),1,87477,0,0.5995118520605616
depression,PennyLane VQC (4 qubits),1,87486,1,0.5207835888415747
depression,PennyLane VQC (4 qubits),1,87490,0,0.46070640876692426
depression,PennyLane VQC (4 qubits),1,87500,0,0.37888268890723986
depression,PennyLane VQC (4 qubits),1,87508,0,0.33436789710335124
depression,PennyLane VQC (4 qubits),1,87519,0,0.6207435046538834
depression,PennyLane VQC (4 qubits),1,87524,0,0.3190115085694367
depression,PennyLane VQC (4 qubits),1,87533,0,0.5300040792667142
depression,PennyLane VQC (4 qubits),1,87551,0,0.3681383668691617
depression,PennyLane VQC (4 qubits),1,87564,0,0.3630506669632383
depression,PennyLane VQC (4 qubits),1,87580,0,0.5736007090132037
depression,PennyLane VQC (4 qubits),1,87587,0,0.5221549591198303
depression,PennyLane VQC (4 qubits),1,87596,0,0.5388522701685972
depression,PennyLane VQC (4 qubits),1,87605,0,0.5634727786997589
depression,PennyLane VQC (4 qubits),1,87626,0,0.413627574828533
depression,PennyLane VQC (4 qubits),1,87634,0,0.49522108967355294
depression,PennyLane VQC (4 qubits),1,87640,0,0.4777769988866653
depression,PennyLane VQC (4 qubits),1,87661,0,0.6123663968455276
depression,PennyLane VQC (4 qubits),1,87669,0,0.5723886601387796
depression,PennyLane VQC (4 qubits),1,87687,0,0.08657662192429844
depression,PennyLane VQC (4 qubits),1,87696,0,0.4822755578992115
depression,PennyLane VQC (4 qubits),1,87712,1,0.30836098046173177
depression,PennyLane VQC (4 qubits),1,87721,0,0.6186402514400364
depression,PennyLane VQC (4 qubits),1,87739,0,0.11402379521565553
depression,PennyLane VQC (4 qubits),1,87749,0,0.3493115479523353
depression,PennyLane VQC (4 qubits),1,87758,0,0.6446805383579559
depression,PennyLane VQC (4 qubits),1,87772,0,0.5956207094252103
depression,PennyLane VQC (4 qubits),1,87777,0,0.529677142682848
depression,PennyLane VQC (4 qubits),1,87784,0,0.15270069242419138
depression,PennyLane VQC (4 qubits),1,87798,0,0.6353460250941697
depression,PennyLane VQC (4 qubits),1,87803,0,0.5565658854213611
depression,PennyLane VQC (4 qubits),1,87810,0,0.2859371446493808
depression,PennyLane VQC (4 qubits),1,87821,0,0.10526370586575617
depression,PennyLane VQC (4 qubits),1,87839,1,0.5357701888582559
depression,PennyLane VQC (4 qubits),1,87848,0,0.2492618998127729
depression,PennyLane VQC (4 qubits),1,87853,0,0.7180113179316592
depression,PennyLane VQC (4 qubits),1,87859,0,0.5773536579742732
depression,PennyLane VQC (4 qubits),1,87874,0,0.6895736611704655
depression,PennyLane VQC (4 qubits),1,87891,1,0.47089546328270404
depression,PennyLane VQC (4 qubits),1,87897,0,0.4710774484265538
depression,PennyLane VQC (4 qubits),1,87906,0,0.18984109222090878
depression,PennyLane VQC (4 qubits),1,87918,0,0.2865706566867808
depression,PennyLane VQC (4 qubits),1,87922,0,0.46651208281945566
depression,PennyLane VQC (4 qubits),1,87944,0,0.4852392498579958
depression,PennyLane VQC (4 qubits),1,87951,0,0.5029002442723949
depression,PennyLane VQC (4 qubits),1,87962,0,0.527695930748084
depression,PennyLane VQC (4 qubits),1,87974,0,0.2722402724846733
depression,PennyLane VQC (4 qubits),1,87984,0,0.5425307151066175
depression,PennyLane VQC (4 qubits),1,87994,0,0.4618936198457092
depression,PennyLane VQC (4 qubits),1,88003,0,0.11942188140889631
depression,PennyLane VQC (4 qubits),1,88019,0,0.12616083545928253
depression,PennyLane VQC (4 qubits),1,88027,0,0.24616266356795702
depression,PennyLane VQC (4 qubits),1,88040,0,0.4242562711307608
depression,PennyLane VQC (4 qubits),1,88048,0,0.3710651152533327
depression,PennyLane VQC (4 qubits),1,88058,0,0.524659561537123
depression,PennyLane VQC (4 qubits),1,88065,0,0.45952192737614156
depression,PennyLane VQC (4 qubits),1,88073,0,0.10318239374349325
depression,PennyLane VQC (4 qubits),1,88083,0,0.5242160082849239
depression,PennyLane VQC (4 qubits),1,88092,0,0.5747686274312019
depression,PennyLane VQC (4 qubits),1,88100,0,0.5098271699370119
depression,PennyLane VQC (4 qubits),1,88111,0,0.577874841058436
depression,PennyLane VQC (4 qubits),1,88119,0,0.5066180603703332
depression,PennyLane VQC (4 qubits),1,88128,1,0.5914850534382399
depression,PennyLane VQC (4 qubits),1,88137,0,0.48237957631688
depression,PennyLane VQC (4 qubits),1,88148,0,0.4420952168242635
depression,PennyLane VQC (4 qubits),1,88156,0,0.26013451987474645
depression,PennyLane VQC (4 qubits),1,88164,0,0.6685460602880631
depression,PennyLane VQC (4 qubits),1,88172,0,0.13773092887183924
depression,PennyLane VQC (4 qubits),1,88181,0,0.4335181660872447
depression,PennyLane VQC (4 qubits),1,88191,0,0.4830033277364235
depression,PennyLane VQC (4 qubits),1,88199,0,0.25827367542508206
depression,PennyLane VQC (4 qubits),1,88208,0,0.3094986874265639
depression,PennyLane VQC (4 qubits),1,88218,0,0.4524844932290166
depression,PennyLane VQC (4 qubits),1,88228,0,0.1965375549526171
depression,PennyLane VQC (4 qubits),1,88233,0,0.552374083847164
depression,PennyLane VQC (4 qubits),1,88243,0,0.4558240028806716
depression,PennyLane VQC (4 qubits),1,88256,0,0.5431445212845869
depression,PennyLane VQC (4 qubits),1,88262,0,0.5412027391473377
depression,PennyLane VQC (4 qubits),1,88274,0,0.3091422719426488
depression,PennyLane VQC (4 qubits),1,88291,0,0.12190004795394033
depression,PennyLane VQC (4 qubits),1,88302,0,0.6244838070277302
depression,PennyLane VQC (4 qubits),1,88307,0,0.44704006280057085
depression,PennyLane VQC (4 qubits),1,88317,0,0.4148422277230756
depression,PennyLane VQC (4 qubits),1,88327,0,0.4752012624708616
depression,PennyLane VQC (4 qubits),1,88335,0,0.3336427972321373
depression,PennyLane VQC (4 qubits),1,88344,0,0.39766774077520417
depression,PennyLane VQC (4 qubits),1,88351,1,0.4979486428046098
depression,PennyLane VQC (4 qubits),1,88361,1,0.40514405421588096
depression,PennyLane VQC (4 qubits),1,88370,0,0.2867950227761784
depression,PennyLane VQC (4 qubits),1,88386,0,0.3343406280277501
depression,PennyLane VQC (4 qubits),1,88395,0,0.5164390547665346
depression,PennyLane VQC (4 qubits),1,88404,0,0.35279578939756995
depression,PennyLane VQC (4 qubits),1,88414,1,0.12046471130689407
depression,PennyLane VQC (4 qubits),1,88427,0,0.4314669853324519
depression,PennyLane VQC (4 qubits),1,88433,0,0.47319713238977507
depression,PennyLane VQC (4 qubits),1,88445,1,0.5259666929669127
depression,PennyLane VQC (4 qubits),1,88455,0,0.5110917604308512
depression,PennyLane VQC (4 qubits),1,88468,0,0.4346188333269162
depression,PennyLane VQC (4 qubits),1,88477,0,0.611537514035623
depression,PennyLane VQC (4 qubits),1,88482,0,0.3367170864950081
depression,PennyLane VQC (4 qubits),1,88496,0,0.47454153828952594
depression,PennyLane VQC (4 qubits),1,88514,0,0.51898406078861
depression,PennyLane VQC (4 qubits),1,88524,0,0.20628221758240728
depression,PennyLane VQC (4 qubits),1,88533,0,0.4265017631300477
depression,PennyLane VQC (4 qubits),1,88540,1,0.41778052199223603
depression,PennyLane VQC (4 qubits),1,88547,0,0.3216783373142456
depression,PennyLane VQC (4 qubits),1,88562,0,0.5619257251524155
depression,PennyLane VQC (4 qubits),1,88572,0,0.4748516027179577
depression,PennyLane VQC (4 qubits),1,88584,0,0.61802837796183
depression,PennyLane VQC (4 qubits),1,88593,0,0.37665668680987646
depression,PennyLane VQC (4 qubits),1,88605,0,0.5924120967890271
depression,PennyLane VQC (4 qubits),1,88611,0,0.416260896255968
depression,PennyLane VQC (4 qubits),1,88619,1,0.4385353754455713
depression,PennyLane VQC (4 qubits),1,88627,0,0.2854790060790428
depression,PennyLane VQC (4 qubits),1,88634,0,0.5251320495147951
depression,PennyLane VQC (4 qubits),1,88643,0,0.47362353274946467
depression,PennyLane VQC (4 qubits),1,88652,0,0.10318239374349325
depression,PennyLane VQC (4 qubits),1,88660,0,0.4524844932290166
depression,PennyLane VQC (4 qubits),1,88673,0,0.5917475391612989
depression,PennyLane VQC (4 qubits),1,88680,0,0.5043785658903395
depression,PennyLane VQC (4 qubits),1,88691,0,0.6380820666241663
depression,PennyLane VQC (4 qubits),1,88700,0,0.4728677990844503
depression,PennyLane VQC (4 qubits),1,88707,1,0.2925044881921359
depression,PennyLane VQC (4 qubits),1,88720,0,0.2579060814420687
depression,PennyLane VQC (4 qubits),1,88728,1,0.5914784110477381
depression,PennyLane VQC (4 qubits),1,88732,0,0.21197426929807084
depression,PennyLane VQC (4 qubits),1,88743,0,0.783843251617703
depression,PennyLane VQC (4 qubits),1,88755,0,0.42258590881486957
depression,PennyLane VQC (4 qubits),1,88764,0,0.5796628178879882
depression,PennyLane VQC (4 qubits),1,88780,0,0.21357790625084694
depression,PennyLane VQC (4 qubits),1,88790,0,0.4648601437982882
depression,PennyLane VQC (4 qubits),1,88796,0,0.3839141731312587
depression,PennyLane VQC (4 qubits),1,88806,1,0.2503798425912174
depression,PennyLane VQC (4 qubits),1,88827,0,0.4842281906982758
depression,PennyLane VQC (4 qubits),1,88836,0,0.28501963238789785
depression,PennyLane VQC (4 qubits),1,88842,0,0.43895075373506576
depression,PennyLane VQC (4 qubits),1,88848,0,0.5968933260622282
depression,PennyLane VQC (4 qubits),1,88858,0,0.2151284489972774
depression,PennyLane VQC (4 qubits),1,88868,0,0.4784784563283703
depression,PennyLane VQC (4 qubits),1,88876,0,0.22878086552583504
depression,PennyLane VQC (4 qubits),1,88883,0,0.49826466479073905
depression,PennyLane VQC (4 qubits),1,88890,0,0.43483746926045186
depression,PennyLane VQC (4 qubits),1,88894,0,0.14625993909195367
depression,PennyLane VQC (4 qubits),1,88900,1,0.6159983950241041
depression,PennyLane VQC (4 qubits),1,88908,0,0.641330672645033
depression,PennyLane VQC (4 qubits),1,88916,1,0.3918547885659306
depression,PennyLane VQC (4 qubits),1,88925,0,0.16061465727986463
depression,PennyLane VQC (4 qubits),1,88937,0,0.6033735188663996
depression,PennyLane VQC (4 qubits),1,88945,0,0.22915161553889607
depression,PennyLane VQC (4 qubits),1,88961,0,0.5622399786725432
depression,PennyLane VQC (4 qubits),1,88974,0,0.19914595368286225
depression,PennyLane VQC (4 qubits),1,88984,0,0.35700344357025915
depression,PennyLane VQC (4 qubits),1,89000,0,0.30630541646922715
depression,PennyLane VQC (4 qubits),1,89006,0,0.5164109513266768
depression,PennyLane VQC (4 qubits),1,89015,0,0.2585742200365553
depression,PennyLane VQC (4 qubits),1,89026,0,0.4984510864852905
depression,PennyLane VQC (4 qubits),1,89036,0,0.6069210053339842
depression,PennyLane VQC (4 qubits),1,89043,0,0.5003440092793617
depression,PennyLane VQC (4 qubits),1,89063,0,0.21687240514786188
depression,PennyLane VQC (4 qubits),1,89070,0,0.46942788696899596
depression,PennyLane VQC (4 qubits),1,89079,0,0.26285035327406814
depression,PennyLane VQC (4 qubits),1,89091,0,0.5410608031108807
depression,PennyLane VQC (4 qubits),1,89099,0,0.5009153900041086
depression,PennyLane VQC (4 qubits),1,89107,0,0.36242852571979345
depression,PennyLane VQC (4 qubits),1,89119,0,0.4744134011556069
depression,PennyLane VQC (4 qubits),1,89126,0,0.3793655992326589
depression,PennyLane VQC (4 qubits),1,89131,0,0.4627505780566257
depression,PennyLane VQC (4 qubits),1,89149,1,0.4708643682569748
depression,PennyLane VQC (4 qubits),1,89158,0,0.596949379479203
depression,PennyLane VQC (4 qubits),1,89166,0,0.495660151745267
depression,PennyLane VQC (4 qubits),1,89173,0,0.6027876709127273
depression,PennyLane VQC (4 qubits),1,89181,0,0.6565054759683381
depression,PennyLane VQC (4 qubits),1,89186,0,0.40008606188086937
depression,PennyLane VQC (4 qubits),1,89197,0,0.4167330505731157
depression,PennyLane VQC (4 qubits),1,89207,0,0.428908974846691
depression,PennyLane VQC (4 qubits),1,89223,0,0.6613484206380521
depression,PennyLane VQC (4 qubits),1,89234,0,0.15506368891083167
depression,PennyLane VQC (4 qubits),1,89248,0,0.3068640433519806
depression,PennyLane VQC (4 qubits),1,89259,0,0.43792501544811757
depression,PennyLane VQC (4 qubits),1,89267,0,0.4350748757309446
depression,PennyLane VQC (4 qubits),1,89273,0,0.10935345296237059
depression,PennyLane VQC (4 qubits),1,89284,0,0.5013738552664012
depression,PennyLane VQC (4 qubits),1,89293,0,0.48761036219485276
depression,PennyLane VQC (4 qubits),1,89303,0,0.29390425952303345
depression,PennyLane VQC (4 qubits),1,89311,0,0.5419847071764239
depression,PennyLane VQC (4 qubits),1,89320,0,0.783843251617703
depression,PennyLane VQC (4 qubits),1,89329,1,0.4251862446173088
depression,PennyLane VQC (4 qubits),1,89339,0,0.2306580284130848
depression,PennyLane VQC (4 qubits),1,89350,0,0.7010647178691842
depression,PennyLane VQC (4 qubits),1,89357,0,0.44468616553568485
depression,PennyLane VQC (4 qubits),1,89364,0,0.5228161916926171
depression,PennyLane VQC (4 qubits),1,89376,0,0.4665375208215101
depression,PennyLane VQC (4 qubits),1,89389,0,0.31541958990431224
depression,PennyLane VQC (4 qubits),1,89399,0,0.3625022371565476
depression,PennyLane VQC (4 qubits),1,89408,0,0.4156992605145665
depression,PennyLane VQC (4 qubits),1,89422,0,0.10263170192767151
depression,PennyLane VQC (4 qubits),1,89436,0,0.5492656230610189
depression,PennyLane VQC (4 qubits),1,89443,0,0.258302784577608
depression,PennyLane VQC (4 qubits),1,89455,0,0.40281786598764036
depression,PennyLane VQC (4 qubits),1,89470,0,0.6082262625809006
depression,PennyLane VQC (4 qubits),1,89475,0,0.5606983049267324
depression,PennyLane VQC (4 qubits),1,89488,0,0.816871653471392
depression,PennyLane VQC (4 qubits),1,89496,0,0.5072222441772671
depression,PennyLane VQC (4 qubits),1,89504,0,0.29053048370944434
depression,PennyLane VQC (4 qubits),1,89519,0,0.4588441822706728
depression,PennyLane VQC (4 qubits),1,89536,0,0.6957838872325481
depression,PennyLane VQC (4 qubits),1,89545,0,0.4911743040011157
depression,PennyLane VQC (4 qubits),1,89551,0,0.12457158551592307
depression,PennyLane VQC (4 qubits),1,89562,0,0.4378878097047026
depression,PennyLane VQC (4 qubits),1,89570,0,0.588426131483235
depression,PennyLane VQC (4 qubits),1,89578,0,0.29741666997182226
depression,PennyLane VQC (4 qubits),1,89584,0,0.17248796112159132
depression,PennyLane VQC (4 qubits),1,89589,0,0.41916757875262667
depression,PennyLane VQC (4 qubits),1,89596,0,0.20143579673568124
depression,PennyLane VQC (4 qubits),1,89604,0,0.43092742601676387
depression,PennyLane VQC (4 qubits),1,89609,0,0.5854568019006955
depression,PennyLane VQC (4 qubits),1,89616,0,0.5383442173757322
depression,PennyLane VQC (4 qubits),1,89623,1,0.5649755829379843
depression,PennyLane VQC (4 qubits),1,89635,0,0.45576183227788963
depression,PennyLane VQC (4 qubits),1,89642,0,0.5835060500896093
depression,PennyLane VQC (4 qubits),1,89648,0,0.5905408083969834
depression,PennyLane VQC (4 qubits),1,89654,0,0.19618590438988875
depression,PennyLane VQC (4 qubits),1,89662,0,0.603580845093022
depression,PennyLane VQC (4 qubits),1,89672,0,0.2900127828523392
depression,PennyLane VQC (4 qubits),1,89680,0,0.19441250023359746
depression,PennyLane VQC (4 qubits),1,89692,1,0.5217328271181068
depression,PennyLane VQC (4 qubits),1,89702,0,0.1658956093643058
depression,PennyLane VQC (4 qubits),1,89709,0,0.380401603679939
depression,PennyLane VQC (4 qubits),1,89719,0,0.674950183129686
depression,PennyLane VQC (4 qubits),1,89725,0,0.5286164080073832
depression,PennyLane VQC (4 qubits),1,89731,0,0.42090336308901044
depression,PennyLane VQC (4 qubits),1,89741,0,0.3173930177331934
depression,PennyLane VQC (4 qubits),1,89751,0,0.6484544790491473
depression,PennyLane VQC (4 qubits),1,89770,0,0.46427365715250546
depression,PennyLane VQC (4 qubits),1,89786,0,0.34766659258160826
depression,PennyLane VQC (4 qubits),1,89792,0,0.5903848847958525
depression,PennyLane VQC (4 qubits),1,89799,0,0.3304242753071722
depression,PennyLane VQC (4 qubits),1,89802,0,0.46187780935021544
depression,PennyLane VQC (4 qubits),1,89807,0,0.6063898622531279
depression,PennyLane VQC (4 qubits),1,89820,0,0.5040642848687902
depression,PennyLane VQC (4 qubits),1,89829,0,0.5512516405058122
depression,PennyLane VQC (4 qubits),1,89839,0,0.5268841726991064
depression,PennyLane VQC (4 qubits),1,89846,0,0.2489825323967073
depression,PennyLane VQC (4 qubits),1,89853,0,0.31651014002434197
depression,PennyLane VQC (4 qubits),1,89864,0,0.47256629046786874
depression,PennyLane VQC (4 qubits),1,89883,0,0.20304784680175547
depression,PennyLane VQC (4 qubits),1,89892,0,0.4747135342130967
depression,PennyLane VQC (4 qubits),1,89902,0,0.4078159539896814
depression,PennyLane VQC (4 qubits),1,89913,0,0.40207914046224663
depression,PennyLane VQC (4 qubits),1,89927,0,0.4491640758964443
depression,PennyLane VQC (4 qubits),1,89939,0,0.5770344313505306
depression,PennyLane VQC (4 qubits),1,89950,0,0.49052324818360044
depression,PennyLane VQC (4 qubits),1,89957,0,0.5105236228484396
depression,PennyLane VQC (4 qubits),1,89964,0,0.30485184185258707
depression,PennyLane VQC (4 qubits),1,89975,0,0.41692625063455024
depression,PennyLane VQC (4 qubits),1,89981,0,0.5319621163410184
depression,PennyLane VQC (4 qubits),1,89993,0,0.5567526438609665
depression,PennyLane VQC (4 qubits),1,90001,0,0.3523060787511973
depression,PennyLane VQC (4 qubits),1,90008,0,0.4242562711307608
depression,PennyLane VQC (4 qubits),1,90017,0,0.4419010728858961
depression,PennyLane VQC (4 qubits),1,90030,0,0.3870290433926138
depression,PennyLane VQC (4 qubits),1,90036,0,0.3095332274801684
depression,PennyLane VQC (4 qubits),1,90050,0,0.3532878960223932
depression,PennyLane VQC (4 qubits),1,90061,0,0.5742118626793801
depression,PennyLane VQC (4 qubits),1,90068,0,0.485504856871128
depression,PennyLane VQC (4 qubits),1,90073,0,0.36868346856270584
depression,PennyLane VQC (4 qubits),1,90078,0,0.4903295308477557
depression,PennyLane VQC (4 qubits),1,90089,0,0.49932197021622926
depression,PennyLane VQC (4 qubits),1,90096,0,0.547918571119934
depression,PennyLane VQC (4 qubits),1,90107,0,0.42044783979316636
depression,PennyLane VQC (4 qubits),1,90115,0,0.2034417398792987
depression,PennyLane VQC (4 qubits),1,90122,0,0.4811827937521649
depression,PennyLane VQC (4 qubits),1,90138,0,0.5382224370916588
depression,PennyLane VQC (4 qubits),1,90144,0,0.3858815459198712
depression,PennyLane VQC (4 qubits),1,90153,0,0.5558101420501425
depression,PennyLane VQC (4 qubits),1,90163,0,0.656041128365674
depression,PennyLane VQC (4 qubits),1,90174,0,0.4394042438042634
depression,PennyLane VQC (4 qubits),1,90184,0,0.3316513169899531
depression,PennyLane VQC (4 qubits),1,90190,0,0.6208063358043602
depression,PennyLane VQC (4 qubits),1,90204,0,0.5412051423680554
depression,PennyLane VQC (4 qubits),1,90221,0,0.49426550858393786
depression,PennyLane VQC (4 qubits),1,90240,0,0.4153938942090737
depression,PennyLane VQC (4 qubits),1,90247,0,0.5523108999479276
depression,PennyLane VQC (4 qubits),1,90257,0,0.52022019606156
depression,PennyLane VQC (4 qubits),1,90263,0,0.48761738165553403
depression,PennyLane VQC (4 qubits),1,90276,0,0.24170319853703676
depression,PennyLane VQC (4 qubits),1,90282,1,0.38637220966853125
depression,PennyLane VQC (4 qubits),1,90294,0,0.5046808772172025
depression,PennyLane VQC (4 qubits),1,90303,0,0.5105595389512372
depression,PennyLane VQC (4 qubits),1,90315,0,0.46380983208385734
depression,PennyLane VQC (4 qubits),1,90322,0,0.16637607018096756
depression,PennyLane VQC (4 qubits),1,90328,0,0.34939345962800356
depression,PennyLane VQC (4 qubits),1,90338,0,0.20143579673568124
depression,PennyLane VQC (4 qubits),1,90346,0,0.32827366483395815
depression,PennyLane VQC (4 qubits),1,90353,1,0.5154418319962584
depression,PennyLane VQC (4 qubits),1,90361,0,0.10509584067627153
depression,PennyLane VQC (4 qubits),1,90369,0,0.5291467820354645
depression,PennyLane VQC (4 qubits),1,90380,0,0.1565006286620207
depression,PennyLane VQC (4 qubits),1,90393,0,0.3271036127461868
depression,PennyLane VQC (4 qubits),1,90399,0,0.46408668213826176
depression,PennyLane VQC (4 qubits),1,90413,0,0.5455037306253909
depression,PennyLane VQC (4 qubits),1,90426,0,0.5611072219897325
depression,PennyLane VQC (4 qubits),1,90439,0,0.2515882817360188
depression,PennyLane VQC (4 qubits),1,90454,0,0.18909145671047095
depression,PennyLane VQC (4 qubits),1,90463,0,0.5448269924492963
depression,PennyLane VQC (4 qubits),1,90470,0,0.6075329051114875
depression,PennyLane VQC (4 qubits),1,90482,0,0.2250342009224312
depression,PennyLane VQC (4 qubits),1,90495,0,0.4212020606800801
depression,PennyLane VQC (4 qubits),1,90502,0,0.24525203912678317
depression,PennyLane VQC (4 qubits),1,90514,0,0.3237416021019446
depression,PennyLane VQC (4 qubits),1,90519,0,0.32037587615383745
depression,PennyLane VQC (4 qubits),1,90526,0,0.14321688831388274
depression,PennyLane VQC (4 qubits),1,90533,0,0.24561732062444058
depression,PennyLane VQC (4 qubits),1,90542,0,0.5323462203546412
depression,PennyLane VQC (4 qubits),1,90555,0,0.33709440443421634
depression,PennyLane VQC (4 qubits),1,90566,0,0.45552981337229714
depression,PennyLane VQC (4 qubits),1,90577,0,0.45539990994323415
depression,PennyLane VQC (4 qubits),1,90586,0,0.17021973174544014
depression,PennyLane VQC (4 qubits),1,90594,0,0.6455698754982832
depression,PennyLane VQC (4 qubits),1,90607,0,0.4149474110349928
depression,PennyLane VQC (4 qubits),1,90613,0,0.5252297029785817
depression,PennyLane VQC (4 qubits),1,90624,0,0.14347143597425116
depression,PennyLane VQC (4 qubits),1,90633,0,0.5031008071031569
depression,PennyLane VQC (4 qubits),1,90642,0,0.5265244622809662
depression,PennyLane VQC (4 qubits),1,90650,0,0.6144674056104391
depression,PennyLane VQC (4 qubits),1,90655,0,0.23648343376250258
depression,PennyLane VQC (4 qubits),1,90664,0,0.11433767691055707
depression,PennyLane VQC (4 qubits),1,90671,1,0.5615805649630602
depression,PennyLane VQC (4 qubits),1,90677,0,0.5883268848085914
depression,PennyLane VQC (4 qubits),1,90688,0,0.6334963780655934
depression,PennyLane VQC (4 qubits),1,90696,0,0.4069883526429765
depression,PennyLane VQC (4 qubits),1,90707,1,0.5831048632764968
depression,PennyLane VQC (4 qubits),1,90718,0,0.4639284489241419
depression,PennyLane VQC (4 qubits),1,90724,0,0.5767207998972399
depression,PennyLane VQC (4 qubits),1,90744,0,0.13959935458596606
depression,PennyLane VQC (4 qubits),1,90752,0,0.5863341200549352
depression,PennyLane VQC (4 qubits),1,90768,0,0.603163379663091
depression,PennyLane VQC (4 qubits),1,90783,0,0.563307380190433
depression,PennyLane VQC (4 qubits),1,90789,0,0.537672511360101
depression,PennyLane VQC (4 qubits),1,90796,0,0.3388139209332113
depression,PennyLane VQC (4 qubits),1,90804,0,0.26194677745908523
depression,PennyLane VQC (4 qubits),1,90813,0,0.500485636660042
depression,PennyLane VQC (4 qubits),1,90824,0,0.6636254506257477
depression,PennyLane VQC (4 qubits),1,90835,0,0.5222202331391895
depression,PennyLane VQC (4 qubits),1,90846,0,0.49771200389653103
depression,PennyLane VQC (4 qubits),1,90852,0,0.31793637594208757
depression,PennyLane VQC (4 qubits),1,90863,0,0.6571159301433014
depression,PennyLane VQC (4 qubits),1,90873,0,0.5109397962033746
depression,PennyLane VQC (4 qubits),1,90886,0,0.5554651417837166
depression,PennyLane VQC (4 qubits),1,90892,0,0.26896613932925656
depression,PennyLane VQC (4 qubits),1,90902,0,0.31794964007264886
depression,PennyLane VQC (4 qubits),1,90911,0,0.22878086552583504
depression,PennyLane VQC (4 qubits),1,90917,0,0.49751093771083743
depression,PennyLane VQC (4 qubits),1,90925,0,0.22917826999896845
depression,PennyLane VQC (4 qubits),1,90931,0,0.4743944328729251
depression,PennyLane VQC (4 qubits),1,90941,0,0.4914616944336019
depression,PennyLane VQC (4 qubits),1,90951,0,0.4186698638813338
depression,PennyLane VQC (4 qubits),1,90964,0,0.49376504523085507
depression,PennyLane VQC (4 qubits),1,90971,0,0.5749117358842658
depression,PennyLane VQC (4 qubits),1,90980,0,0.39454077976846935
depression,PennyLane VQC (4 qubits),1,90990,1,0.277698056339947
depression,PennyLane VQC (4 qubits),1,90995,0,0.6237139407297245
depression,PennyLane VQC (4 qubits),1,91008,0,0.23342196632264195
depression,PennyLane VQC (4 qubits),1,91018,0,0.4878485161129714
depression,PennyLane VQC (4 qubits),1,91028,0,0.5579122911026799
depression,PennyLane VQC (4 qubits),1,91039,0,0.24071632639157986
depression,PennyLane VQC (4 qubits),1,91046,0,0.5518703156889571
depression,PennyLane VQC (4 qubits),1,91054,0,0.6168256328959019
depression,PennyLane VQC (4 qubits),1,91065,0,0.6469977932763283
depression,PennyLane VQC (4 qubits),1,91077,0,0.566611832459533
depression,PennyLane VQC (4 qubits),1,91087,0,0.39360553950443145
depression,PennyLane VQC (4 qubits),1,91099,0,0.5463344810632524
depression,PennyLane VQC (4 qubits),1,91111,0,0.3932756777548101
depression,PennyLane VQC (4 qubits),1,91126,0,0.6428356831633366
depression,PennyLane VQC (4 qubits),1,91133,0,0.4022786361170686
depression,PennyLane VQC (4 qubits),1,91146,0,0.5039221060591862
depression,PennyLane VQC (4 qubits),1,91159,0,0.47365940011164925
depression,PennyLane VQC (4 qubits),1,91166,0,0.32640755234406504
depression,PennyLane VQC (4 qubits),1,91176,0,0.2835476040750674
depression,PennyLane VQC (4 qubits),1,91187,0,0.6234497348168367
depression,PennyLane VQC (4 qubits),1,91197,0,0.5496771717503488
depression,PennyLane VQC (4 qubits),1,91211,0,0.6117726433494642
depression,PennyLane VQC (4 qubits),1,91220,0,0.594121112090441
depression,PennyLane VQC (4 qubits),1,91232,0,0.208453011599656
depression,PennyLane VQC (4 qubits),1,91247,0,0.5588430732168876
depression,PennyLane VQC (4 qubits),1,91258,0,0.20524756148187662
depression,PennyLane VQC (4 qubits),1,91267,0,0.4866075213364317
depression,PennyLane VQC (4 qubits),1,91275,0,0.23692534425761197
depression,PennyLane VQC (4 qubits),1,91285,0,0.29960284041394586
depression,PennyLane VQC (4 qubits),1,91295,0,0.48720513618296124
depression,PennyLane VQC (4 qubits),1,91310,0,0.5118356613306339
depression,PennyLane VQC (4 qubits),1,91319,0,0.44456521422045603
depression,PennyLane VQC (4 qubits),1,91328,0,0.5338161612978138
depression,PennyLane VQC (4 qubits),1,91336,0,0.12046471130689407
depression,PennyLane VQC (4 qubits),1,91344,0,0.5188713611159294
depression,PennyLane VQC (4 qubits),1,91353,0,0.5699920023474508
depression,PennyLane VQC (4 qubits),1,91359,0,0.3095556405374016
depression,PennyLane VQC (4 qubits),1,91365,0,0.43052192940677136
depression,PennyLane VQC (4 qubits),1,91373,0,0.35741806244974683
depression,PennyLane VQC (4 qubits),1,91391,0,0.5047098568817524
depression,PennyLane VQC (4 qubits),1,91399,0,0.5508258147765508
depression,PennyLane VQC (4 qubits),1,91408,1,0.3643775838413161
depression,PennyLane VQC (4 qubits),1,91420,0,0.5963405558385014
depression,PennyLane VQC (4 qubits),1,91428,0,0.15457776902381465
depression,PennyLane VQC (4 qubits),1,91438,0,0.495824082044635
depression,PennyLane VQC (4 qubits),1,91447,0,0.5221769015857411
depression,PennyLane VQC (4 qubits),1,91453,0,0.45697787595636596
depression,PennyLane VQC (4 qubits),1,91469,0,0.4189321565910239
depression,PennyLane VQC (4 qubits),1,91478,0,0.5636154026954259
depression,PennyLane VQC (4 qubits),1,91485,1,0.5194560982580628
depression,PennyLane VQC (4 qubits),1,91493,0,0.5360766062452988
depression,PennyLane VQC (4 qubits),1,91507,0,0.4144101854934102
depression,PennyLane VQC (4 qubits),1,91518,0,0.2811419959898598
depression,PennyLane VQC (4 qubits),1,91529,0,0.3521732670663569
depression,PennyLane VQC (4 qubits),1,91538,0,0.616079876663532
depression,PennyLane VQC (4 qubits),1,91550,0,0.39639827357217006
depression,PennyLane VQC (4 qubits),1,91560,0,0.49206298764850365
depression,PennyLane VQC (4 qubits),1,91568,1,0.5462322996272132
depression,PennyLane VQC (4 qubits),1,91582,0,0.5443411839511776
depression,PennyLane VQC (4 qubits),1,91589,0,0.6251544846225937
depression,PennyLane VQC (4 qubits),1,91599,0,0.45822520974984027
depression,PennyLane VQC (4 qubits),1,91609,0,0.4946092519225769
depression,PennyLane VQC (4 qubits),1,91618,0,0.5390809323091039
depression,PennyLane VQC (4 qubits),1,91626,0,0.4829992858613242
depression,PennyLane VQC (4 qubits),1,91632,1,0.4102401147709819
depression,PennyLane VQC (4 qubits),1,91638,0,0.6009869574928794
depression,PennyLane VQC (4 qubits),1,91654,0,0.5268743920432973
depression,PennyLane VQC (4 qubits),1,91667,0,0.3792435858962873
depression,PennyLane VQC (4 qubits),1,91673,1,0.5192975246805047
depression,PennyLane VQC (4 qubits),1,91681,0,0.5201759249229695
depression,PennyLane VQC (4 qubits),1,91699,0,0.5703882777115502
depression,PennyLane VQC (4 qubits),1,91711,0,0.533511976999675
depression,PennyLane VQC (4 qubits),1,91716,0,0.21820453494421033
depression,PennyLane VQC (4 qubits),1,91726,0,0.21369780026044072
depression,PennyLane VQC (4 qubits),1,91730,0,0.5553138684483083
depression,PennyLane VQC (4 qubits),1,91738,0,0.28548037338588744
depression,PennyLane VQC (4 qubits),1,91747,0,0.49059070414259387
depression,PennyLane VQC (4 qubits),1,91756,0,0.460643269413723
depression,PennyLane VQC (4 qubits),1,91771,0,0.5377324113423085
depression,PennyLane VQC (4 qubits),1,91784,0,0.44942062189118875
depression,PennyLane VQC (4 qubits),1,91790,0,0.36707772347422585
depression,PennyLane VQC (4 qubits),1,91796,0,0.4296911454248784
depression,PennyLane VQC (4 qubits),1,91807,0,0.2885403297481427
depression,PennyLane VQC (4 qubits),1,91814,0,0.5352397814995493
depression,PennyLane VQC (4 qubits),1,91820,0,0.3176649739395437
depression,PennyLane VQC (4 qubits),1,91830,0,0.6434400469618493
depression,PennyLane VQC (4 qubits),1,91837,0,0.43216465544930693
depression,PennyLane VQC (4 qubits),1,91843,0,0.37079353213532207
depression,PennyLane VQC (4 qubits),1,91853,1,0.4832598392416508
depression,PennyLane VQC (4 qubits),1,91862,0,0.2151284489972774
depression,PennyLane VQC (4 qubits),1,91871,0,0.5265688691145386
depression,PennyLane VQC (4 qubits),1,91887,0,0.4584443139773156
depression,PennyLane VQC (4 qubits),1,91894,0,0.6310608208448677
depression,PennyLane VQC (4 qubits),1,91903,0,0.6836800125878775
depression,PennyLane VQC (4 qubits),1,91915,0,0.43812375019335026
depression,PennyLane VQC (4 qubits),1,91924,0,0.622761580729267
depression,PennyLane VQC (4 qubits),1,91932,0,0.6559175576469712
depression,PennyLane VQC (4 qubits),1,91947,0,0.3808177817931501
depression,PennyLane VQC (4 qubits),1,91957,0,0.21618073052649595
depression,PennyLane VQC (4 qubits),1,91968,0,0.4338259319833597
depression,PennyLane VQC (4 qubits),1,91976,0,0.343093276511915
depression,PennyLane VQC (4 qubits),1,91985,0,0.5344333962020303
depression,PennyLane VQC (4 qubits),1,91995,0,0.5219215542037458
depression,PennyLane VQC (4 qubits),1,92003,0,0.22026334367173317
depression,PennyLane VQC (4 qubits),1,92019,0,0.42355461880146517
depression,PennyLane VQC (4 qubits),1,92026,0,0.5365238902749062
depression,PennyLane VQC (4 qubits),1,92041,1,0.23364736650834028
depression,PennyLane VQC (4 qubits),1,92049,0,0.6186261320782578
depression,PennyLane VQC (4 qubits),1,92058,0,0.4660372606991373
depression,PennyLane VQC (4 qubits),1,92069,0,0.42632542034455295
depression,PennyLane VQC (4 qubits),1,92083,0,0.39361954415402733
depression,PennyLane VQC (4 qubits),1,92090,0,0.22712905892756918
depression,PennyLane VQC (4 qubits),1,92101,0,0.49746434917298055
depression,PennyLane VQC (4 qubits),1,92106,0,0.6122288283416718
depression,PennyLane VQC (4 qubits),1,92116,0,0.41944559415874844
depression,PennyLane VQC (4 qubits),1,92124,0,0.549145279564978
depression,PennyLane VQC (4 qubits),1,92132,0,0.40643181803541084
depression,PennyLane VQC (4 qubits),1,92139,0,0.4960069810379024
depression,PennyLane VQC (4 qubits),1,92149,0,0.2621851379751063
depression,PennyLane VQC (4 qubits),1,92159,0,0.2151284489972774
depression,PennyLane VQC (4 qubits),1,92174,1,0.4735620875608069
depression,PennyLane VQC (4 qubits),1,92188,1,0.3325287951319822
depression,PennyLane VQC (4 qubits),1,92200,0,0.6912218460358448
depression,PennyLane VQC (4 qubits),1,92210,0,0.16577250194850712
depression,PennyLane VQC (4 qubits),1,92219,0,0.44348974105366135
depression,PennyLane VQC (4 qubits),1,92226,0,0.41271549159888554
depression,PennyLane VQC (4 qubits),1,92239,0,0.44593495571931047
depression,PennyLane VQC (4 qubits),1,92252,1,0.4585503290909331
depression,PennyLane VQC (4 qubits),1,92255,0,0.5307867887426821
depression,PennyLane VQC (4 qubits),1,92262,0,0.39745966260787324
depression,PennyLane VQC (4 qubits),1,92277,0,0.4964350351962857
depression,PennyLane VQC (4 qubits),1,92287,0,0.13566793782989472
depression,PennyLane VQC (4 qubits),1,92298,0,0.6151532690977721
depression,PennyLane VQC (4 qubits),1,92312,1,0.37617052807267937
depression,PennyLane VQC (4 qubits),1,92331,0,0.46342146412554347
depression,PennyLane VQC (4 qubits),1,92345,0,0.1982570709235829
depression,PennyLane VQC (4 qubits),1,92353,1,0.6659189291023679
depression,PennyLane VQC (4 qubits),1,92362,0,0.19938058543582127
depression,PennyLane VQC (4 qubits),1,92369,1,0.23661190358216133
depression,PennyLane VQC (4 qubits),1,92377,0,0.47466951742673036
depression,PennyLane VQC (4 qubits),1,92394,1,0.5447286818050777
depression,PennyLane VQC (4 qubits),1,92403,0,0.5479657345214247
depression,PennyLane VQC (4 qubits),1,92409,0,0.5841185560407995
depression,PennyLane VQC (4 qubits),1,92417,0,0.4797202483756581
depression,PennyLane VQC (4 qubits),1,92424,0,0.42072829991264016
depression,PennyLane VQC (4 qubits),1,92435,0,0.500200648568351
depression,PennyLane VQC (4 qubits),1,92443,0,0.399784869067641
depression,PennyLane VQC (4 qubits),1,92455,0,0.5421306403026825
depression,PennyLane VQC (4 qubits),1,92475,0,0.5394524935030294
depression,PennyLane VQC (4 qubits),1,92486,0,0.4212307094298282
depression,PennyLane VQC (4 qubits),1,92496,0,0.318018241571251
depression,PennyLane VQC (4 qubits),1,92504,0,0.508732306631277
depression,PennyLane VQC (4 qubits),1,92511,0,0.21895591801120862
depression,PennyLane VQC (4 qubits),1,92524,0,0.5767615922104978
depression,PennyLane VQC (4 qubits),1,92531,0,0.131036883625674
depression,PennyLane VQC (4 qubits),1,92539,0,0.5123259081639541
depression,PennyLane VQC (4 qubits),1,92545,0,0.49376504523085507
depression,PennyLane VQC (4 qubits),1,92555,1,0.485604544246774
depression,PennyLane VQC (4 qubits),1,92562,0,0.5704491246034396
depression,PennyLane VQC (4 qubits),1,92570,1,0.15563707217760814
depression,PennyLane VQC (4 qubits),1,92586,0,0.5122850582011962
depression,PennyLane VQC (4 qubits),1,92595,0,0.21210209082594883
depression,PennyLane VQC (4 qubits),1,92604,0,0.33483111983524383
depression,PennyLane VQC (4 qubits),1,92614,0,0.5197141349463295
depression,PennyLane VQC (4 qubits),1,92622,1,0.4152276700602816
depression,PennyLane VQC (4 qubits),1,92631,0,0.20045570825939701
depression,PennyLane VQC (4 qubits),1,92644,0,0.5918808095659475
depression,PennyLane VQC (4 qubits),1,92656,0,0.48004261055546427
depression,PennyLane VQC (4 qubits),1,92664,0,0.5034878563210239
depression,PennyLane VQC (4 qubits),1,92675,0,0.40178701876899625
depression,PennyLane VQC (4 qubits),1,92684,0,0.310047052669738
depression,PennyLane VQC (4 qubits),1,92692,0,0.4707597532560671
depression,PennyLane VQC (4 qubits),1,92702,0,0.4983577505905751
depression,PennyLane VQC (4 qubits),1,92714,0,0.48052322510846923
depression,PennyLane VQC (4 qubits),1,92724,0,0.23096985394181357
depression,PennyLane VQC (4 qubits),1,92732,0,0.18590106600529277
depression,PennyLane VQC (4 qubits),1,92744,0,0.5686692880148794
depression,PennyLane VQC (4 qubits),1,92758,0,0.5623642922551912
depression,PennyLane VQC (4 qubits),1,92768,0,0.6063560478797043
depression,PennyLane VQC (4 qubits),1,92782,0,0.38460283553112606
depression,PennyLane VQC (4 qubits),1,92793,0,0.23529865890451712
depression,PennyLane VQC (4 qubits),1,92804,0,0.5362205688731561
depression,PennyLane VQC (4 qubits),1,92815,0,0.22742111822143918
depression,PennyLane VQC (4 qubits),1,92819,0,0.46376729508501113
depression,PennyLane VQC (4 qubits),1,92827,0,0.3683124327257141
depression,PennyLane VQC (4 qubits),1,92835,0,0.21986138056039717
depression,PennyLane VQC (4 qubits),1,92847,0,0.2306875872063041
depression,PennyLane VQC (4 qubits),1,92856,0,0.5730964694009225
depression,PennyLane VQC (4 qubits),1,92874,0,0.6491231812001192
depression,PennyLane VQC (4 qubits),1,92884,0,0.2275098538478365
depression,PennyLane VQC (4 qubits),1,92893,0,0.41809695127545016
depression,PennyLane VQC (4 qubits),1,92900,0,0.42555638275281826
depression,PennyLane VQC (4 qubits),1,92907,0,0.6575880880749071
depression,PennyLane VQC (4 qubits),1,92914,0,0.3874176194624276
depression,PennyLane VQC (4 qubits),1,92920,0,0.2559538400637119
depression,PennyLane VQC (4 qubits),1,92923,0,0.22577973101398158
depression,PennyLane VQC (4 qubits),1,92936,0,0.4087527376721177
depression,PennyLane VQC (4 qubits),1,92946,0,0.3088737870329533
depression,PennyLane VQC (4 qubits),1,92953,0,0.4742084116553927
depression,PennyLane VQC (4 qubits),1,92961,0,0.23577625887090636
depression,PennyLane VQC (4 qubits),1,92974,0,0.630959891472441
depression,PennyLane VQC (4 qubits),1,92984,0,0.38211706992964645
depression,PennyLane VQC (4 qubits),1,92989,0,0.5270780392963348
depression,PennyLane VQC (4 qubits),1,92995,1,0.4922376766355047
depression,PennyLane VQC (4 qubits),1,93003,0,0.4964570759825556
depression,PennyLane VQC (4 qubits),1,93011,0,0.5548554049196505
depression,PennyLane VQC (4 qubits),1,93016,0,0.5064126183689028
depression,PennyLane VQC (4 qubits),1,93026,0,0.2980011291868138
depression,PennyLane VQC (4 qubits),1,93039,0,0.34887045311151565
depression,PennyLane VQC (4 qubits),1,93049,0,0.5076201999220036
depression,PennyLane VQC (4 qubits),1,93054,0,0.5767961607249569
depression,PennyLane VQC (4 qubits),1,93070,0,0.5499484505682952
depression,PennyLane VQC (4 qubits),1,93076,0,0.34226030155450415
depression,PennyLane VQC (4 qubits),1,93086,0,0.5443411839511776
depression,PennyLane VQC (4 qubits),1,93094,0,0.4885599804977755
depression,PennyLane VQC (4 qubits),1,93101,0,0.3926414939936619
depression,PennyLane VQC (4 qubits),1,93113,0,0.42885927629674303
depression,PennyLane VQC (4 qubits),1,93122,0,0.41189088239399274
depression,PennyLane VQC (4 qubits),1,93139,0,0.822886601725815
depression,PennyLane VQC (4 qubits),1,93146,0,0.5612461692782985
depression,PennyLane VQC (4 qubits),1,93161,0,0.5948200011195572
depression,PennyLane VQC (4 qubits),1,93173,1,0.538286714727689
depression,PennyLane VQC (4 qubits),1,93183,0,0.2944609972096438
depression,PennyLane VQC (4 qubits),1,93192,0,0.5700300775931751
depression,PennyLane VQC (4 qubits),1,93203,0,0.48761036219485276
depression,PennyLane VQC (4 qubits),1,93210,0,0.6271593093059027
depression,PennyLane VQC (4 qubits),1,93222,1,0.23432543530480066
depression,PennyLane VQC (4 qubits),1,93238,0,0.3928719609416922
depression,PennyLane VQC (4 qubits),1,93245,0,0.5120824427836045
depression,PennyLane VQC (4 qubits),1,93261,1,0.4105250376046057
depression,PennyLane VQC (4 qubits),1,93268,1,0.426712088931403
depression,PennyLane VQC (4 qubits),1,93276,0,0.23953766511930286
depression,PennyLane VQC (4 qubits),1,93282,0,0.4902008269011131
depression,PennyLane VQC (4 qubits),1,93290,1,0.5934613783167422
depression,PennyLane VQC (4 qubits),1,93303,1,0.489687412359212
depression,PennyLane VQC (4 qubits),1,93310,0,0.6107438656374471
depression,PennyLane VQC (4 qubits),1,93324,0,0.4242309382035832
depression,PennyLane VQC (4 qubits),1,93327,0,0.35232803817232194
depression,PennyLane VQC (4 qubits),1,93337,0,0.3328827552862329
depression,PennyLane VQC (4 qubits),1,93348,0,0.4780538027187478
depression,PennyLane VQC (4 qubits),1,93355,0,0.5470115360315213
depression,PennyLane VQC (4 qubits),1,93366,0,0.4184820103433923
depression,PennyLane VQC (4 qubits),1,93373,0,0.5099228654641754
depression,PennyLane VQC (4 qubits),1,93390,0,0.5695598651078798
depression,PennyLane VQC (4 qubits),1,93407,0,0.27108606220822173
depression,PennyLane VQC (4 qubits),1,93419,0,0.45552981337229714
depression,PennyLane VQC (4 qubits),1,93430,0,0.12885144505603863
depression,PennyLane VQC (4 qubits),1,93442,0,0.12865070147103952
depression,PennyLane VQC (4 qubits),1,93445,0,0.3134357123889978
depression,PennyLane VQC (4 qubits),1,93456,0,0.570518834755605
depression,PennyLane VQC (4 qubits),1,93473,0,0.24912393992385007
depression,PennyLane VQC (4 qubits),1,93483,0,0.6245677089310829
depression,PennyLane VQC (4 qubits),1,93492,0,0.5231771718233769
depression,PennyLane VQC (4 qubits),1,93498,1,0.6451695177799132
depression,PennyLane VQC (4 qubits),1,93509,0,0.23114698391394162
depression,PennyLane VQC (4 qubits),1,93518,0,0.496132411943654
depression,PennyLane VQC (4 qubits),1,93531,0,0.6281750213715696
depression,PennyLane VQC (4 qubits),1,93540,0,0.31898193107939343
depression,PennyLane VQC (4 qubits),1,93554,0,0.4527707893354572
depression,PennyLane VQC (4 qubits),1,93562,0,0.11982440148805562
depression,PennyLane VQC (4 qubits),1,93568,0,0.5055503017404819
depression,PennyLane VQC (4 qubits),1,93578,0,0.6138377291131599
depression,PennyLane VQC (4 qubits),1,93591,0,0.2538923255470433
depression,PennyLane VQC (4 qubits),1,93600,0,0.27144434270560935
depression,PennyLane VQC (4 qubits),1,93610,0,0.3072408320600789
depression,PennyLane VQC (4 qubits),1,93621,0,0.483542309673601
depression,PennyLane VQC (4 qubits),1,93631,0,0.34071486011057656
depression,PennyLane VQC (4 qubits),1,93640,0,0.46207060806474193
depression,PennyLane VQC (4 qubits),1,93653,0,0.4180374273641582
depression,PennyLane VQC (4 qubits),1,93661,0,0.1735021227543394
depression,PennyLane VQC (4 qubits),1,93671,0,0.4081823589366325
depression,PennyLane VQC (4 qubits),1,93679,0,0.31561271140026104
depression,PennyLane VQC (4 qubits),1,93691,0,0.5808115937922017
depression,PennyLane VQC (4 qubits),1,93695,0,0.36108756723056734
depression,PennyLane VQC (4 qubits),2,83734,0,0.3418438852401351
depression,PennyLane VQC (4 qubits),2,83742,0,0.3618480705525849
depression,PennyLane VQC (4 qubits),2,83754,0,0.39933753035026337
depression,PennyLane VQC (4 qubits),2,83767,0,0.46047610350491
depression,PennyLane VQC (4 qubits),2,83781,0,0.4154484459405325
depression,PennyLane VQC (4 qubits),2,83789,0,0.496821771124323
depression,PennyLane VQC (4 qubits),2,83812,0,0.22709350044299248
depression,PennyLane VQC (4 qubits),2,83820,0,0.38822483830349785
depression,PennyLane VQC (4 qubits),2,83829,0,0.566428219535973
depression,PennyLane VQC (4 qubits),2,83843,0,0.13323531417624335
depression,PennyLane VQC (4 qubits),2,83851,0,0.5664135889929205
depression,PennyLane VQC (4 qubits),2,83862,0,0.1226585578427159
depression,PennyLane VQC (4 qubits),2,83869,1,0.3345936807950251
depression,PennyLane VQC (4 qubits),2,83876,0,0.4031400264967734
depression,PennyLane VQC (4 qubits),2,83886,0,0.30949356990985255
depression,PennyLane VQC (4 qubits),2,83894,1,0.6069513500027969
depression,PennyLane VQC (4 qubits),2,83900,1,0.6010135772048204
depression,PennyLane VQC (4 qubits),2,83911,0,0.5991043085849448
depression,PennyLane VQC (4 qubits),2,83920,0,0.5451514638224165
depression,PennyLane VQC (4 qubits),2,83931,1,0.4418293897490454
depression,PennyLane VQC (4 qubits),2,83944,0,0.36850180016288364
depression,PennyLane VQC (4 qubits),2,83951,0,0.2055594129991355
depression,PennyLane VQC (4 qubits),2,83959,0,0.1492744045781721
depression,PennyLane VQC (4 qubits),2,83965,0,0.5402348595170079
depression,PennyLane VQC (4 qubits),2,83976,0,0.17479639203331765
depression,PennyLane VQC (4 qubits),2,83988,0,0.3146928927069652
depression,PennyLane VQC (4 qubits),2,83995,0,0.4749194229504705
depression,PennyLane VQC (4 qubits),2,84005,0,0.38393251811025864
depression,PennyLane VQC (4 qubits),2,84014,0,0.6241647694767853
depression,PennyLane VQC (4 qubits),2,84021,0,0.31019966589918696
depression,PennyLane VQC (4 qubits),2,84028,0,0.5405733908593932
depression,PennyLane VQC (4 qubits),2,84034,0,0.2936269375361545
depression,PennyLane VQC (4 qubits),2,84042,0,0.4346553115561401
depression,PennyLane VQC (4 qubits),2,84055,0,0.5464658120100865
depression,PennyLane VQC (4 qubits),2,84068,0,0.45477502372587886
depression,PennyLane VQC (4 qubits),2,84075,0,0.5574727500588731
depression,PennyLane VQC (4 qubits),2,84088,0,0.5839089040886073
depression,PennyLane VQC (4 qubits),2,84099,0,0.6094472608021367
depression,PennyLane VQC (4 qubits),2,84109,0,0.496821771124323
depression,PennyLane VQC (4 qubits),2,84111,0,0.6149572453891842
depression,PennyLane VQC (4 qubits),2,84120,0,0.5316020762361983
depression,PennyLane VQC (4 qubits),2,84129,0,0.41713574093791045
depression,PennyLane VQC (4 qubits),2,84142,0,0.3784394369184629
depression,PennyLane VQC (4 qubits),2,84157,0,0.5913880753764573
depression,PennyLane VQC (4 qubits),2,84169,0,0.5684093051045925
depression,PennyLane VQC (4 qubits),2,84174,0,0.5608970006956524
depression,PennyLane VQC (4 qubits),2,84187,0,0.46361639639063656
depression,PennyLane VQC (4 qubits),2,84195,0,0.6019692623630378
depression,PennyLane VQC (4 qubits),2,84203,0,0.3549122569180806
depression,PennyLane VQC (4 qubits),2,84219,0,0.36133796518759703
depression,PennyLane VQC (4 qubits),2,84226,0,0.5505978738535672
depression,PennyLane VQC (4 qubits),2,84232,0,0.523097585423622
depression,PennyLane VQC (4 qubits),2,84241,1,0.515162084929712
depression,PennyLane VQC (4 qubits),2,84260,0,0.5053336622080511
depression,PennyLane VQC (4 qubits),2,84276,0,0.2537384243129219
depression,PennyLane VQC (4 qubits),2,84287,0,0.3420609614611894
depression,PennyLane VQC (4 qubits),2,84295,0,0.5386946319755843
depression,PennyLane VQC (4 qubits),2,84302,0,0.14048649032026578
depression,PennyLane VQC (4 qubits),2,84316,0,0.587314052954114
depression,PennyLane VQC (4 qubits),2,84329,0,0.4970302074301246
depression,PennyLane VQC (4 qubits),2,84347,0,0.46058221155487433
depression,PennyLane VQC (4 qubits),2,84359,0,0.22681941336372996
depression,PennyLane VQC (4 qubits),2,84372,0,0.44154407759141484
depression,PennyLane VQC (4 qubits),2,84378,0,0.6273635246756231
depression,PennyLane VQC (4 qubits),2,84383,0,0.581955167153047
depression,PennyLane VQC (4 qubits),2,84390,0,0.3760653818991707
depression,PennyLane VQC (4 qubits),2,84395,0,0.21638617377231018
depression,PennyLane VQC (4 qubits),2,84403,0,0.5008861691879173
depression,PennyLane VQC (4 qubits),2,84411,0,0.1975029462252148
depression,PennyLane VQC (4 qubits),2,84423,0,0.6579101767558069
depression,PennyLane VQC (4 qubits),2,84429,0,0.6477640707079877
depression,PennyLane VQC (4 qubits),2,84440,0,0.4618986267019225
depression,PennyLane VQC (4 qubits),2,84452,0,0.5519071342002055
depression,PennyLane VQC (4 qubits),2,84459,0,0.40139346479136495
depression,PennyLane VQC (4 qubits),2,84471,0,0.3208340429792751
depression,PennyLane VQC (4 qubits),2,84480,0,0.19729006675078697
depression,PennyLane VQC (4 qubits),2,84492,0,0.4598987579060806
depression,PennyLane VQC (4 qubits),2,84499,0,0.5723859401620743
depression,PennyLane VQC (4 qubits),2,84505,0,0.2534209409720881
depression,PennyLane VQC (4 qubits),2,84530,0,0.5126505702811047
depression,PennyLane VQC (4 qubits),2,84545,0,0.5865316782850406
depression,PennyLane VQC (4 qubits),2,84547,0,0.4504503946312275
depression,PennyLane VQC (4 qubits),2,84562,0,0.4557698540766608
depression,PennyLane VQC (4 qubits),2,84565,0,0.5075273558787918
depression,PennyLane VQC (4 qubits),2,84576,0,0.5453179906622634
depression,PennyLane VQC (4 qubits),2,84583,0,0.49810753076007513
depression,PennyLane VQC (4 qubits),2,84593,0,0.5445916247677911
depression,PennyLane VQC (4 qubits),2,84600,0,0.3382543724658832
depression,PennyLane VQC (4 qubits),2,84611,1,0.5104126079815396
depression,PennyLane VQC (4 qubits),2,84617,0,0.5926522853179836
depression,PennyLane VQC (4 qubits),2,84625,0,0.2759372787094098
depression,PennyLane VQC (4 qubits),2,84631,0,0.6349316359741636
depression,PennyLane VQC (4 qubits),2,84644,0,0.2967282835342315
depression,PennyLane VQC (4 qubits),2,84659,0,0.5648258308952954
depression,PennyLane VQC (4 qubits),2,84665,1,0.3820261823602913
depression,PennyLane VQC (4 qubits),2,84675,0,0.48342875477221947
depression,PennyLane VQC (4 qubits),2,84679,0,0.3666591411146781
depression,PennyLane VQC (4 qubits),2,84691,0,0.6963024115797055
depression,PennyLane VQC (4 qubits),2,84703,0,0.20522089415697026
depression,PennyLane VQC (4 qubits),2,84711,0,0.45314850791405936
depression,PennyLane VQC (4 qubits),2,84717,0,0.5599216242806075
depression,PennyLane VQC (4 qubits),2,84727,0,0.6388947613919097
depression,PennyLane VQC (4 qubits),2,84738,0,0.5894296224661951
depression,PennyLane VQC (4 qubits),2,84754,0,0.5370640076287522
depression,PennyLane VQC (4 qubits),2,84757,0,0.4273696233652974
depression,PennyLane VQC (4 qubits),2,84765,0,0.46607855333292986
depression,PennyLane VQC (4 qubits),2,84774,0,0.6640665864482934
depression,PennyLane VQC (4 qubits),2,84780,0,0.2756686991313021
depression,PennyLane VQC (4 qubits),2,84785,0,0.3976426336495563
depression,PennyLane VQC (4 qubits),2,84793,0,0.27084548383817353
depression,PennyLane VQC (4 qubits),2,84797,0,0.5441392590721288
depression,PennyLane VQC (4 qubits),2,84805,0,0.532803818453123
depression,PennyLane VQC (4 qubits),2,84817,0,0.30251994489661427
depression,PennyLane VQC (4 qubits),2,84828,0,0.5321482323619309
depression,PennyLane VQC (4 qubits),2,84833,0,0.5470987033340667
depression,PennyLane VQC (4 qubits),2,84843,0,0.5303405319374566
depression,PennyLane VQC (4 qubits),2,84854,0,0.6052365652636188
depression,PennyLane VQC (4 qubits),2,84867,0,0.4977644588284734
depression,PennyLane VQC (4 qubits),2,84874,0,0.1954202183854185
depression,PennyLane VQC (4 qubits),2,84887,1,0.4320572706041809
depression,PennyLane VQC (4 qubits),2,84899,0,0.4292808672853416
depression,PennyLane VQC (4 qubits),2,84905,0,0.47376789356972115
depression,PennyLane VQC (4 qubits),2,84914,1,0.4713837163318766
depression,PennyLane VQC (4 qubits),2,84920,0,0.41263443106285314
depression,PennyLane VQC (4 qubits),2,84927,0,0.603045328009991
depression,PennyLane VQC (4 qubits),2,84934,0,0.4597208990419628
depression,PennyLane VQC (4 qubits),2,84944,0,0.5228047405978989
depression,PennyLane VQC (4 qubits),2,84950,0,0.5313635140831976
depression,PennyLane VQC (4 qubits),2,84962,0,0.6022779620119997
depression,PennyLane VQC (4 qubits),2,84973,0,0.13226578808716638
depression,PennyLane VQC (4 qubits),2,84982,0,0.6884185346720753
depression,PennyLane VQC (4 qubits),2,84997,0,0.26349474498523984
depression,PennyLane VQC (4 qubits),2,85002,1,0.7586887805698612
depression,PennyLane VQC (4 qubits),2,85016,0,0.7002052576683742
depression,PennyLane VQC (4 qubits),2,85024,0,0.4612579423447573
depression,PennyLane VQC (4 qubits),2,85040,0,0.620636189319394
depression,PennyLane VQC (4 qubits),2,85049,0,0.5327852814224787
depression,PennyLane VQC (4 qubits),2,85055,0,0.5935749289816139
depression,PennyLane VQC (4 qubits),2,85063,0,0.5409796076968533
depression,PennyLane VQC (4 qubits),2,85073,0,0.4701931380170934
depression,PennyLane VQC (4 qubits),2,85076,0,0.5039482641257043
depression,PennyLane VQC (4 qubits),2,85103,0,0.5700146259278358
depression,PennyLane VQC (4 qubits),2,85109,0,0.5250566538473854
depression,PennyLane VQC (4 qubits),2,85117,1,0.4328526986548874
depression,PennyLane VQC (4 qubits),2,85127,0,0.3438024559560961
depression,PennyLane VQC (4 qubits),2,85138,0,0.29060256139221624
depression,PennyLane VQC (4 qubits),2,85149,0,0.5353417907305037
depression,PennyLane VQC (4 qubits),2,85159,0,0.5107372012637943
depression,PennyLane VQC (4 qubits),2,85164,0,0.5245359915858866
depression,PennyLane VQC (4 qubits),2,85173,0,0.37644521195095154
depression,PennyLane VQC (4 qubits),2,85183,0,0.33486983015966587
depression,PennyLane VQC (4 qubits),2,85197,0,0.5991097845315723
depression,PennyLane VQC (4 qubits),2,85205,0,0.3307562586634011
depression,PennyLane VQC (4 qubits),2,85214,0,0.39234172671597256
depression,PennyLane VQC (4 qubits),2,85220,0,0.5993839722382514
depression,PennyLane VQC (4 qubits),2,85230,0,0.5640065953460871
depression,PennyLane VQC (4 qubits),2,85236,1,0.7646624228653005
depression,PennyLane VQC (4 qubits),2,85244,1,0.4124901364169461
depression,PennyLane VQC (4 qubits),2,85252,0,0.2029514334444127
depression,PennyLane VQC (4 qubits),2,85260,0,0.4029544965086626
depression,PennyLane VQC (4 qubits),2,85270,0,0.47708210811807383
depression,PennyLane VQC (4 qubits),2,85281,0,0.5152046561220769
depression,PennyLane VQC (4 qubits),2,85287,0,0.40065778500081506
depression,PennyLane VQC (4 qubits),2,85294,0,0.46545506750271365
depression,PennyLane VQC (4 qubits),2,85303,0,0.6364516882899631
depression,PennyLane VQC (4 qubits),2,85315,0,0.3257606624208413
depression,PennyLane VQC (4 qubits),2,85324,0,0.634272689722323
depression,PennyLane VQC (4 qubits),2,85337,0,0.521910877268599
depression,PennyLane VQC (4 qubits),2,85345,0,0.22976266732718065
depression,PennyLane VQC (4 qubits),2,85354,0,0.6385572049795695
depression,PennyLane VQC (4 qubits),2,85361,0,0.41286473936738843
depression,PennyLane VQC (4 qubits),2,85369,0,0.40942802098515396
depression,PennyLane VQC (4 qubits),2,85377,0,0.43927533088771076
depression,PennyLane VQC (4 qubits),2,85390,0,0.32988909858931736
depression,PennyLane VQC (4 qubits),2,85395,0,0.44163551251782673
depression,PennyLane VQC (4 qubits),2,85401,0,0.5667968108348564
depression,PennyLane VQC (4 qubits),2,85409,0,0.32554697934960386
depression,PennyLane VQC (4 qubits),2,85423,1,0.41906664974012164
depression,PennyLane VQC (4 qubits),2,85431,1,0.4839945732182661
depression,PennyLane VQC (4 qubits),2,85442,0,0.8045127368239328
depression,PennyLane VQC (4 qubits),2,85450,0,0.3288363509203152
depression,PennyLane VQC (4 qubits),2,85457,0,0.49358626310915277
depression,PennyLane VQC (4 qubits),2,85471,0,0.49407157905313714
depression,PennyLane VQC (4 qubits),2,85484,0,0.6584923746536087
depression,PennyLane VQC (4 qubits),2,85491,0,0.526326746049913
depression,PennyLane VQC (4 qubits),2,85501,0,0.5199074273394934
depression,PennyLane VQC (4 qubits),2,85515,0,0.3051434776401868
depression,PennyLane VQC (4 qubits),2,85523,0,0.49803724726456966
depression,PennyLane VQC (4 qubits),2,85530,0,0.1850197632158464
depression,PennyLane VQC (4 qubits),2,85538,1,0.7680256607125906
depression,PennyLane VQC (4 qubits),2,85548,0,0.48060067597445794
depression,PennyLane VQC (4 qubits),2,85555,0,0.33143065304857167
depression,PennyLane VQC (4 qubits),2,85573,0,0.44393067538629466
depression,PennyLane VQC (4 qubits),2,85584,0,0.49314177208676235
depression,PennyLane VQC (4 qubits),2,85589,0,0.30367278225214367
depression,PennyLane VQC (4 qubits),2,85601,0,0.15639635498267362
depression,PennyLane VQC (4 qubits),2,85621,0,0.2141493701157101
depression,PennyLane VQC (4 qubits),2,85624,0,0.25572251084929287
depression,PennyLane VQC (4 qubits),2,85632,0,0.19542786741306206
depression,PennyLane VQC (4 qubits),2,85647,0,0.3454794678946488
depression,PennyLane VQC (4 qubits),2,85656,0,0.46585468883601144
depression,PennyLane VQC (4 qubits),2,85663,0,0.5833985823670382
depression,PennyLane VQC (4 qubits),2,85670,0,0.6122843647669787
depression,PennyLane VQC (4 qubits),2,85679,0,0.24411146792166294
depression,PennyLane VQC (4 qubits),2,85692,0,0.34043604631179686
depression,PennyLane VQC (4 qubits),2,85700,0,0.2509221181824615
depression,PennyLane VQC (4 qubits),2,85711,0,0.5288301250491616
depression,PennyLane VQC (4 qubits),2,85724,0,0.2011386233544895
depression,PennyLane VQC (4 qubits),2,85730,0,0.28735938916144754
depression,PennyLane VQC (4 qubits),2,85738,0,0.4895461882641147
depression,PennyLane VQC (4 qubits),2,85746,0,0.4921812702995736
depression,PennyLane VQC (4 qubits),2,85757,0,0.2548045082551123
depression,PennyLane VQC (4 qubits),2,85774,0,0.4567997489111394
depression,PennyLane VQC (4 qubits),2,85779,0,0.5165255544146913
depression,PennyLane VQC (4 qubits),2,85786,0,0.5008861691879173
depression,PennyLane VQC (4 qubits),2,85792,0,0.43664886913945755
depression,PennyLane VQC (4 qubits),2,85807,0,0.43846884414723913
depression,PennyLane VQC (4 qubits),2,85814,0,0.4993644336602382
depression,PennyLane VQC (4 qubits),2,85823,0,0.5077496389456185
depression,PennyLane VQC (4 qubits),2,85831,0,0.6338461603062246
depression,PennyLane VQC (4 qubits),2,85836,0,0.37513351388905014
depression,PennyLane VQC (4 qubits),2,85849,0,0.46893320009674727
depression,PennyLane VQC (4 qubits),2,85856,0,0.5154557504271953
depression,PennyLane VQC (4 qubits),2,85864,0,0.3335814421525755
depression,PennyLane VQC (4 qubits),2,85872,0,0.439045825005065
depression,PennyLane VQC (4 qubits),2,85884,0,0.3113873718935713
depression,PennyLane VQC (4 qubits),2,85899,0,0.5060730603108688
depression,PennyLane VQC (4 qubits),2,85905,0,0.43001918663311756
depression,PennyLane VQC (4 qubits),2,85920,0,0.47541463995614985
depression,PennyLane VQC (4 qubits),2,85931,0,0.3646181268757867
depression,PennyLane VQC (4 qubits),2,85942,0,0.6082793193930365
depression,PennyLane VQC (4 qubits),2,85948,1,0.4132596442832403
depression,PennyLane VQC (4 qubits),2,85951,0,0.3209343691570389
depression,PennyLane VQC (4 qubits),2,85961,0,0.37765687498756434
depression,PennyLane VQC (4 qubits),2,85967,0,0.3492317420527018
depression,PennyLane VQC (4 qubits),2,85978,0,0.5030770816057293
depression,PennyLane VQC (4 qubits),2,85990,0,0.5222435564333191
depression,PennyLane VQC (4 qubits),2,85996,0,0.5273211543538974
depression,PennyLane VQC (4 qubits),2,86009,0,0.4746989572834916
depression,PennyLane VQC (4 qubits),2,86017,0,0.3897492899937328
depression,PennyLane VQC (4 qubits),2,86027,0,0.170234128517249
depression,PennyLane VQC (4 qubits),2,86033,1,0.5991652886260002
depression,PennyLane VQC (4 qubits),2,86039,0,0.3224518390043223
depression,PennyLane VQC (4 qubits),2,86050,0,0.48609923999948224
depression,PennyLane VQC (4 qubits),2,86056,0,0.48284098247786855
depression,PennyLane VQC (4 qubits),2,86058,0,0.5633461310967318
depression,PennyLane VQC (4 qubits),2,86067,0,0.4491930330953719
depression,PennyLane VQC (4 qubits),2,86070,0,0.585320947962453
depression,PennyLane VQC (4 qubits),2,86083,0,0.2010250830146854
depression,PennyLane VQC (4 qubits),2,86091,0,0.6136617099427029
depression,PennyLane VQC (4 qubits),2,86097,0,0.2222998233398485
depression,PennyLane VQC (4 qubits),2,86105,0,0.23828991380301762
depression,PennyLane VQC (4 qubits),2,86123,0,0.5139135388089049
depression,PennyLane VQC (4 qubits),2,86137,0,0.6052236952868613
depression,PennyLane VQC (4 qubits),2,86150,0,0.5750149462964995
depression,PennyLane VQC (4 qubits),2,86157,0,0.13458830032507568
depression,PennyLane VQC (4 qubits),2,86165,0,0.3951658073636382
depression,PennyLane VQC (4 qubits),2,86175,0,0.6110215077554645
depression,PennyLane VQC (4 qubits),2,86182,0,0.44795280060774734
depression,PennyLane VQC (4 qubits),2,86185,0,0.530688576585682
depression,PennyLane VQC (4 qubits),2,86194,0,0.26515127828160323
depression,PennyLane VQC (4 qubits),2,86203,0,0.48685533632653044
depression,PennyLane VQC (4 qubits),2,86214,1,0.706274804084945
depression,PennyLane VQC (4 qubits),2,86220,0,0.38822259854388436
depression,PennyLane VQC (4 qubits),2,86227,1,0.275394642342342
depression,PennyLane VQC (4 qubits),2,86239,1,0.5207937724622846
depression,PennyLane VQC (4 qubits),2,86246,0,0.5861924715693689
depression,PennyLane VQC (4 qubits),2,86259,0,0.6020472358175024
depression,PennyLane VQC (4 qubits),2,86268,0,0.5678893296299735
depression,PennyLane VQC (4 qubits),2,86277,1,0.4247910680816954
depression,PennyLane VQC (4 qubits),2,86284,0,0.49674898196709927
depression,PennyLane VQC (4 qubits),2,86293,0,0.56354584503637
depression,PennyLane VQC (4 qubits),2,86300,0,0.3764125674969869
depression,PennyLane VQC (4 qubits),2,86318,0,0.6646556415620819
depression,PennyLane VQC (4 qubits),2,86325,0,0.6762637094190265
depression,PennyLane VQC (4 qubits),2,86333,0,0.38610118164519674
depression,PennyLane VQC (4 qubits),2,86342,0,0.29415974551334556
depression,PennyLane VQC (4 qubits),2,86351,1,0.5436332092349823
depression,PennyLane VQC (4 qubits),2,86358,0,0.43051202323113474
depression,PennyLane VQC (4 qubits),2,86365,0,0.5200775409904607
depression,PennyLane VQC (4 qubits),2,86377,0,0.17223357216223967
depression,PennyLane VQC (4 qubits),2,86394,0,0.43603086689312165
depression,PennyLane VQC (4 qubits),2,86401,0,0.41549444714632777
depression,PennyLane VQC (4 qubits),2,86413,0,0.5745390397366403
depression,PennyLane VQC (4 qubits),2,86424,0,0.3740186396438635
depression,PennyLane VQC (4 qubits),2,86435,0,0.6437121031516169
depression,PennyLane VQC (4 qubits),2,86445,0,0.544354600636092
depression,PennyLane VQC (4 qubits),2,86454,0,0.47316035079634017
depression,PennyLane VQC (4 qubits),2,86468,0,0.46201860941129924
depression,PennyLane VQC (4 qubits),2,86479,0,0.5219808069273388
depression,PennyLane VQC (4 qubits),2,86487,0,0.60471531943913
depression,PennyLane VQC (4 qubits),2,86495,0,0.46884464895311484
depression,PennyLane VQC (4 qubits),2,86507,0,0.28891835795581156
depression,PennyLane VQC (4 qubits),2,86516,0,0.12451827373729268
depression,PennyLane VQC (4 qubits),2,86520,0,0.5266372331714299
depression,PennyLane VQC (4 qubits),2,86526,0,0.32993276753173717
depression,PennyLane VQC (4 qubits),2,86537,0,0.32978002624154934
depression,PennyLane VQC (4 qubits),2,86548,1,0.46133235506781295
depression,PennyLane VQC (4 qubits),2,86557,0,0.6022915108042509
depression,PennyLane VQC (4 qubits),2,86566,0,0.6033020180895359
depression,PennyLane VQC (4 qubits),2,86572,0,0.5806905830104785
depression,PennyLane VQC (4 qubits),2,86580,0,0.6376890031354389
depression,PennyLane VQC (4 qubits),2,86590,0,0.5619979811877744
depression,PennyLane VQC (4 qubits),2,86599,0,0.2193512042955218
depression,PennyLane VQC (4 qubits),2,86609,0,0.6432341095871287
depression,PennyLane VQC (4 qubits),2,86618,0,0.4902766040373015
depression,PennyLane VQC (4 qubits),2,86627,0,0.34630261801379264
depression,PennyLane VQC (4 qubits),2,86638,0,0.5329979475575559
depression,PennyLane VQC (4 qubits),2,86645,0,0.598651797258046
depression,PennyLane VQC (4 qubits),2,86657,0,0.40506643399265224
depression,PennyLane VQC (4 qubits),2,86664,0,0.27672362810482615
depression,PennyLane VQC (4 qubits),2,86674,0,0.4684508413646137
depression,PennyLane VQC (4 qubits),2,86681,0,0.5935210259122112
depression,PennyLane VQC (4 qubits),2,86696,1,0.5761979487101447
depression,PennyLane VQC (4 qubits),2,86705,1,0.3841942653889663
depression,PennyLane VQC (4 qubits),2,86713,0,0.4520006516760453
depression,PennyLane VQC (4 qubits),2,86728,0,0.3332040076700501
depression,PennyLane VQC (4 qubits),2,86736,0,0.5530118054654962
depression,PennyLane VQC (4 qubits),2,86744,1,0.18161632503535602
depression,PennyLane VQC (4 qubits),2,86752,0,0.47692449232232637
depression,PennyLane VQC (4 qubits),2,86761,0,0.2868372519786191
depression,PennyLane VQC (4 qubits),2,86773,1,0.3726046483957765
depression,PennyLane VQC (4 qubits),2,86776,0,0.4056079359419173
depression,PennyLane VQC (4 qubits),2,86790,0,0.42875154796850784
depression,PennyLane VQC (4 qubits),2,86801,0,0.24810916982683034
depression,PennyLane VQC (4 qubits),2,86812,0,0.3931221474481566
depression,PennyLane VQC (4 qubits),2,86817,0,0.49527321041648853
depression,PennyLane VQC (4 qubits),2,86830,0,0.6578822941686677
depression,PennyLane VQC (4 qubits),2,86838,0,0.5745390397366403
depression,PennyLane VQC (4 qubits),2,86858,0,0.4840640276443785
depression,PennyLane VQC (4 qubits),2,86870,0,0.2324916317469109
depression,PennyLane VQC (4 qubits),2,86878,0,0.22856978691371055
depression,PennyLane VQC (4 qubits),2,86889,0,0.5133612369108883
depression,PennyLane VQC (4 qubits),2,86898,0,0.35620324570865447
depression,PennyLane VQC (4 qubits),2,86909,0,0.5385802788324617
depression,PennyLane VQC (4 qubits),2,86925,0,0.39788011010611624
depression,PennyLane VQC (4 qubits),2,86939,0,0.5195881569567283
depression,PennyLane VQC (4 qubits),2,86952,0,0.20254160007881983
depression,PennyLane VQC (4 qubits),2,86960,0,0.14962017171145536
depression,PennyLane VQC (4 qubits),2,86970,0,0.19093136151389822
depression,PennyLane VQC (4 qubits),2,86977,0,0.24770626080827007
depression,PennyLane VQC (4 qubits),2,86985,0,0.34572449694579604
depression,PennyLane VQC (4 qubits),2,86992,0,0.372288444551195
depression,PennyLane VQC (4 qubits),2,87000,0,0.2845494967509298
depression,PennyLane VQC (4 qubits),2,87008,0,0.3740829183793099
depression,PennyLane VQC (4 qubits),2,87021,1,0.6350441931959038
depression,PennyLane VQC (4 qubits),2,87032,0,0.2893297158796784
depression,PennyLane VQC (4 qubits),2,87050,0,0.5788488871450209
depression,PennyLane VQC (4 qubits),2,87056,0,0.3022316567342974
depression,PennyLane VQC (4 qubits),2,87067,0,0.4431756914078505
depression,PennyLane VQC (4 qubits),2,87079,0,0.5093485314615478
depression,PennyLane VQC (4 qubits),2,87088,0,0.2647289306813183
depression,PennyLane VQC (4 qubits),2,87099,0,0.33608992754574707
depression,PennyLane VQC (4 qubits),2,87113,0,0.5738633880706366
depression,PennyLane VQC (4 qubits),2,87123,1,0.35525135405589864
depression,PennyLane VQC (4 qubits),2,87130,0,0.5348649741786708
depression,PennyLane VQC (4 qubits),2,87141,0,0.40646607993199174
depression,PennyLane VQC (4 qubits),2,87154,0,0.6026829535293633
depression,PennyLane VQC (4 qubits),2,87159,0,0.39459655561556345
depression,PennyLane VQC (4 qubits),2,87165,0,0.4946024315037588
depression,PennyLane VQC (4 qubits),2,87170,0,0.4190169088261432
depression,PennyLane VQC (4 qubits),2,87177,0,0.4167228581130728
depression,PennyLane VQC (4 qubits),2,87187,0,0.4838797159283575
depression,PennyLane VQC (4 qubits),2,87197,0,0.327734466039469
depression,PennyLane VQC (4 qubits),2,87202,0,0.5540476063265558
depression,PennyLane VQC (4 qubits),2,87215,0,0.4886947570015244
depression,PennyLane VQC (4 qubits),2,87223,0,0.6108321908092682
depression,PennyLane VQC (4 qubits),2,87231,0,0.6063070316340975
depression,PennyLane VQC (4 qubits),2,87241,0,0.21055264749153463
depression,PennyLane VQC (4 qubits),2,87246,0,0.5807513507750753
depression,PennyLane VQC (4 qubits),2,87251,1,0.45212197741899146
depression,PennyLane VQC (4 qubits),2,87260,1,0.5400863078849778
depression,PennyLane VQC (4 qubits),2,87268,0,0.3857273514718253
depression,PennyLane VQC (4 qubits),2,87277,0,0.2617735256297394
depression,PennyLane VQC (4 qubits),2,87288,0,0.6579027030294304
depression,PennyLane VQC (4 qubits),2,87294,0,0.2770477480954327
depression,PennyLane VQC (4 qubits),2,87303,0,0.487344225488193
depression,PennyLane VQC (4 qubits),2,87314,0,0.5638541046678471
depression,PennyLane VQC (4 qubits),2,87321,0,0.6856739218519879
depression,PennyLane VQC (4 qubits),2,87330,1,0.4528197021361641
depression,PennyLane VQC (4 qubits),2,87343,0,0.48369863018402093
depression,PennyLane VQC (4 qubits),2,87351,1,0.3634634741985746
depression,PennyLane VQC (4 qubits),2,87362,0,0.3902882410026909
depression,PennyLane VQC (4 qubits),2,87373,0,0.4241222466868204
depression,PennyLane VQC (4 qubits),2,87384,0,0.30238288647753797
depression,PennyLane VQC (4 qubits),2,87393,0,0.44091985813245815
depression,PennyLane VQC (4 qubits),2,87415,0,0.6434745581335096
depression,PennyLane VQC (4 qubits),2,87423,0,0.37251983478128314
depression,PennyLane VQC (4 qubits),2,87429,0,0.39867093006375987
depression,PennyLane VQC (4 qubits),2,87437,0,0.4666816236284905
depression,PennyLane VQC (4 qubits),2,87448,0,0.5689520486773936
depression,PennyLane VQC (4 qubits),2,87461,0,0.30877264726454345
depression,PennyLane VQC (4 qubits),2,87470,0,0.6151898895036426
depression,PennyLane VQC (4 qubits),2,87480,0,0.537002491828017
depression,PennyLane VQC (4 qubits),2,87487,0,0.5991805772550466
depression,PennyLane VQC (4 qubits),2,87496,0,0.6776095201842431
depression,PennyLane VQC (4 qubits),2,87505,0,0.6529866863235523
depression,PennyLane VQC (4 qubits),2,87511,0,0.48943028212772166
depression,PennyLane VQC (4 qubits),2,87515,0,0.6174476941209095
depression,PennyLane VQC (4 qubits),2,87529,0,0.5918775553164978
depression,PennyLane VQC (4 qubits),2,87539,0,0.4918734134748146
depression,PennyLane VQC (4 qubits),2,87555,0,0.36046450726603063
depression,PennyLane VQC (4 qubits),2,87560,0,0.6050482037267608
depression,PennyLane VQC (4 qubits),2,87573,0,0.6270397655475572
depression,PennyLane VQC (4 qubits),2,87585,0,0.6146535927262544
depression,PennyLane VQC (4 qubits),2,87593,0,0.22535160731271908
depression,PennyLane VQC (4 qubits),2,87601,0,0.6216204468673692
depression,PennyLane VQC (4 qubits),2,87608,0,0.5076791820714659
depression,PennyLane VQC (4 qubits),2,87630,1,0.6769783126615008
depression,PennyLane VQC (4 qubits),2,87645,0,0.6581485532129726
depression,PennyLane VQC (4 qubits),2,87663,0,0.47868673152293173
depression,PennyLane VQC (4 qubits),2,87672,0,0.4486676337632505
depression,PennyLane VQC (4 qubits),2,87688,0,0.29951107544908173
depression,PennyLane VQC (4 qubits),2,87697,1,0.5944018098951928
depression,PennyLane VQC (4 qubits),2,87711,0,0.5242869015536918
depression,PennyLane VQC (4 qubits),2,87727,1,0.5144797867676478
depression,PennyLane VQC (4 qubits),2,87740,0,0.4321184721131503
depression,PennyLane VQC (4 qubits),2,87750,0,0.4928105301994349
depression,PennyLane VQC (4 qubits),2,87761,0,0.4244813770227111
depression,PennyLane VQC (4 qubits),2,87773,0,0.427138939748691
depression,PennyLane VQC (4 qubits),2,87778,0,0.55429812058984
depression,PennyLane VQC (4 qubits),2,87790,0,0.504530364264796
depression,PennyLane VQC (4 qubits),2,87799,1,0.5473129465443842
depression,PennyLane VQC (4 qubits),2,87805,0,0.5249382246931077
depression,PennyLane VQC (4 qubits),2,87814,0,0.262478559630513
depression,PennyLane VQC (4 qubits),2,87824,0,0.5973145544169097
depression,PennyLane VQC (4 qubits),2,87840,0,0.2011386233544895
depression,PennyLane VQC (4 qubits),2,87849,0,0.2998749210496588
depression,PennyLane VQC (4 qubits),2,87856,1,0.5127354168084797
depression,PennyLane VQC (4 qubits),2,87871,0,0.4309154991780021
depression,PennyLane VQC (4 qubits),2,87882,0,0.5379643774576215
depression,PennyLane VQC (4 qubits),2,87886,0,0.24240468957998007
depression,PennyLane VQC (4 qubits),2,87898,0,0.4007348021753624
depression,PennyLane VQC (4 qubits),2,87909,0,0.4714961762794691
depression,PennyLane VQC (4 qubits),2,87919,0,0.45625935370400666
depression,PennyLane VQC (4 qubits),2,87937,0,0.5663795576440733
depression,PennyLane VQC (4 qubits),2,87943,0,0.3546299031714576
depression,PennyLane VQC (4 qubits),2,87953,0,0.4070086827323734
depression,PennyLane VQC (4 qubits),2,87965,0,0.5072770760149893
depression,PennyLane VQC (4 qubits),2,87975,1,0.3347801004060559
depression,PennyLane VQC (4 qubits),2,87985,0,0.4507094342792306
depression,PennyLane VQC (4 qubits),2,87995,0,0.5997320388667907
depression,PennyLane VQC (4 qubits),2,88001,0,0.39315798212032
depression,PennyLane VQC (4 qubits),2,88011,0,0.524663608659321
depression,PennyLane VQC (4 qubits),2,88022,0,0.3844339481236614
depression,PennyLane VQC (4 qubits),2,88031,1,0.2893609707769553
depression,PennyLane VQC (4 qubits),2,88046,0,0.6175098556891524
depression,PennyLane VQC (4 qubits),2,88051,0,0.5512843358368251
depression,PennyLane VQC (4 qubits),2,88069,0,0.6742014809452231
depression,PennyLane VQC (4 qubits),2,88075,0,0.5564365082432601
depression,PennyLane VQC (4 qubits),2,88086,0,0.4112821953514613
depression,PennyLane VQC (4 qubits),2,88094,0,0.5676621999136855
depression,PennyLane VQC (4 qubits),2,88102,1,0.2935571697424887
depression,PennyLane VQC (4 qubits),2,88112,1,0.3127693341036456
depression,PennyLane VQC (4 qubits),2,88120,0,0.6336224779032352
depression,PennyLane VQC (4 qubits),2,88131,0,0.48262808813807667
depression,PennyLane VQC (4 qubits),2,88138,0,0.5822189047776283
depression,PennyLane VQC (4 qubits),2,88149,0,0.42151182345163446
depression,PennyLane VQC (4 qubits),2,88157,0,0.4373130528813962
depression,PennyLane VQC (4 qubits),2,88167,0,0.4972224189940294
depression,PennyLane VQC (4 qubits),2,88173,1,0.5217341633137847
depression,PennyLane VQC (4 qubits),2,88182,0,0.5315049871120597
depression,PennyLane VQC (4 qubits),2,88192,0,0.39595249627862744
depression,PennyLane VQC (4 qubits),2,88200,0,0.22691936767198906
depression,PennyLane VQC (4 qubits),2,88210,0,0.5147359960653041
depression,PennyLane VQC (4 qubits),2,88217,0,0.36812966797957086
depression,PennyLane VQC (4 qubits),2,88229,0,0.24451684023062353
depression,PennyLane VQC (4 qubits),2,88234,0,0.10253008302204014
depression,PennyLane VQC (4 qubits),2,88244,0,0.4413019909466937
depression,PennyLane VQC (4 qubits),2,88257,0,0.5056459301931456
depression,PennyLane VQC (4 qubits),2,88264,0,0.44784131872763094
depression,PennyLane VQC (4 qubits),2,88285,0,0.2544982006776764
depression,PennyLane VQC (4 qubits),2,88293,0,0.5331247293176131
depression,PennyLane VQC (4 qubits),2,88303,0,0.4429498321816127
depression,PennyLane VQC (4 qubits),2,88309,0,0.6713374228078157
depression,PennyLane VQC (4 qubits),2,88319,0,0.49500424808052856
depression,PennyLane VQC (4 qubits),2,88330,0,0.4266504698474807
depression,PennyLane VQC (4 qubits),2,88334,0,0.5784093717600393
depression,PennyLane VQC (4 qubits),2,88346,0,0.17981503946863264
depression,PennyLane VQC (4 qubits),2,88352,0,0.7943289461108503
depression,PennyLane VQC (4 qubits),2,88365,1,0.3481119368898078
depression,PennyLane VQC (4 qubits),2,88376,0,0.3224518390043223
depression,PennyLane VQC (4 qubits),2,88388,1,0.5860838474446785
depression,PennyLane VQC (4 qubits),2,88398,0,0.7652687625349645
depression,PennyLane VQC (4 qubits),2,88406,0,0.36995003058306125
depression,PennyLane VQC (4 qubits),2,88417,0,0.5567649716186867
depression,PennyLane VQC (4 qubits),2,88428,0,0.5427110548378471
depression,PennyLane VQC (4 qubits),2,88434,0,0.2849940320142824
depression,PennyLane VQC (4 qubits),2,88448,0,0.44617521499575474
depression,PennyLane VQC (4 qubits),2,88459,0,0.5543706657409676
depression,PennyLane VQC (4 qubits),2,88462,0,0.41855897693873734
depression,PennyLane VQC (4 qubits),2,88476,0,0.7752883882791103
depression,PennyLane VQC (4 qubits),2,88485,0,0.44626149590762376
depression,PennyLane VQC (4 qubits),2,88501,0,0.26714336153250257
depression,PennyLane VQC (4 qubits),2,88515,0,0.3874149394849575
depression,PennyLane VQC (4 qubits),2,88527,0,0.3442354963670674
depression,PennyLane VQC (4 qubits),2,88536,0,0.4330038665293684
depression,PennyLane VQC (4 qubits),2,88542,0,0.4896724100395715
depression,PennyLane VQC (4 qubits),2,88549,0,0.5960919596351151
depression,PennyLane VQC (4 qubits),2,88565,0,0.6054468900985298
depression,PennyLane VQC (4 qubits),2,88575,0,0.4892652977552301
depression,PennyLane VQC (4 qubits),2,88588,0,0.48197417098752254
depression,PennyLane VQC (4 qubits),2,88600,0,0.600383473649516
depression,PennyLane VQC (4 qubits),2,88607,0,0.17646961795806648
depression,PennyLane VQC (4 qubits),2,88613,0,0.5460438413516617
depression,PennyLane VQC (4 qubits),2,88625,0,0.5542608459554249
depression,PennyLane VQC (4 qubits),2,88628,0,0.6873490022126556
depression,PennyLane VQC (4 qubits),2,88637,0,0.4628919987638638
depression,PennyLane VQC (4 qubits),2,88647,0,0.33355615195127497
depression,PennyLane VQC (4 qubits),2,88653,0,0.548555599628527
depression,PennyLane VQC (4 qubits),2,88661,0,0.4694484048180019
depression,PennyLane VQC (4 qubits),2,88674,0,0.43740180425721964
depression,PennyLane VQC (4 qubits),2,88682,0,0.29613424471113203
depression,PennyLane VQC (4 qubits),2,88692,0,0.2906476580539922
depression,PennyLane VQC (4 qubits),2,88702,0,0.21382513201943165
depression,PennyLane VQC (4 qubits),2,88708,0,0.6555087498902225
depression,PennyLane VQC (4 qubits),2,88723,0,0.41344971972252254
depression,PennyLane VQC (4 qubits),2,88729,1,0.2661223464270045
depression,PennyLane VQC (4 qubits),2,88740,0,0.496821771124323
depression,PennyLane VQC (4 qubits),2,88748,0,0.6000774070983149
depression,PennyLane VQC (4 qubits),2,88759,0,0.20448484112655563
depression,PennyLane VQC (4 qubits),2,88770,0,0.4816988223296369
depression,PennyLane VQC (4 qubits),2,88775,0,0.5397286491038212
depression,PennyLane VQC (4 qubits),2,88791,1,0.4088242833502822
depression,PennyLane VQC (4 qubits),2,88799,1,0.14476129263272608
depression,PennyLane VQC (4 qubits),2,88809,0,0.44630225594548445
depression,PennyLane VQC (4 qubits),2,88818,0,0.46467783021581477
depression,PennyLane VQC (4 qubits),2,88833,0,0.471126286264945
depression,PennyLane VQC (4 qubits),2,88841,0,0.48060067597445794
depression,PennyLane VQC (4 qubits),2,88854,0,0.5120132923430329
depression,PennyLane VQC (4 qubits),2,88857,0,0.2587386504120301
depression,PennyLane VQC (4 qubits),2,88867,0,0.4702013279567694
depression,PennyLane VQC (4 qubits),2,88875,1,0.4966775749651029
depression,PennyLane VQC (4 qubits),2,88881,0,0.47292254610260653
depression,PennyLane VQC (4 qubits),2,88891,1,0.6265643898810359
depression,PennyLane VQC (4 qubits),2,88895,1,0.641058505943458
depression,PennyLane VQC (4 qubits),2,88903,0,0.5207375808941905
depression,PennyLane VQC (4 qubits),2,88912,0,0.2083198436139717
depression,PennyLane VQC (4 qubits),2,88919,0,0.2895337347049457
depression,PennyLane VQC (4 qubits),2,88926,0,0.4886947570015244
depression,PennyLane VQC (4 qubits),2,88940,0,0.45560466504246505
depression,PennyLane VQC (4 qubits),2,88947,0,0.4166761048215619
depression,PennyLane VQC (4 qubits),2,88964,0,0.18097640537653176
depression,PennyLane VQC (4 qubits),2,88976,0,0.5436022389740882
depression,PennyLane VQC (4 qubits),2,88986,1,0.1401653964640841
depression,PennyLane VQC (4 qubits),2,89005,0,0.5041132726804101
depression,PennyLane VQC (4 qubits),2,89013,0,0.4238206109699818
depression,PennyLane VQC (4 qubits),2,89022,0,0.7379159306529323
depression,PennyLane VQC (4 qubits),2,89034,1,0.29898888391082146
depression,PennyLane VQC (4 qubits),2,89041,0,0.6580609945783368
depression,PennyLane VQC (4 qubits),2,89045,0,0.29323464920839776
depression,PennyLane VQC (4 qubits),2,89064,0,0.2702620632686853
depression,PennyLane VQC (4 qubits),2,89072,0,0.4666098904295504
depression,PennyLane VQC (4 qubits),2,89083,0,0.6439892892473001
depression,PennyLane VQC (4 qubits),2,89093,0,0.3861499122084672
depression,PennyLane VQC (4 qubits),2,89102,0,0.4427022917837873
depression,PennyLane VQC (4 qubits),2,89108,0,0.4305773923270609
depression,PennyLane VQC (4 qubits),2,89120,0,0.35448353614455075
depression,PennyLane VQC (4 qubits),2,89127,0,0.35857376469993213
depression,PennyLane VQC (4 qubits),2,89134,0,0.472490216802373
depression,PennyLane VQC (4 qubits),2,89152,0,0.06657219799967051
depression,PennyLane VQC (4 qubits),2,89159,0,0.44954900686875676
depression,PennyLane VQC (4 qubits),2,89167,0,0.48062886348224987
depression,PennyLane VQC (4 qubits),2,89174,0,0.4131208192870664
depression,PennyLane VQC (4 qubits),2,89182,0,0.6445569636677713
depression,PennyLane VQC (4 qubits),2,89188,0,0.3563550821034478
depression,PennyLane VQC (4 qubits),2,89201,0,0.5908742924715166
depression,PennyLane VQC (4 qubits),2,89215,0,0.10950519904774197
depression,PennyLane VQC (4 qubits),2,89232,0,0.40728929036102823
depression,PennyLane VQC (4 qubits),2,89243,0,0.4995265664817907
depression,PennyLane VQC (4 qubits),2,89255,0,0.5207480239340395
depression,PennyLane VQC (4 qubits),2,89264,0,0.4516397868617955
depression,PennyLane VQC (4 qubits),2,89266,1,0.5314870226065267
depression,PennyLane VQC (4 qubits),2,89276,0,0.4916527696600231
depression,PennyLane VQC (4 qubits),2,89288,0,0.6079803403706896
depression,PennyLane VQC (4 qubits),2,89297,0,0.3839220463420895
depression,PennyLane VQC (4 qubits),2,89304,0,0.5180404024276266
depression,PennyLane VQC (4 qubits),2,89314,0,0.5086379711455309
depression,PennyLane VQC (4 qubits),2,89321,0,0.33446882537287415
depression,PennyLane VQC (4 qubits),2,89331,0,0.4683418332717384
depression,PennyLane VQC (4 qubits),2,89340,0,0.16565918098529986
depression,PennyLane VQC (4 qubits),2,89351,0,0.5465319177745922
depression,PennyLane VQC (4 qubits),2,89358,0,0.5778570708635618
depression,PennyLane VQC (4 qubits),2,89370,0,0.37263648634607405
depression,PennyLane VQC (4 qubits),2,89383,0,0.4171259387069555
depression,PennyLane VQC (4 qubits),2,89390,1,0.5868639381875406
depression,PennyLane VQC (4 qubits),2,89402,0,0.4970117171810049
depression,PennyLane VQC (4 qubits),2,89412,0,0.40609605216915134
depression,PennyLane VQC (4 qubits),2,89425,0,0.43277440006423606
depression,PennyLane VQC (4 qubits),2,89437,0,0.4091148190221052
depression,PennyLane VQC (4 qubits),2,89444,0,0.3662126220273561
depression,PennyLane VQC (4 qubits),2,89457,0,0.5621131138744048
depression,PennyLane VQC (4 qubits),2,89471,0,0.42498499614857466
depression,PennyLane VQC (4 qubits),2,89476,0,0.6337238212901124
depression,PennyLane VQC (4 qubits),2,89490,0,0.3746814957543917
depression,PennyLane VQC (4 qubits),2,89497,0,0.19844812657573396
depression,PennyLane VQC (4 qubits),2,89508,0,0.13706743033060353
depression,PennyLane VQC (4 qubits),2,89524,0,0.3687901537194823
depression,PennyLane VQC (4 qubits),2,89538,1,0.5414754323083693
depression,PennyLane VQC (4 qubits),2,89546,0,0.4810311061927741
depression,PennyLane VQC (4 qubits),2,89552,0,0.22576196240499125
depression,PennyLane VQC (4 qubits),2,89563,0,0.38026236277624104
depression,PennyLane VQC (4 qubits),2,89572,1,0.4495744236651897
depression,PennyLane VQC (4 qubits),2,89576,0,0.31988954788547347
depression,PennyLane VQC (4 qubits),2,89582,0,0.4816988223296369
depression,PennyLane VQC (4 qubits),2,89587,0,0.31275456234975124
depression,PennyLane VQC (4 qubits),2,89597,0,0.39848881719484097
depression,PennyLane VQC (4 qubits),2,89606,0,0.5807666606176713
depression,PennyLane VQC (4 qubits),2,89611,0,0.5307749841793689
depression,PennyLane VQC (4 qubits),2,89618,0,0.4336317776417892
depression,PennyLane VQC (4 qubits),2,89628,0,0.41960255978702565
depression,PennyLane VQC (4 qubits),2,89637,1,0.5339336612979668
depression,PennyLane VQC (4 qubits),2,89644,0,0.4852246775620378
depression,PennyLane VQC (4 qubits),2,89649,0,0.3830132815740467
depression,PennyLane VQC (4 qubits),2,89655,0,0.6779479872912693
depression,PennyLane VQC (4 qubits),2,89669,0,0.5146411417277532
depression,PennyLane VQC (4 qubits),2,89676,0,0.4671821583986493
depression,PennyLane VQC (4 qubits),2,89685,0,0.5830419884660563
depression,PennyLane VQC (4 qubits),2,89698,0,0.4572822058005485
depression,PennyLane VQC (4 qubits),2,89704,0,0.6759570626133703
depression,PennyLane VQC (4 qubits),2,89710,0,0.756997948817847
depression,PennyLane VQC (4 qubits),2,89720,0,0.35761163193510026
depression,PennyLane VQC (4 qubits),2,89726,0,0.48498741436277004
depression,PennyLane VQC (4 qubits),2,89733,0,0.6496743491874075
depression,PennyLane VQC (4 qubits),2,89742,0,0.5442235624568939
depression,PennyLane VQC (4 qubits),2,89755,0,0.5309731613467481
depression,PennyLane VQC (4 qubits),2,89771,0,0.5161530295323016
depression,PennyLane VQC (4 qubits),2,89780,0,0.5227615560330154
depression,PennyLane VQC (4 qubits),2,89790,0,0.5909030417139696
depression,PennyLane VQC (4 qubits),2,89795,0,0.25018292937817316
depression,PennyLane VQC (4 qubits),2,89803,0,0.49708983654262157
depression,PennyLane VQC (4 qubits),2,89810,0,0.26092059285371916
depression,PennyLane VQC (4 qubits),2,89822,0,0.5059463048750472
depression,PennyLane VQC (4 qubits),2,89831,0,0.4390830960940676
depression,PennyLane VQC (4 qubits),2,89841,0,0.6726053193508417
depression,PennyLane VQC (4 qubits),2,89848,0,0.35643452008818177
depression,PennyLane VQC (4 qubits),2,89854,0,0.33313447357016707
depression,PennyLane VQC (4 qubits),2,89868,0,0.5123059195727802
depression,PennyLane VQC (4 qubits),2,89889,0,0.5490095054277044
depression,PennyLane VQC (4 qubits),2,89898,0,0.2906217745500248
depression,PennyLane VQC (4 qubits),2,89907,0,0.4489088236948391
depression,PennyLane VQC (4 qubits),2,89911,0,0.5489682119207934
depression,PennyLane VQC (4 qubits),2,89929,0,0.34613952185382435
depression,PennyLane VQC (4 qubits),2,89942,0,0.5196388002292425
depression,PennyLane VQC (4 qubits),2,89948,0,0.4451285651481605
depression,PennyLane VQC (4 qubits),2,89959,0,0.5349943284003724
depression,PennyLane VQC (4 qubits),2,89966,0,0.44059033757389215
depression,PennyLane VQC (4 qubits),2,89976,0,0.3831037004007891
depression,PennyLane VQC (4 qubits),2,89984,0,0.22367387783724624
depression,PennyLane VQC (4 qubits),2,89994,0,0.517670346435995
depression,PennyLane VQC (4 qubits),2,90005,0,0.47737590843385536
depression,PennyLane VQC (4 qubits),2,90011,0,0.768824672140936
depression,PennyLane VQC (4 qubits),2,90020,0,0.32739866479273727
depression,PennyLane VQC (4 qubits),2,90031,0,0.35871454250008894
depression,PennyLane VQC (4 qubits),2,90046,1,0.4685892237528504
depression,PennyLane VQC (4 qubits),2,90052,0,0.21580681042669747
depression,PennyLane VQC (4 qubits),2,90059,0,0.3794218480640788
depression,PennyLane VQC (4 qubits),2,90066,0,0.530130034197379
depression,PennyLane VQC (4 qubits),2,90074,1,0.6206358154980116
depression,PennyLane VQC (4 qubits),2,90081,0,0.6563829405257312
depression,PennyLane VQC (4 qubits),2,90090,0,0.47298771811126283
depression,PennyLane VQC (4 qubits),2,90098,0,0.6306388112383399
depression,PennyLane VQC (4 qubits),2,90108,0,0.21072035698804858
depression,PennyLane VQC (4 qubits),2,90117,0,0.312498688022936
depression,PennyLane VQC (4 qubits),2,90124,0,0.43998452802423293
depression,PennyLane VQC (4 qubits),2,90139,0,0.2867741446189921
depression,PennyLane VQC (4 qubits),2,90146,1,0.3939337432382296
depression,PennyLane VQC (4 qubits),2,90154,0,0.44453636187256024
depression,PennyLane VQC (4 qubits),2,90164,0,0.4433623130072912
depression,PennyLane VQC (4 qubits),2,90181,0,0.5701835566715212
depression,PennyLane VQC (4 qubits),2,90186,0,0.6574930676767652
depression,PennyLane VQC (4 qubits),2,90194,0,0.44349146353606017
depression,PennyLane VQC (4 qubits),2,90206,0,0.47997535936063324
depression,PennyLane VQC (4 qubits),2,90229,0,0.20200495205213975
depression,PennyLane VQC (4 qubits),2,90242,0,0.6306934262480122
depression,PennyLane VQC (4 qubits),2,90248,0,0.20567818737034999
depression,PennyLane VQC (4 qubits),2,90256,0,0.4977499870040477
depression,PennyLane VQC (4 qubits),2,90266,1,0.6228155273598968
depression,PennyLane VQC (4 qubits),2,90279,0,0.27535252274354527
depression,PennyLane VQC (4 qubits),2,90285,0,0.4991995484278796
depression,PennyLane VQC (4 qubits),2,90297,1,0.18386220857163754
depression,PennyLane VQC (4 qubits),2,90304,0,0.32724716602266746
depression,PennyLane VQC (4 qubits),2,90318,0,0.4665648445622128
depression,PennyLane VQC (4 qubits),2,90323,0,0.6500911028360079
depression,PennyLane VQC (4 qubits),2,90329,1,0.3632029832125175
depression,PennyLane VQC (4 qubits),2,90340,1,0.538251109816533
depression,PennyLane VQC (4 qubits),2,90350,1,0.21495215784617283
depression,PennyLane VQC (4 qubits),2,90357,0,0.5428748704594966
depression,PennyLane VQC (4 qubits),2,90366,0,0.41333826043660893
depression,PennyLane VQC (4 qubits),2,90377,0,0.47311795480654495
depression,PennyLane VQC (4 qubits),2,90386,0,0.6686489126833662
depression,PennyLane VQC (4 qubits),2,90396,0,0.5282474264857988
depression,PennyLane VQC (4 qubits),2,90403,1,0.3038191059416038
depression,PennyLane VQC (4 qubits),2,90417,0,0.7428983448238848
depression,PennyLane VQC (4 qubits),2,90432,0,0.5266016775906303
depression,PennyLane VQC (4 qubits),2,90441,0,0.17365869393791356
depression,PennyLane VQC (4 qubits),2,90455,0,0.4955325675448063
depression,PennyLane VQC (4 qubits),2,90464,0,0.5410038689133626
depression,PennyLane VQC (4 qubits),2,90473,0,0.5741764858287921
depression,PennyLane VQC (4 qubits),2,90486,0,0.24118192075382222
depression,PennyLane VQC (4 qubits),2,90498,0,0.4475496574755179
depression,PennyLane VQC (4 qubits),2,90506,0,0.12275939930345964
depression,PennyLane VQC (4 qubits),2,90515,0,0.4469802927973797
depression,PennyLane VQC (4 qubits),2,90521,0,0.58699262974957
depression,PennyLane VQC (4 qubits),2,90528,0,0.5772555687816532
depression,PennyLane VQC (4 qubits),2,90534,0,0.3832663545278857
depression,PennyLane VQC (4 qubits),2,90544,0,0.5094731818155537
depression,PennyLane VQC (4 qubits),2,90556,0,0.1965275134806156
depression,PennyLane VQC (4 qubits),2,90569,0,0.509913081564433
depression,PennyLane VQC (4 qubits),2,90581,0,0.43529997701043727
depression,PennyLane VQC (4 qubits),2,90588,0,0.583004137708617
depression,PennyLane VQC (4 qubits),2,90597,0,0.6896337927631494
depression,PennyLane VQC (4 qubits),2,90608,0,0.5052571575160548
depression,PennyLane VQC (4 qubits),2,90614,0,0.36251349627641305
depression,PennyLane VQC (4 qubits),2,90625,0,0.3253985849719332
depression,PennyLane VQC (4 qubits),2,90634,0,0.43073270953208537
depression,PennyLane VQC (4 qubits),2,90644,0,0.22975973848715325
depression,PennyLane VQC (4 qubits),2,90651,0,0.3531053550663847
depression,PennyLane VQC (4 qubits),2,90656,0,0.4060224134368086
depression,PennyLane VQC (4 qubits),2,90659,0,0.5039482641257043
depression,PennyLane VQC (4 qubits),2,90666,0,0.39880441656613147
depression,PennyLane VQC (4 qubits),2,90672,0,0.29170469393251147
depression,PennyLane VQC (4 qubits),2,90679,0,0.6035082166748567
depression,PennyLane VQC (4 qubits),2,90689,0,0.43977660431510357
depression,PennyLane VQC (4 qubits),2,90698,0,0.5969215616715657
depression,PennyLane VQC (4 qubits),2,90710,0,0.19665167325090882
depression,PennyLane VQC (4 qubits),2,90719,0,0.3787710615660306
depression,PennyLane VQC (4 qubits),2,90732,0,0.4350390613787184
depression,PennyLane VQC (4 qubits),2,90745,1,0.601261733050493
depression,PennyLane VQC (4 qubits),2,90758,0,0.4829524473781117
depression,PennyLane VQC (4 qubits),2,90771,0,0.3801478579170604
depression,PennyLane VQC (4 qubits),2,90786,0,0.25300283083669456
depression,PennyLane VQC (4 qubits),2,90797,0,0.5429674225733564
depression,PennyLane VQC (4 qubits),2,90808,0,0.6494627814628879
depression,PennyLane VQC (4 qubits),2,90815,0,0.47634377159666386
depression,PennyLane VQC (4 qubits),2,90825,0,0.41764551004289296
depression,PennyLane VQC (4 qubits),2,90837,0,0.42853427709018055
depression,PennyLane VQC (4 qubits),2,90847,0,0.20731890827816346
depression,PennyLane VQC (4 qubits),2,90854,0,0.5004158029441396
depression,PennyLane VQC (4 qubits),2,90865,0,0.22566147792207064
depression,PennyLane VQC (4 qubits),2,90875,0,0.5784741519560754
depression,PennyLane VQC (4 qubits),2,90887,0,0.28712212897936795
depression,PennyLane VQC (4 qubits),2,90894,0,0.2974717784869902
depression,PennyLane VQC (4 qubits),2,90904,0,0.3954672528564418
depression,PennyLane VQC (4 qubits),2,90913,0,0.7183997872920396
depression,PennyLane VQC (4 qubits),2,90922,0,0.4311659214532924
depression,PennyLane VQC (4 qubits),2,90927,0,0.5318634603766075
depression,PennyLane VQC (4 qubits),2,90934,0,0.26394832687040115
depression,PennyLane VQC (4 qubits),2,90943,0,0.6437542285487351
depression,PennyLane VQC (4 qubits),2,90955,0,0.5423660953917335
depression,PennyLane VQC (4 qubits),2,90963,0,0.5007576412401185
depression,PennyLane VQC (4 qubits),2,90972,0,0.521735803170505
depression,PennyLane VQC (4 qubits),2,90981,0,0.3765839981303678
depression,PennyLane VQC (4 qubits),2,90991,0,0.4365426786849061
depression,PennyLane VQC (4 qubits),2,90999,0,0.5528068820916598
depression,PennyLane VQC (4 qubits),2,91010,0,0.47262629217877905
depression,PennyLane VQC (4 qubits),2,91020,0,0.4826157311370281
depression,PennyLane VQC (4 qubits),2,91026,0,0.542918757243855
depression,PennyLane VQC (4 qubits),2,91040,0,0.3362566205296633
depression,PennyLane VQC (4 qubits),2,91048,0,0.7213741135401759
depression,PennyLane VQC (4 qubits),2,91056,0,0.22477022149808806
depression,PennyLane VQC (4 qubits),2,91066,0,0.5799698214946205
depression,PennyLane VQC (4 qubits),2,91078,0,0.511785116034759
depression,PennyLane VQC (4 qubits),2,91091,0,0.1969723004394225
depression,PennyLane VQC (4 qubits),2,91100,0,0.5529272343082734
depression,PennyLane VQC (4 qubits),2,91112,0,0.7152508157165883
depression,PennyLane VQC (4 qubits),2,91127,0,0.47215032547134195
depression,PennyLane VQC (4 qubits),2,91137,0,0.6273231122705795
depression,PennyLane VQC (4 qubits),2,91144,0,0.3572986253550164
depression,PennyLane VQC (4 qubits),2,91156,0,0.4065444122199194
depression,PennyLane VQC (4 qubits),2,91165,0,0.25412324428510596
depression,PennyLane VQC (4 qubits),2,91174,0,0.5160802414799055
depression,PennyLane VQC (4 qubits),2,91184,0,0.4617263375734316
depression,PennyLane VQC (4 qubits),2,91196,0,0.3981037124938973
depression,PennyLane VQC (4 qubits),2,91213,0,0.5320048008219139
depression,PennyLane VQC (4 qubits),2,91222,0,0.5621131138744048
depression,PennyLane VQC (4 qubits),2,91234,0,0.529943687132904
depression,PennyLane VQC (4 qubits),2,91249,0,0.5017957828066186
depression,PennyLane VQC (4 qubits),2,91259,0,0.5182773785294776
depression,PennyLane VQC (4 qubits),2,91272,0,0.5180958666832175
depression,PennyLane VQC (4 qubits),2,91278,0,0.19050875825633162
depression,PennyLane VQC (4 qubits),2,91290,0,0.5058309118637397
depression,PennyLane VQC (4 qubits),2,91302,0,0.32196529855706807
depression,PennyLane VQC (4 qubits),2,91313,0,0.14303354618479502
depression,PennyLane VQC (4 qubits),2,91323,0,0.3624755542832315
depression,PennyLane VQC (4 qubits),2,91329,0,0.2017666004336674
depression,PennyLane VQC (4 qubits),2,91338,0,0.5245068394242757
depression,PennyLane VQC (4 qubits),2,91345,0,0.5950540188876425
depression,PennyLane VQC (4 qubits),2,91354,0,0.4805671455312193
depression,PennyLane VQC (4 qubits),2,91360,0,0.5151170130630891
depression,PennyLane VQC (4 qubits),2,91366,0,0.3319466385061388
depression,PennyLane VQC (4 qubits),2,91377,1,0.48407832331639955
depression,PennyLane VQC (4 qubits),2,91392,0,0.1226585578427159
depression,PennyLane VQC (4 qubits),2,91400,1,0.5724343126740535
depression,PennyLane VQC (4 qubits),2,91414,0,0.42649604169160604
depression,PennyLane VQC (4 qubits),2,91423,0,0.5267105067514725
depression,PennyLane VQC (4 qubits),2,91433,0,0.5125892256795805
depression,PennyLane VQC (4 qubits),2,91442,0,0.4991084272990355
depression,PennyLane VQC (4 qubits),2,91450,1,0.5282186452972282
depression,PennyLane VQC (4 qubits),2,91461,0,0.5085104422001513
depression,PennyLane VQC (4 qubits),2,91474,0,0.4764510131809534
depression,PennyLane VQC (4 qubits),2,91479,0,0.45801442277495397
depression,PennyLane VQC (4 qubits),2,91487,0,0.5438896135692449
depression,PennyLane VQC (4 qubits),2,91495,0,0.38380544833077374
depression,PennyLane VQC (4 qubits),2,91508,0,0.23030367514094852
depression,PennyLane VQC (4 qubits),2,91520,1,0.41858491377493956
depression,PennyLane VQC (4 qubits),2,91532,0,0.24046311113265234
depression,PennyLane VQC (4 qubits),2,91542,0,0.5087939229324343
depression,PennyLane VQC (4 qubits),2,91552,0,0.5038870321676667
depression,PennyLane VQC (4 qubits),2,91562,0,0.5486095158113431
depression,PennyLane VQC (4 qubits),2,91570,0,0.2715562284679168
depression,PennyLane VQC (4 qubits),2,91583,0,0.5306880425898258
depression,PennyLane VQC (4 qubits),2,91592,0,0.5320040986890991
depression,PennyLane VQC (4 qubits),2,91603,0,0.7402689327581051
depression,PennyLane VQC (4 qubits),2,91612,0,0.2500285368585294
depression,PennyLane VQC (4 qubits),2,91621,0,0.7195353758447613
depression,PennyLane VQC (4 qubits),2,91630,0,0.5231035374521471
depression,PennyLane VQC (4 qubits),2,91633,0,0.57489827086157
depression,PennyLane VQC (4 qubits),2,91642,0,0.5493859806109299
depression,PennyLane VQC (4 qubits),2,91659,0,0.43340876741248446
depression,PennyLane VQC (4 qubits),2,91669,0,0.43363497226527514
depression,PennyLane VQC (4 qubits),2,91672,0,0.3406368743589747
depression,PennyLane VQC (4 qubits),2,91679,0,0.5070554659629529
depression,PennyLane VQC (4 qubits),2,91697,0,0.3491633486430167
depression,PennyLane VQC (4 qubits),2,91712,0,0.5152046561220769
depression,PennyLane VQC (4 qubits),2,91721,0,0.2963362462254382
depression,PennyLane VQC (4 qubits),2,91727,0,0.48117403231795847
depression,PennyLane VQC (4 qubits),2,91731,0,0.42635304007034885
depression,PennyLane VQC (4 qubits),2,91739,0,0.6456346946534607
depression,PennyLane VQC (4 qubits),2,91748,0,0.17810083265091797
depression,PennyLane VQC (4 qubits),2,91758,0,0.4840827267386675
depression,PennyLane VQC (4 qubits),2,91772,0,0.5569770304861614
depression,PennyLane VQC (4 qubits),2,91785,0,0.5474916540093278
depression,PennyLane VQC (4 qubits),2,91792,0,0.3940645580721639
depression,PennyLane VQC (4 qubits),2,91803,1,0.7078899807642071
depression,PennyLane VQC (4 qubits),2,91809,0,0.5356068907370616
depression,PennyLane VQC (4 qubits),2,91816,0,0.38388506239014275
depression,PennyLane VQC (4 qubits),2,91824,0,0.5508405588516816
depression,PennyLane VQC (4 qubits),2,91834,0,0.6072243525783809
depression,PennyLane VQC (4 qubits),2,91841,0,0.35788055705445443
depression,PennyLane VQC (4 qubits),2,91850,0,0.29919031904358123
depression,PennyLane VQC (4 qubits),2,91859,0,0.6277162864572742
depression,PennyLane VQC (4 qubits),2,91868,0,0.6610557881726102
depression,PennyLane VQC (4 qubits),2,91884,0,0.48575450469643655
depression,PennyLane VQC (4 qubits),2,91890,0,0.5892899797084625
depression,PennyLane VQC (4 qubits),2,91899,0,0.4340852894474869
depression,PennyLane VQC (4 qubits),2,91911,0,0.5507290946738692
depression,PennyLane VQC (4 qubits),2,91921,0,0.723418492047398
depression,PennyLane VQC (4 qubits),2,91930,0,0.43206672315096745
depression,PennyLane VQC (4 qubits),2,91944,0,0.3027683647269992
depression,PennyLane VQC (4 qubits),2,91956,0,0.5484126213542179
depression,PennyLane VQC (4 qubits),2,91962,0,0.5109648933658215
depression,PennyLane VQC (4 qubits),2,91970,0,0.5442718067108757
depression,PennyLane VQC (4 qubits),2,91978,0,0.694440614138754
depression,PennyLane VQC (4 qubits),2,91992,0,0.2925499005036395
depression,PennyLane VQC (4 qubits),2,92000,0,0.34379937237458397
depression,PennyLane VQC (4 qubits),2,92010,0,0.19087311276134977
depression,PennyLane VQC (4 qubits),2,92021,0,0.2724534031013044
depression,PennyLane VQC (4 qubits),2,92027,0,0.4304457904319657
depression,PennyLane VQC (4 qubits),2,92043,0,0.13449874166287268
depression,PennyLane VQC (4 qubits),2,92050,0,0.5341155573241767
depression,PennyLane VQC (4 qubits),2,92059,0,0.30677868914244044
depression,PennyLane VQC (4 qubits),2,92072,0,0.27135449216730473
depression,PennyLane VQC (4 qubits),2,92084,0,0.31542179862554154
depression,PennyLane VQC (4 qubits),2,92092,0,0.42192025002472067
depression,PennyLane VQC (4 qubits),2,92103,0,0.41367429938045885
depression,PennyLane VQC (4 qubits),2,92111,0,0.5084452935293855
depression,PennyLane VQC (4 qubits),2,92119,0,0.5057903195251477
depression,PennyLane VQC (4 qubits),2,92126,0,0.45811255753221564
depression,PennyLane VQC (4 qubits),2,92133,0,0.4204955614970044
depression,PennyLane VQC (4 qubits),2,92140,0,0.6355106355566271
depression,PennyLane VQC (4 qubits),2,92155,0,0.3613485599775154
depression,PennyLane VQC (4 qubits),2,92158,0,0.5718043866594885
depression,PennyLane VQC (4 qubits),2,92168,0,0.3424049575585761
depression,PennyLane VQC (4 qubits),2,92185,0,0.3966232209930739
depression,PennyLane VQC (4 qubits),2,92198,0,0.6365146838260303
depression,PennyLane VQC (4 qubits),2,92204,0,0.33565190391639455
depression,PennyLane VQC (4 qubits),2,92217,0,0.6510541875422895
depression,PennyLane VQC (4 qubits),2,92229,0,0.3143889891318936
depression,PennyLane VQC (4 qubits),2,92240,0,0.27398348050437826
depression,PennyLane VQC (4 qubits),2,92253,0,0.5385751434052382
depression,PennyLane VQC (4 qubits),2,92256,0,0.6236031985568069
depression,PennyLane VQC (4 qubits),2,92263,0,0.6647520806783114
depression,PennyLane VQC (4 qubits),2,92281,0,0.44225812599694614
depression,PennyLane VQC (4 qubits),2,92295,0,0.5660874158298725
depression,PennyLane VQC (4 qubits),2,92300,1,0.17946407507731688
depression,PennyLane VQC (4 qubits),2,92320,0,0.22823972088015076
depression,PennyLane VQC (4 qubits),2,92335,0,0.3777547110420394
depression,PennyLane VQC (4 qubits),2,92340,0,0.5273501487184358
depression,PennyLane VQC (4 qubits),2,92356,0,0.5764802601480117
depression,PennyLane VQC (4 qubits),2,92363,1,0.3004422002164415
depression,PennyLane VQC (4 qubits),2,92371,0,0.37984493180645157
depression,PennyLane VQC (4 qubits),2,92380,0,0.36654039220821333
depression,PennyLane VQC (4 qubits),2,92395,0,0.29393712617025236
depression,PennyLane VQC (4 qubits),2,92404,0,0.6788436122876481
depression,PennyLane VQC (4 qubits),2,92412,0,0.531251613825372
depression,PennyLane VQC (4 qubits),2,92418,0,0.505001842733459
depression,PennyLane VQC (4 qubits),2,92426,0,0.19418523590237458
depression,PennyLane VQC (4 qubits),2,92436,0,0.524853534506759
depression,PennyLane VQC (4 qubits),2,92446,0,0.40487146794779183
depression,PennyLane VQC (4 qubits),2,92459,0,0.480897798284569
depression,PennyLane VQC (4 qubits),2,92476,0,0.5927688515043985
depression,PennyLane VQC (4 qubits),2,92487,0,0.49086846499756365
depression,PennyLane VQC (4 qubits),2,92497,0,0.5570318498193956
depression,PennyLane VQC (4 qubits),2,92507,0,0.6994461193471435
depression,PennyLane VQC (4 qubits),2,92513,1,0.3829161590117962
depression,PennyLane VQC (4 qubits),2,92527,0,0.5634124811541227
depression,PennyLane VQC (4 qubits),2,92535,0,0.4671749330023427
depression,PennyLane VQC (4 qubits),2,92542,0,0.5139135388089049
depression,PennyLane VQC (4 qubits),2,92553,0,0.3526898841133457
depression,PennyLane VQC (4 qubits),2,92559,0,0.45654360135108213
depression,PennyLane VQC (4 qubits),2,92564,0,0.41399522629612795
depression,PennyLane VQC (4 qubits),2,92573,1,0.5262640505986658
depression,PennyLane VQC (4 qubits),2,92587,0,0.5711715849667264
depression,PennyLane VQC (4 qubits),2,92598,0,0.43320741679275365
depression,PennyLane VQC (4 qubits),2,92606,0,0.20951316318264418
depression,PennyLane VQC (4 qubits),2,92615,0,0.3962212946855532
depression,PennyLane VQC (4 qubits),2,92623,0,0.41549624590428735
depression,PennyLane VQC (4 qubits),2,92633,0,0.5072770760149893
depression,PennyLane VQC (4 qubits),2,92642,0,0.38901855852697687
depression,PennyLane VQC (4 qubits),2,92654,0,0.564353320905356
depression,PennyLane VQC (4 qubits),2,92663,0,0.4617462794427297
depression,PennyLane VQC (4 qubits),2,92674,0,0.5213533144351986
depression,PennyLane VQC (4 qubits),2,92686,0,0.6242766933926307
depression,PennyLane VQC (4 qubits),2,92695,1,0.18580194337108175
depression,PennyLane VQC (4 qubits),2,92703,1,0.4364359971310771
depression,PennyLane VQC (4 qubits),2,92717,0,0.24601586428398242
depression,PennyLane VQC (4 qubits),2,92725,0,0.4721770435327254
depression,PennyLane VQC (4 qubits),2,92738,0,0.6333269148976327
depression,PennyLane VQC (4 qubits),2,92746,0,0.4571611726457459
depression,PennyLane VQC (4 qubits),2,92752,0,0.4903639535712981
depression,PennyLane VQC (4 qubits),2,92764,1,0.5313635140831976
depression,PennyLane VQC (4 qubits),2,92775,0,0.5068316179052367
depression,PennyLane VQC (4 qubits),2,92787,0,0.5764327540362633
depression,PennyLane VQC (4 qubits),2,92797,0,0.47063911521698343
depression,PennyLane VQC (4 qubits),2,92812,0,0.5088322331282555
depression,PennyLane VQC (4 qubits),2,92821,0,0.5579016399465998
depression,PennyLane VQC (4 qubits),2,92828,0,0.44136483178986374
depression,PennyLane VQC (4 qubits),2,92838,0,0.5324268927235423
depression,PennyLane VQC (4 qubits),2,92848,0,0.42946470059693376
depression,PennyLane VQC (4 qubits),2,92858,0,0.26033194320065567
depression,PennyLane VQC (4 qubits),2,92876,0,0.36373416844780804
depression,PennyLane VQC (4 qubits),2,92886,0,0.3897294415671969
depression,PennyLane VQC (4 qubits),2,92894,0,0.26564505080752615
depression,PennyLane VQC (4 qubits),2,92895,0,0.5799949532918105
depression,PennyLane VQC (4 qubits),2,92901,0,0.4539489773662411
depression,PennyLane VQC (4 qubits),2,92908,0,0.4028852269120621
depression,PennyLane VQC (4 qubits),2,92915,0,0.6622177538571019
depression,PennyLane VQC (4 qubits),2,92924,0,0.5129816309804537
depression,PennyLane VQC (4 qubits),2,92935,0,0.19238742629658218
depression,PennyLane VQC (4 qubits),2,92942,0,0.4528023525709951
depression,PennyLane VQC (4 qubits),2,92954,0,0.5085606632497734
depression,PennyLane VQC (4 qubits),2,92964,0,0.4714902100154864
depression,PennyLane VQC (4 qubits),2,92975,0,0.32339364444408564
depression,PennyLane VQC (4 qubits),2,92985,0,0.24986931813762447
depression,PennyLane VQC (4 qubits),2,92990,0,0.6057136106289266
depression,PennyLane VQC (4 qubits),2,92998,0,0.6268688734611823
depression,PennyLane VQC (4 qubits),2,93004,0,0.4420179989101164
depression,PennyLane VQC (4 qubits),2,93012,0,0.4427398221281672
depression,PennyLane VQC (4 qubits),2,93018,0,0.1902300174614604
depression,PennyLane VQC (4 qubits),2,93028,0,0.44453636187256024
depression,PennyLane VQC (4 qubits),2,93042,1,0.4052722089923244
depression,PennyLane VQC (4 qubits),2,93050,1,0.2082876649179402
depression,PennyLane VQC (4 qubits),2,93057,0,0.584941814054987
depression,PennyLane VQC (4 qubits),2,93072,0,0.5199480434422197
depression,PennyLane VQC (4 qubits),2,93077,0,0.5981969193432073
depression,PennyLane VQC (4 qubits),2,93087,0,0.3724416299886548
depression,PennyLane VQC (4 qubits),2,93095,0,0.36156945305383215
depression,PennyLane VQC (4 qubits),2,93106,0,0.4953274966936142
depression,PennyLane VQC (4 qubits),2,93115,0,0.629654232082585
depression,PennyLane VQC (4 qubits),2,93127,0,0.5084105802182477
depression,PennyLane VQC (4 qubits),2,93142,0,0.4485289836897226
depression,PennyLane VQC (4 qubits),2,93153,0,0.419238969584343
depression,PennyLane VQC (4 qubits),2,93169,0,0.5350078115782055
depression,PennyLane VQC (4 qubits),2,93176,0,0.5493838814881158
depression,PennyLane VQC (4 qubits),2,93181,0,0.5414442616213019
depression,PennyLane VQC (4 qubits),2,93196,0,0.4901796773400325
depression,PennyLane VQC (4 qubits),2,93205,0,0.4774871808310269
depression,PennyLane VQC (4 qubits),2,93212,1,0.4724088464723765
depression,PennyLane VQC (4 qubits),2,93228,0,0.3276830110068035
depression,PennyLane VQC (4 qubits),2,93239,0,0.2899086384562841
depression,PennyLane VQC (4 qubits),2,93249,0,0.6815133927635806
depression,PennyLane VQC (4 qubits),2,93263,0,0.4797332539607919
depression,PennyLane VQC (4 qubits),2,93272,0,0.4252209900966303
depression,PennyLane VQC (4 qubits),2,93277,0,0.5229807000110147
depression,PennyLane VQC (4 qubits),2,93283,0,0.24310394210786251
depression,PennyLane VQC (4 qubits),2,93291,0,0.2545625249256396
depression,PennyLane VQC (4 qubits),2,93305,0,0.22331116417882746
depression,PennyLane VQC (4 qubits),2,93311,0,0.17184196923068107
depression,PennyLane VQC (4 qubits),2,93325,0,0.5205692175786987
depression,PennyLane VQC (4 qubits),2,93330,0,0.47719323112858336
depression,PennyLane VQC (4 qubits),2,93340,0,0.3571775714548068
depression,PennyLane VQC (4 qubits),2,93352,0,0.4631809111245354
depression,PennyLane VQC (4 qubits),2,93356,0,0.5225275825635556
depression,PennyLane VQC (4 qubits),2,93365,0,0.45569471258018873
depression,PennyLane VQC (4 qubits),2,93371,0,0.26764685374252195
depression,PennyLane VQC (4 qubits),2,93386,0,0.6304847394793794
depression,PennyLane VQC (4 qubits),2,93399,1,0.5098186963605331
depression,PennyLane VQC (4 qubits),2,93417,1,0.6229255434613648
depression,PennyLane VQC (4 qubits),2,93428,1,0.7253548025899884
depression,PennyLane VQC (4 qubits),2,93436,0,0.5825050339867368
depression,PennyLane VQC (4 qubits),2,93443,0,0.34422309515463295
depression,PennyLane VQC (4 qubits),2,93459,0,0.39348414998092823
depression,PennyLane VQC (4 qubits),2,93476,0,0.670090934144482
depression,PennyLane VQC (4 qubits),2,93486,0,0.24658128955859254
depression,PennyLane VQC (4 qubits),2,93493,0,0.10807519115199371
depression,PennyLane VQC (4 qubits),2,93502,0,0.6382539814816257
depression,PennyLane VQC (4 qubits),2,93511,0,0.5625455947625793
depression,PennyLane VQC (4 qubits),2,93520,0,0.6629920618238672
depression,PennyLane VQC (4 qubits),2,93529,1,0.507912873181073
depression,PennyLane VQC (4 qubits),2,93539,0,0.1813183555028639
depression,PennyLane VQC (4 qubits),2,93550,1,0.4512431918864464
depression,PennyLane VQC (4 qubits),2,93558,0,0.5082668972190014
depression,PennyLane VQC (4 qubits),2,93565,0,0.5003509131905748
depression,PennyLane VQC (4 qubits),2,93574,0,0.6052845002491565
depression,PennyLane VQC (4 qubits),2,93587,0,0.4163523429425856
depression,PennyLane VQC (4 qubits),2,93597,0,0.4715738174803882
depression,PennyLane VQC (4 qubits),2,93608,0,0.532590447483926
depression,PennyLane VQC (4 qubits),2,93614,1,0.49451263126924627
depression,PennyLane VQC (4 qubits),2,93622,0,0.2116611886432822
depression,PennyLane VQC (4 qubits),2,93633,0,0.5629036863211608
depression,PennyLane VQC (4 qubits),2,93643,0,0.4860888770766124
depression,PennyLane VQC (4 qubits),2,93654,0,0.5098299064492311
depression,PennyLane VQC (4 qubits),2,93663,0,0.48077003923930955
depression,PennyLane VQC (4 qubits),2,93672,0,0.36951684402080304
depression,PennyLane VQC (4 qubits),2,93684,0,0.49096698757794577
depression,PennyLane VQC (4 qubits),2,93696,0,0.3848358950770059
depression,PennyLane VQC (4 qubits),3,83735,1,0.5360488454146635
depression,PennyLane VQC (4 qubits),3,83737,0,0.5673088428753947
depression,PennyLane VQC (4 qubits),3,83750,0,0.4835296087030469
depression,PennyLane VQC (4 qubits),3,83761,0,0.3180694904096778
depression,PennyLane VQC (4 qubits),3,83777,1,0.5427045032956537
depression,PennyLane VQC (4 qubits),3,83788,0,0.3600895584792659
depression,PennyLane VQC (4 qubits),3,83809,0,0.3577678638531341
depression,PennyLane VQC (4 qubits),3,83818,0,0.6255304188522736
depression,PennyLane VQC (4 qubits),3,83828,0,0.529442614421473
depression,PennyLane VQC (4 qubits),3,83837,0,0.5084015159355202
depression,PennyLane VQC (4 qubits),3,83849,0,0.48696698117329873
depression,PennyLane VQC (4 qubits),3,83860,0,0.46993704357177274
depression,PennyLane VQC (4 qubits),3,83870,0,0.5165524840297891
depression,PennyLane VQC (4 qubits),3,83881,0,0.40653114623278885
depression,PennyLane VQC (4 qubits),3,83887,0,0.6495573480040565
depression,PennyLane VQC (4 qubits),3,83895,0,0.431464297933752
depression,PennyLane VQC (4 qubits),3,83902,0,0.5040350985544771
depression,PennyLane VQC (4 qubits),3,83913,0,0.38434553980825226
depression,PennyLane VQC (4 qubits),3,83924,0,0.5252674184952448
depression,PennyLane VQC (4 qubits),3,83932,0,0.3237104366169938
depression,PennyLane VQC (4 qubits),3,83946,0,0.43503760489156895
depression,PennyLane VQC (4 qubits),3,83953,0,0.4699225193659744
depression,PennyLane VQC (4 qubits),3,83961,0,0.6400443819829248
depression,PennyLane VQC (4 qubits),3,83966,0,0.6168171466049677
depression,PennyLane VQC (4 qubits),3,83977,0,0.3623566326485581
depression,PennyLane VQC (4 qubits),3,83989,1,0.490474368615869
depression,PennyLane VQC (4 qubits),3,83996,0,0.5015640353100452
depression,PennyLane VQC (4 qubits),3,84006,0,0.5680722997730842
depression,PennyLane VQC (4 qubits),3,84015,0,0.6983544933609473
depression,PennyLane VQC (4 qubits),3,84022,0,0.4217343730278
depression,PennyLane VQC (4 qubits),3,84029,0,0.4280140597381267
depression,PennyLane VQC (4 qubits),3,84036,0,0.46408334130043993
depression,PennyLane VQC (4 qubits),3,84046,0,0.5410492823056199
depression,PennyLane VQC (4 qubits),3,84058,0,0.1808677586359223
depression,PennyLane VQC (4 qubits),3,84069,0,0.5280041763881891
depression,PennyLane VQC (4 qubits),3,84077,0,0.5649917907150697
depression,PennyLane VQC (4 qubits),3,84089,0,0.6057914674864884
depression,PennyLane VQC (4 qubits),3,84101,0,0.2679515127294727
depression,PennyLane VQC (4 qubits),3,84110,0,0.3533140757635157
depression,PennyLane VQC (4 qubits),3,84118,0,0.3288788653224136
depression,PennyLane VQC (4 qubits),3,84125,1,0.3035374811402418
depression,PennyLane VQC (4 qubits),3,84126,0,0.4802261675848769
depression,PennyLane VQC (4 qubits),3,84143,0,0.5232028968519489
depression,PennyLane VQC (4 qubits),3,84167,0,0.5412808570344518
depression,PennyLane VQC (4 qubits),3,84172,0,0.42449760539235804
depression,PennyLane VQC (4 qubits),3,84181,1,0.2864272770175417
depression,PennyLane VQC (4 qubits),3,84192,0,0.23787239420305295
depression,PennyLane VQC (4 qubits),3,84200,0,0.2926253672937808
depression,PennyLane VQC (4 qubits),3,84211,0,0.4361168018864317
depression,PennyLane VQC (4 qubits),3,84218,0,0.44831662671029954
depression,PennyLane VQC (4 qubits),3,84228,0,0.48250451928859395
depression,PennyLane VQC (4 qubits),3,84235,0,0.6560031336131577
depression,PennyLane VQC (4 qubits),3,84238,0,0.24300076439875445
depression,PennyLane VQC (4 qubits),3,84251,1,0.1699783951187664
depression,PennyLane VQC (4 qubits),3,84269,0,0.23430710014888573
depression,PennyLane VQC (4 qubits),3,84282,0,0.26790069106825587
depression,PennyLane VQC (4 qubits),3,84292,0,0.7038005746140914
depression,PennyLane VQC (4 qubits),3,84300,0,0.16686612174142545
depression,PennyLane VQC (4 qubits),3,84309,0,0.46942508261941573
depression,PennyLane VQC (4 qubits),3,84321,0,0.45980460312407456
depression,PennyLane VQC (4 qubits),3,84336,0,0.23000147000750715
depression,PennyLane VQC (4 qubits),3,84354,0,0.2937965333813122
depression,PennyLane VQC (4 qubits),3,84366,0,0.4919103923287072
depression,PennyLane VQC (4 qubits),3,84376,0,0.6347589127086423
depression,PennyLane VQC (4 qubits),3,84384,0,0.6054162128977338
depression,PennyLane VQC (4 qubits),3,84391,0,0.39704873552821285
depression,PennyLane VQC (4 qubits),3,84396,0,0.5310456483215794
depression,PennyLane VQC (4 qubits),3,84404,0,0.3250602009802609
depression,PennyLane VQC (4 qubits),3,84412,0,0.2575136454228733
depression,PennyLane VQC (4 qubits),3,84424,0,0.4825171420952521
depression,PennyLane VQC (4 qubits),3,84431,0,0.4673928270713132
depression,PennyLane VQC (4 qubits),3,84443,0,0.5662067031221076
depression,PennyLane VQC (4 qubits),3,84453,0,0.3442209540208479
depression,PennyLane VQC (4 qubits),3,84463,0,0.6485947365221691
depression,PennyLane VQC (4 qubits),3,84467,0,0.596809692384416
depression,PennyLane VQC (4 qubits),3,84482,0,0.4812542309281098
depression,PennyLane VQC (4 qubits),3,84488,0,0.5727654527851015
depression,PennyLane VQC (4 qubits),3,84498,0,0.38751088067888984
depression,PennyLane VQC (4 qubits),3,84511,0,0.4867303202066535
depression,PennyLane VQC (4 qubits),3,84532,0,0.5591587000502334
depression,PennyLane VQC (4 qubits),3,84540,0,0.1970723525459856
depression,PennyLane VQC (4 qubits),3,84548,0,0.5700837985365422
depression,PennyLane VQC (4 qubits),3,84556,0,0.5821640435589438
depression,PennyLane VQC (4 qubits),3,84567,0,0.6091399994923961
depression,PennyLane VQC (4 qubits),3,84579,0,0.3587838081933279
depression,PennyLane VQC (4 qubits),3,84584,0,0.47998113695428346
depression,PennyLane VQC (4 qubits),3,84594,0,0.34713009415379925
depression,PennyLane VQC (4 qubits),3,84602,0,0.35048863770594696
depression,PennyLane VQC (4 qubits),3,84612,0,0.5162645343554471
depression,PennyLane VQC (4 qubits),3,84619,0,0.7585637385068742
depression,PennyLane VQC (4 qubits),3,84626,0,0.5849830966477738
depression,PennyLane VQC (4 qubits),3,84640,0,0.5713051308703643
depression,PennyLane VQC (4 qubits),3,84649,0,0.4533502349400402
depression,PennyLane VQC (4 qubits),3,84660,0,0.44394430597297574
depression,PennyLane VQC (4 qubits),3,84668,0,0.588940715606867
depression,PennyLane VQC (4 qubits),3,84676,1,0.5241242421292753
depression,PennyLane VQC (4 qubits),3,84685,0,0.3290468853193388
depression,PennyLane VQC (4 qubits),3,84695,1,0.7990826145856682
depression,PennyLane VQC (4 qubits),3,84704,0,0.5969138506375403
depression,PennyLane VQC (4 qubits),3,84707,0,0.5363301491955179
depression,PennyLane VQC (4 qubits),3,84719,0,0.3114594577267501
depression,PennyLane VQC (4 qubits),3,84732,0,0.45198117862173703
depression,PennyLane VQC (4 qubits),3,84741,0,0.5439605444946299
depression,PennyLane VQC (4 qubits),3,84752,0,0.5096585885592239
depression,PennyLane VQC (4 qubits),3,84759,0,0.4083066972244494
depression,PennyLane VQC (4 qubits),3,84766,0,0.5302170056014859
depression,PennyLane VQC (4 qubits),3,84768,0,0.5221101736973726
depression,PennyLane VQC (4 qubits),3,84777,0,0.4810861418044581
depression,PennyLane VQC (4 qubits),3,84786,0,0.6036494960239372
depression,PennyLane VQC (4 qubits),3,84795,0,0.5229425018683268
depression,PennyLane VQC (4 qubits),3,84802,0,0.2708251174889137
depression,PennyLane VQC (4 qubits),3,84810,0,0.34498148461347805
depression,PennyLane VQC (4 qubits),3,84825,1,0.5728441283429624
depression,PennyLane VQC (4 qubits),3,84831,0,0.39621091010425136
depression,PennyLane VQC (4 qubits),3,84838,0,0.707282874738504
depression,PennyLane VQC (4 qubits),3,84849,0,0.45894178754733045
depression,PennyLane VQC (4 qubits),3,84859,0,0.5526695767712295
depression,PennyLane VQC (4 qubits),3,84868,0,0.38837527942787753
depression,PennyLane VQC (4 qubits),3,84879,0,0.5574711324627836
depression,PennyLane VQC (4 qubits),3,84891,0,0.7933154880394587
depression,PennyLane VQC (4 qubits),3,84900,0,0.44188202151982636
depression,PennyLane VQC (4 qubits),3,84906,0,0.6067348396075631
depression,PennyLane VQC (4 qubits),3,84915,0,0.6139277533261589
depression,PennyLane VQC (4 qubits),3,84921,0,0.5391249137226055
depression,PennyLane VQC (4 qubits),3,84929,0,0.4751387596959751
depression,PennyLane VQC (4 qubits),3,84932,0,0.5341399364167757
depression,PennyLane VQC (4 qubits),3,84945,0,0.456367403699455
depression,PennyLane VQC (4 qubits),3,84948,0,0.4795230500710289
depression,PennyLane VQC (4 qubits),3,84964,0,0.3350309998865542
depression,PennyLane VQC (4 qubits),3,84974,0,0.533566629503848
depression,PennyLane VQC (4 qubits),3,84979,0,0.3958987108488582
depression,PennyLane VQC (4 qubits),3,84998,0,0.6344071308712625
depression,PennyLane VQC (4 qubits),3,85003,0,0.4004805393889088
depression,PennyLane VQC (4 qubits),3,85017,0,0.45395282880420473
depression,PennyLane VQC (4 qubits),3,85020,0,0.07766893380979883
depression,PennyLane VQC (4 qubits),3,85037,0,0.31366820941582263
depression,PennyLane VQC (4 qubits),3,85043,0,0.2620732382095443
depression,PennyLane VQC (4 qubits),3,85053,0,0.5395212498222459
depression,PennyLane VQC (4 qubits),3,85062,0,0.5647468833911079
depression,PennyLane VQC (4 qubits),3,85069,0,0.4175895284564474
depression,PennyLane VQC (4 qubits),3,85088,0,0.4573243289438985
depression,PennyLane VQC (4 qubits),3,85098,1,0.5785455387434405
depression,PennyLane VQC (4 qubits),3,85110,0,0.4298569559187877
depression,PennyLane VQC (4 qubits),3,85118,0,0.6410802263255081
depression,PennyLane VQC (4 qubits),3,85128,0,0.49054722736985645
depression,PennyLane VQC (4 qubits),3,85142,0,0.5944185912952404
depression,PennyLane VQC (4 qubits),3,85152,0,0.27104845385626236
depression,PennyLane VQC (4 qubits),3,85160,0,0.1549314688777395
depression,PennyLane VQC (4 qubits),3,85166,0,0.5000301203359401
depression,PennyLane VQC (4 qubits),3,85177,0,0.5040105281000946
depression,PennyLane VQC (4 qubits),3,85190,0,0.4585059074382606
depression,PennyLane VQC (4 qubits),3,85200,0,0.522835527976538
depression,PennyLane VQC (4 qubits),3,85211,0,0.44729883087961
depression,PennyLane VQC (4 qubits),3,85216,0,0.5248534453500336
depression,PennyLane VQC (4 qubits),3,85224,0,0.45782743394925546
depression,PennyLane VQC (4 qubits),3,85232,0,0.5292686572090655
depression,PennyLane VQC (4 qubits),3,85239,0,0.5103012151303212
depression,PennyLane VQC (4 qubits),3,85246,0,0.3615748370897026
depression,PennyLane VQC (4 qubits),3,85256,0,0.4207705299011102
depression,PennyLane VQC (4 qubits),3,85263,0,0.5145684651596492
depression,PennyLane VQC (4 qubits),3,85275,0,0.2718269402740787
depression,PennyLane VQC (4 qubits),3,85284,0,0.5109024161544351
depression,PennyLane VQC (4 qubits),3,85291,0,0.5253063919541667
depression,PennyLane VQC (4 qubits),3,85297,0,0.1658480338934823
depression,PennyLane VQC (4 qubits),3,85309,0,0.2010415139414347
depression,PennyLane VQC (4 qubits),3,85319,0,0.5683063663688178
depression,PennyLane VQC (4 qubits),3,85325,0,0.41470808263453734
depression,PennyLane VQC (4 qubits),3,85338,0,0.49321100724965944
depression,PennyLane VQC (4 qubits),3,85346,1,0.5959352210368701
depression,PennyLane VQC (4 qubits),3,85355,0,0.43641100475812644
depression,PennyLane VQC (4 qubits),3,85363,0,0.5239579543857444
depression,PennyLane VQC (4 qubits),3,85374,0,0.4942184740037166
depression,PennyLane VQC (4 qubits),3,85380,1,0.6074662461518617
depression,PennyLane VQC (4 qubits),3,85384,0,0.39569048792328537
depression,PennyLane VQC (4 qubits),3,85396,0,0.49555535638641895
depression,PennyLane VQC (4 qubits),3,85402,0,0.24867350167865881
depression,PennyLane VQC (4 qubits),3,85415,0,0.6634374609564303
depression,PennyLane VQC (4 qubits),3,85424,0,0.46527987366618717
depression,PennyLane VQC (4 qubits),3,85435,0,0.4721681638876493
depression,PennyLane VQC (4 qubits),3,85444,1,0.33199398707981354
depression,PennyLane VQC (4 qubits),3,85451,0,0.474783799997339
depression,PennyLane VQC (4 qubits),3,85465,0,0.5746499775909588
depression,PennyLane VQC (4 qubits),3,85476,0,0.40944007340411404
depression,PennyLane VQC (4 qubits),3,85481,0,0.5813117602024964
depression,PennyLane VQC (4 qubits),3,85492,0,0.13430889388569212
depression,PennyLane VQC (4 qubits),3,85503,0,0.24247543585286235
depression,PennyLane VQC (4 qubits),3,85516,0,0.5396693050806517
depression,PennyLane VQC (4 qubits),3,85525,0,0.44926518608694355
depression,PennyLane VQC (4 qubits),3,85531,0,0.36046198496831766
depression,PennyLane VQC (4 qubits),3,85541,0,0.3021879819849168
depression,PennyLane VQC (4 qubits),3,85549,0,0.5358347922834248
depression,PennyLane VQC (4 qubits),3,85562,0,0.3523098540347822
depression,PennyLane VQC (4 qubits),3,85576,0,0.2687146152507706
depression,PennyLane VQC (4 qubits),3,85585,0,0.26985675602408565
depression,PennyLane VQC (4 qubits),3,85591,1,0.3138281554022849
depression,PennyLane VQC (4 qubits),3,85594,0,0.46723468715838656
depression,PennyLane VQC (4 qubits),3,85603,0,0.29669587026836935
depression,PennyLane VQC (4 qubits),3,85626,0,0.591900072283273
depression,PennyLane VQC (4 qubits),3,85634,0,0.5402280605054683
depression,PennyLane VQC (4 qubits),3,85648,1,0.5992212381145688
depression,PennyLane VQC (4 qubits),3,85659,0,0.5666014925562233
depression,PennyLane VQC (4 qubits),3,85664,0,0.5296339190435624
depression,PennyLane VQC (4 qubits),3,85672,0,0.5419769657193483
depression,PennyLane VQC (4 qubits),3,85678,0,0.4623195349585121
depression,PennyLane VQC (4 qubits),3,85696,1,0.5045004887615723
depression,PennyLane VQC (4 qubits),3,85702,0,0.5421266406274026
depression,PennyLane VQC (4 qubits),3,85714,0,0.6529269397696212
depression,PennyLane VQC (4 qubits),3,85725,0,0.5812815155290635
depression,PennyLane VQC (4 qubits),3,85731,0,0.4822009219756231
depression,PennyLane VQC (4 qubits),3,85739,0,0.37435616430724317
depression,PennyLane VQC (4 qubits),3,85748,0,0.6084562745834717
depression,PennyLane VQC (4 qubits),3,85760,0,0.5099592301786415
depression,PennyLane VQC (4 qubits),3,85775,0,0.5043828450059248
depression,PennyLane VQC (4 qubits),3,85781,1,0.5824644174344223
depression,PennyLane VQC (4 qubits),3,85787,0,0.5418184483470325
depression,PennyLane VQC (4 qubits),3,85796,0,0.3327753976999082
depression,PennyLane VQC (4 qubits),3,85808,0,0.35806735389066435
depression,PennyLane VQC (4 qubits),3,85815,0,0.5228077970760551
depression,PennyLane VQC (4 qubits),3,85825,0,0.43287747836733537
depression,PennyLane VQC (4 qubits),3,85833,0,0.5388659841369681
depression,PennyLane VQC (4 qubits),3,85845,0,0.25392193152328524
depression,PennyLane VQC (4 qubits),3,85854,0,0.32121128072582283
depression,PennyLane VQC (4 qubits),3,85858,0,0.538130982057933
depression,PennyLane VQC (4 qubits),3,85866,0,0.5124190695810578
depression,PennyLane VQC (4 qubits),3,85875,0,0.4763784735787789
depression,PennyLane VQC (4 qubits),3,85885,0,0.5741776831144989
depression,PennyLane VQC (4 qubits),3,85886,0,0.06108598381198371
depression,PennyLane VQC (4 qubits),3,85900,0,0.5194791304738036
depression,PennyLane VQC (4 qubits),3,85911,0,0.7009324806965553
depression,PennyLane VQC (4 qubits),3,85925,0,0.40724739870076887
depression,PennyLane VQC (4 qubits),3,85936,0,0.3380976571447503
depression,PennyLane VQC (4 qubits),3,85944,0,0.3853692805045823
depression,PennyLane VQC (4 qubits),3,85955,0,0.23197577930988778
depression,PennyLane VQC (4 qubits),3,85963,0,0.47767081050295035
depression,PennyLane VQC (4 qubits),3,85970,0,0.4870970147282101
depression,PennyLane VQC (4 qubits),3,85980,0,0.49197461222340577
depression,PennyLane VQC (4 qubits),3,85991,0,0.2988543347616154
depression,PennyLane VQC (4 qubits),3,85997,0,0.2261383285683543
depression,PennyLane VQC (4 qubits),3,86002,0,0.5800905058723633
depression,PennyLane VQC (4 qubits),3,86011,0,0.45580279512759037
depression,PennyLane VQC (4 qubits),3,86021,0,0.5903705262009444
depression,PennyLane VQC (4 qubits),3,86029,0,0.5260428456038774
depression,PennyLane VQC (4 qubits),3,86036,0,0.3909294594546439
depression,PennyLane VQC (4 qubits),3,86044,0,0.4697901063275478
depression,PennyLane VQC (4 qubits),3,86054,1,0.40403121840636236
depression,PennyLane VQC (4 qubits),3,86060,1,0.4549592981945575
depression,PennyLane VQC (4 qubits),3,86068,0,0.3837655531185097
depression,PennyLane VQC (4 qubits),3,86071,0,0.5191330487830648
depression,PennyLane VQC (4 qubits),3,86085,0,0.5277400965220518
depression,PennyLane VQC (4 qubits),3,86092,0,0.4703850209812731
depression,PennyLane VQC (4 qubits),3,86098,0,0.3774405895239518
depression,PennyLane VQC (4 qubits),3,86109,0,0.4917465850805895
depression,PennyLane VQC (4 qubits),3,86127,1,0.5344163438770583
depression,PennyLane VQC (4 qubits),3,86139,0,0.49762250306268774
depression,PennyLane VQC (4 qubits),3,86151,0,0.10173040693026136
depression,PennyLane VQC (4 qubits),3,86158,1,0.5229143266483953
depression,PennyLane VQC (4 qubits),3,86167,0,0.5928112341805057
depression,PennyLane VQC (4 qubits),3,86176,0,0.6997465392146975
depression,PennyLane VQC (4 qubits),3,86183,0,0.4641399907029534
depression,PennyLane VQC (4 qubits),3,86190,0,0.6573529973081971
depression,PennyLane VQC (4 qubits),3,86197,0,0.47662278519424345
depression,PennyLane VQC (4 qubits),3,86209,0,0.2761224498403421
depression,PennyLane VQC (4 qubits),3,86218,0,0.28194298174303456
depression,PennyLane VQC (4 qubits),3,86223,0,0.606597562905536
depression,PennyLane VQC (4 qubits),3,86231,0,0.566276754478698
depression,PennyLane VQC (4 qubits),3,86241,0,0.3050229400913087
depression,PennyLane VQC (4 qubits),3,86244,0,0.20940873160140816
depression,PennyLane VQC (4 qubits),3,86258,0,0.46122581654992956
depression,PennyLane VQC (4 qubits),3,86272,0,0.2373614359755961
depression,PennyLane VQC (4 qubits),3,86278,0,0.6572198472928656
depression,PennyLane VQC (4 qubits),3,86285,0,0.5087851577756748
depression,PennyLane VQC (4 qubits),3,86296,0,0.4680266084890504
depression,PennyLane VQC (4 qubits),3,86301,0,0.25300793016734435
depression,PennyLane VQC (4 qubits),3,86319,0,0.6257310571224093
depression,PennyLane VQC (4 qubits),3,86326,0,0.4604869980434153
depression,PennyLane VQC (4 qubits),3,86334,0,0.37577015896944
depression,PennyLane VQC (4 qubits),3,86347,1,0.5422209334437875
depression,PennyLane VQC (4 qubits),3,86352,0,0.4513546621088871
depression,PennyLane VQC (4 qubits),3,86360,0,0.5063484341521098
depression,PennyLane VQC (4 qubits),3,86366,0,0.5428333584901112
depression,PennyLane VQC (4 qubits),3,86379,0,0.40733762294926334
depression,PennyLane VQC (4 qubits),3,86395,1,0.3877439478096004
depression,PennyLane VQC (4 qubits),3,86402,0,0.385046124763824
depression,PennyLane VQC (4 qubits),3,86416,1,0.5317191285837595
depression,PennyLane VQC (4 qubits),3,86428,0,0.3110722626450846
depression,PennyLane VQC (4 qubits),3,86436,0,0.31123380352595076
depression,PennyLane VQC (4 qubits),3,86447,0,0.24569816687023238
depression,PennyLane VQC (4 qubits),3,86456,0,0.6410359309619724
depression,PennyLane VQC (4 qubits),3,86461,0,0.3716809305168827
depression,PennyLane VQC (4 qubits),3,86476,0,0.19358786260365124
depression,PennyLane VQC (4 qubits),3,86490,1,0.37515119554719645
depression,PennyLane VQC (4 qubits),3,86499,0,0.2988543347616154
depression,PennyLane VQC (4 qubits),3,86510,0,0.41970390052771556
depression,PennyLane VQC (4 qubits),3,86517,0,0.3903381525131808
depression,PennyLane VQC (4 qubits),3,86522,0,0.34352869220696136
depression,PennyLane VQC (4 qubits),3,86532,0,0.11825143586075582
depression,PennyLane VQC (4 qubits),3,86541,0,0.46974135100146686
depression,PennyLane VQC (4 qubits),3,86553,0,0.5101142893304251
depression,PennyLane VQC (4 qubits),3,86563,0,0.46650833885641596
depression,PennyLane VQC (4 qubits),3,86564,0,0.5756721338036188
depression,PennyLane VQC (4 qubits),3,86573,0,0.5476585561559739
depression,PennyLane VQC (4 qubits),3,86583,0,0.3946668533997095
depression,PennyLane VQC (4 qubits),3,86592,1,0.4580393121620793
depression,PennyLane VQC (4 qubits),3,86600,0,0.2670559129626062
depression,PennyLane VQC (4 qubits),3,86610,0,0.47852364308204365
depression,PennyLane VQC (4 qubits),3,86620,0,0.6279674815743101
depression,PennyLane VQC (4 qubits),3,86629,0,0.1643707150088929
depression,PennyLane VQC (4 qubits),3,86640,1,0.558236910893822
depression,PennyLane VQC (4 qubits),3,86649,0,0.5759238770518437
depression,PennyLane VQC (4 qubits),3,86661,1,0.4477835464365091
depression,PennyLane VQC (4 qubits),3,86666,0,0.21914771066682787
depression,PennyLane VQC (4 qubits),3,86671,0,0.22709913966251877
depression,PennyLane VQC (4 qubits),3,86677,0,0.2784192478636708
depression,PennyLane VQC (4 qubits),3,86698,0,0.7508597879407596
depression,PennyLane VQC (4 qubits),3,86706,0,0.3965027121702519
depression,PennyLane VQC (4 qubits),3,86715,1,0.5479486336970958
depression,PennyLane VQC (4 qubits),3,86719,0,0.6332891187663691
depression,PennyLane VQC (4 qubits),3,86731,0,0.2762281137850304
depression,PennyLane VQC (4 qubits),3,86740,0,0.48318129643932206
depression,PennyLane VQC (4 qubits),3,86746,0,0.6309606758020966
depression,PennyLane VQC (4 qubits),3,86756,0,0.5345556076611473
depression,PennyLane VQC (4 qubits),3,86771,0,0.4436609341737489
depression,PennyLane VQC (4 qubits),3,86778,0,0.5285900521290647
depression,PennyLane VQC (4 qubits),3,86794,0,0.5208619954348497
depression,PennyLane VQC (4 qubits),3,86802,0,0.2786058854740675
depression,PennyLane VQC (4 qubits),3,86814,0,0.4826301869632769
depression,PennyLane VQC (4 qubits),3,86820,0,0.5095416835719132
depression,PennyLane VQC (4 qubits),3,86831,0,0.4749680131233418
depression,PennyLane VQC (4 qubits),3,86844,0,0.5095183850132261
depression,PennyLane VQC (4 qubits),3,86863,0,0.4901392596015419
depression,PennyLane VQC (4 qubits),3,86872,0,0.42243388953401007
depression,PennyLane VQC (4 qubits),3,86882,0,0.442354093750425
depression,PennyLane VQC (4 qubits),3,86887,0,0.489323085123849
depression,PennyLane VQC (4 qubits),3,86899,0,0.26701611917116475
depression,PennyLane VQC (4 qubits),3,86910,0,0.4052503996783906
depression,PennyLane VQC (4 qubits),3,86928,0,0.5608217387814256
depression,PennyLane VQC (4 qubits),3,86941,0,0.6423324523103671
depression,PennyLane VQC (4 qubits),3,86949,0,0.30767083947526525
depression,PennyLane VQC (4 qubits),3,86966,0,0.4398406670959605
depression,PennyLane VQC (4 qubits),3,86971,0,0.3165855479366991
depression,PennyLane VQC (4 qubits),3,86980,0,0.5214391088619593
depression,PennyLane VQC (4 qubits),3,86986,0,0.4688890656251069
depression,PennyLane VQC (4 qubits),3,86994,0,0.5599483368121504
depression,PennyLane VQC (4 qubits),3,87003,0,0.62757954403269
depression,PennyLane VQC (4 qubits),3,87010,0,0.5332358633650626
depression,PennyLane VQC (4 qubits),3,87026,0,0.634496939767364
depression,PennyLane VQC (4 qubits),3,87036,0,0.7012291972739954
depression,PennyLane VQC (4 qubits),3,87048,0,0.422531595335197
depression,PennyLane VQC (4 qubits),3,87053,0,0.5123738282461616
depression,PennyLane VQC (4 qubits),3,87064,1,0.4757959050030078
depression,PennyLane VQC (4 qubits),3,87074,0,0.43641100475812644
depression,PennyLane VQC (4 qubits),3,87084,0,0.6263548771995789
depression,PennyLane VQC (4 qubits),3,87100,0,0.4181082192104327
depression,PennyLane VQC (4 qubits),3,87114,0,0.43999898582360186
depression,PennyLane VQC (4 qubits),3,87124,0,0.4580091418707215
depression,PennyLane VQC (4 qubits),3,87131,0,0.3538050854876651
depression,PennyLane VQC (4 qubits),3,87147,0,0.3627403822389725
depression,PennyLane VQC (4 qubits),3,87155,0,0.22564201654478855
depression,PennyLane VQC (4 qubits),3,87161,0,0.36309676570792215
depression,PennyLane VQC (4 qubits),3,87166,0,0.27514311078884757
depression,PennyLane VQC (4 qubits),3,87172,0,0.5657893881393654
depression,PennyLane VQC (4 qubits),3,87179,0,0.5062063416272491
depression,PennyLane VQC (4 qubits),3,87190,0,0.48686238752418476
depression,PennyLane VQC (4 qubits),3,87198,0,0.5613881120076739
depression,PennyLane VQC (4 qubits),3,87207,0,0.40657068781054184
depression,PennyLane VQC (4 qubits),3,87210,0,0.23184756689848057
depression,PennyLane VQC (4 qubits),3,87225,0,0.37723615302516045
depression,PennyLane VQC (4 qubits),3,87233,0,0.4694039879477613
depression,PennyLane VQC (4 qubits),3,87242,0,0.5287204382623506
depression,PennyLane VQC (4 qubits),3,87248,0,0.4588396300564437
depression,PennyLane VQC (4 qubits),3,87256,0,0.5713524000421604
depression,PennyLane VQC (4 qubits),3,87261,0,0.5101573209015375
depression,PennyLane VQC (4 qubits),3,87270,0,0.5836478060724073
depression,PennyLane VQC (4 qubits),3,87278,0,0.44576154771142473
depression,PennyLane VQC (4 qubits),3,87289,0,0.5155372816280217
depression,PennyLane VQC (4 qubits),3,87297,0,0.5492684661666674
depression,PennyLane VQC (4 qubits),3,87310,0,0.6667444342165334
depression,PennyLane VQC (4 qubits),3,87318,0,0.263281910765641
depression,PennyLane VQC (4 qubits),3,87324,0,0.3370449422918802
depression,PennyLane VQC (4 qubits),3,87334,0,0.34750769407822507
depression,PennyLane VQC (4 qubits),3,87344,0,0.4107893163113956
depression,PennyLane VQC (4 qubits),3,87353,0,0.5123046967664169
depression,PennyLane VQC (4 qubits),3,87365,0,0.3937490614390171
depression,PennyLane VQC (4 qubits),3,87375,0,0.4189014884950182
depression,PennyLane VQC (4 qubits),3,87387,1,0.5160597220325518
depression,PennyLane VQC (4 qubits),3,87398,0,0.5345392941992329
depression,PennyLane VQC (4 qubits),3,87416,0,0.5603589953558664
depression,PennyLane VQC (4 qubits),3,87425,0,0.30948698783975814
depression,PennyLane VQC (4 qubits),3,87430,0,0.3550969720059697
depression,PennyLane VQC (4 qubits),3,87440,0,0.4422724698742407
depression,PennyLane VQC (4 qubits),3,87451,0,0.575334859142548
depression,PennyLane VQC (4 qubits),3,87462,0,0.4004088193033868
depression,PennyLane VQC (4 qubits),3,87472,0,0.35076666301331
depression,PennyLane VQC (4 qubits),3,87476,0,0.5637869898954351
depression,PennyLane VQC (4 qubits),3,87483,0,0.355999889194325
depression,PennyLane VQC (4 qubits),3,87494,0,0.46055615635158453
depression,PennyLane VQC (4 qubits),3,87501,1,0.6764358398459549
depression,PennyLane VQC (4 qubits),3,87510,0,0.4866191511975285
depression,PennyLane VQC (4 qubits),3,87520,0,0.5971468982372652
depression,PennyLane VQC (4 qubits),3,87530,0,0.4650298903411896
depression,PennyLane VQC (4 qubits),3,87544,0,0.45995033864276513
depression,PennyLane VQC (4 qubits),3,87556,0,0.46842125295173764
depression,PennyLane VQC (4 qubits),3,87565,0,0.5177564608141103
depression,PennyLane VQC (4 qubits),3,87582,0,0.33933228374127944
depression,PennyLane VQC (4 qubits),3,87591,0,0.5211930684532642
depression,PennyLane VQC (4 qubits),3,87598,0,0.5201562543830955
depression,PennyLane VQC (4 qubits),3,87606,0,0.4737814398130638
depression,PennyLane VQC (4 qubits),3,87627,1,0.6526829276144859
depression,PennyLane VQC (4 qubits),3,87638,0,0.3018086888007244
depression,PennyLane VQC (4 qubits),3,87652,0,0.5485087905111337
depression,PennyLane VQC (4 qubits),3,87654,1,0.4731577691205995
depression,PennyLane VQC (4 qubits),3,87673,0,0.47138913048198317
depression,PennyLane VQC (4 qubits),3,87690,0,0.532155748100031
depression,PennyLane VQC (4 qubits),3,87707,0,0.18435339343844914
depression,PennyLane VQC (4 qubits),3,87719,0,0.5673484657828212
depression,PennyLane VQC (4 qubits),3,87733,0,0.5750123961177507
depression,PennyLane VQC (4 qubits),3,87742,0,0.5643021737975467
depression,PennyLane VQC (4 qubits),3,87756,0,0.35457176883971253
depression,PennyLane VQC (4 qubits),3,87766,0,0.40769109097980294
depression,PennyLane VQC (4 qubits),3,87770,0,0.47216419372498375
depression,PennyLane VQC (4 qubits),3,87780,0,0.4780808774406184
depression,PennyLane VQC (4 qubits),3,87791,0,0.6375519234678844
depression,PennyLane VQC (4 qubits),3,87797,0,0.23347142857889125
depression,PennyLane VQC (4 qubits),3,87806,0,0.5151057388622041
depression,PennyLane VQC (4 qubits),3,87816,0,0.550784303967106
depression,PennyLane VQC (4 qubits),3,87827,0,0.4096889992827958
depression,PennyLane VQC (4 qubits),3,87832,0,0.46714323830512156
depression,PennyLane VQC (4 qubits),3,87844,0,0.4619456747149405
depression,PennyLane VQC (4 qubits),3,87852,0,0.545037034136616
depression,PennyLane VQC (4 qubits),3,87865,0,0.521197313603777
depression,PennyLane VQC (4 qubits),3,87875,0,0.4650298903411896
depression,PennyLane VQC (4 qubits),3,87895,1,0.4696988796632573
depression,PennyLane VQC (4 qubits),3,87901,0,0.5958639619605556
depression,PennyLane VQC (4 qubits),3,87910,1,0.6212389010251844
depression,PennyLane VQC (4 qubits),3,87920,0,0.6845595784183016
depression,PennyLane VQC (4 qubits),3,87942,0,0.37705067343842313
depression,PennyLane VQC (4 qubits),3,87945,0,0.3571171229774077
depression,PennyLane VQC (4 qubits),3,87954,0,0.274840674401373
depression,PennyLane VQC (4 qubits),3,87961,0,0.3780733791216463
depression,PennyLane VQC (4 qubits),3,87971,0,0.4714814321871766
depression,PennyLane VQC (4 qubits),3,87983,1,0.5962107917964536
depression,PennyLane VQC (4 qubits),3,87990,0,0.47774942930880393
depression,PennyLane VQC (4 qubits),3,88002,0,0.4869697449756119
depression,PennyLane VQC (4 qubits),3,88018,0,0.45407951920813666
depression,PennyLane VQC (4 qubits),3,88025,1,0.5067249103726095
depression,PennyLane VQC (4 qubits),3,88034,0,0.493210666875952
depression,PennyLane VQC (4 qubits),3,88047,0,0.4500639033456867
depression,PennyLane VQC (4 qubits),3,88055,0,0.3711825422968004
depression,PennyLane VQC (4 qubits),3,88070,0,0.2988543347616154
depression,PennyLane VQC (4 qubits),3,88079,0,0.49483129304531226
depression,PennyLane VQC (4 qubits),3,88087,0,0.5796995939833374
depression,PennyLane VQC (4 qubits),3,88096,0,0.44483415926001135
depression,PennyLane VQC (4 qubits),3,88104,0,0.5574411461381741
depression,PennyLane VQC (4 qubits),3,88113,0,0.4296864422451758
depression,PennyLane VQC (4 qubits),3,88123,0,0.28327036007982964
depression,PennyLane VQC (4 qubits),3,88132,0,0.49553758288487326
depression,PennyLane VQC (4 qubits),3,88144,0,0.532817597040822
depression,PennyLane VQC (4 qubits),3,88151,0,0.4633524253728546
depression,PennyLane VQC (4 qubits),3,88158,0,0.5165076360424513
depression,PennyLane VQC (4 qubits),3,88168,1,0.5399666485854517
depression,PennyLane VQC (4 qubits),3,88174,0,0.48232973372144994
depression,PennyLane VQC (4 qubits),3,88184,0,0.5785355465816142
depression,PennyLane VQC (4 qubits),3,88194,0,0.16276176834128275
depression,PennyLane VQC (4 qubits),3,88203,0,0.45349885192518347
depression,PennyLane VQC (4 qubits),3,88211,0,0.5743762442056688
depression,PennyLane VQC (4 qubits),3,88222,0,0.43486157433173744
depression,PennyLane VQC (4 qubits),3,88231,1,0.5021997687438243
depression,PennyLane VQC (4 qubits),3,88241,0,0.5235453687367314
depression,PennyLane VQC (4 qubits),3,88255,0,0.4824783850052937
depression,PennyLane VQC (4 qubits),3,88261,0,0.4502869639386925
depression,PennyLane VQC (4 qubits),3,88272,0,0.6537372856998092
depression,PennyLane VQC (4 qubits),3,88289,0,0.4814184749908791
depression,PennyLane VQC (4 qubits),3,88298,1,0.5492005745213415
depression,PennyLane VQC (4 qubits),3,88301,0,0.5015717389509736
depression,PennyLane VQC (4 qubits),3,88310,0,0.3553426162075223
depression,PennyLane VQC (4 qubits),3,88320,0,0.6526876954897578
depression,PennyLane VQC (4 qubits),3,88332,0,0.21437083908583637
depression,PennyLane VQC (4 qubits),3,88338,0,0.2779098332194881
depression,PennyLane VQC (4 qubits),3,88348,0,0.3531933960037605
depression,PennyLane VQC (4 qubits),3,88360,0,0.28946452914709275
depression,PennyLane VQC (4 qubits),3,88369,1,0.42114204563430135
depression,PennyLane VQC (4 qubits),3,88385,0,0.47133543152394053
depression,PennyLane VQC (4 qubits),3,88393,1,0.374532428960796
depression,PennyLane VQC (4 qubits),3,88402,0,0.5761582971719568
depression,PennyLane VQC (4 qubits),3,88413,0,0.4543419003067243
depression,PennyLane VQC (4 qubits),3,88425,0,0.5395180677013072
depression,PennyLane VQC (4 qubits),3,88432,0,0.5132247789477516
depression,PennyLane VQC (4 qubits),3,88436,0,0.4772363197371737
depression,PennyLane VQC (4 qubits),3,88450,0,0.5340791012468049
depression,PennyLane VQC (4 qubits),3,88460,0,0.6094212342298335
depression,PennyLane VQC (4 qubits),3,88469,0,0.47010498679338825
depression,PennyLane VQC (4 qubits),3,88480,0,0.1098096878686422
depression,PennyLane VQC (4 qubits),3,88483,0,0.44960523953473286
depression,PennyLane VQC (4 qubits),3,88504,1,0.4425093209889036
depression,PennyLane VQC (4 qubits),3,88518,0,0.4783578101476538
depression,PennyLane VQC (4 qubits),3,88529,1,0.46888563826985
depression,PennyLane VQC (4 qubits),3,88537,0,0.5375471010234444
depression,PennyLane VQC (4 qubits),3,88543,0,0.2559617982623088
depression,PennyLane VQC (4 qubits),3,88556,0,0.40562708555690447
depression,PennyLane VQC (4 qubits),3,88566,0,0.6863928093533815
depression,PennyLane VQC (4 qubits),3,88576,0,0.3556825779231938
depression,PennyLane VQC (4 qubits),3,88589,0,0.6002469279439522
depression,PennyLane VQC (4 qubits),3,88601,0,0.49962599710832306
depression,PennyLane VQC (4 qubits),3,88608,0,0.5216474106290743
depression,PennyLane VQC (4 qubits),3,88614,0,0.40425503129150897
depression,PennyLane VQC (4 qubits),3,88621,0,0.4859364661024475
depression,PennyLane VQC (4 qubits),3,88629,0,0.535378312370427
depression,PennyLane VQC (4 qubits),3,88638,0,0.5100099617382245
depression,PennyLane VQC (4 qubits),3,88650,0,0.49092073343550174
depression,PennyLane VQC (4 qubits),3,88654,0,0.4687261426801852
depression,PennyLane VQC (4 qubits),3,88664,1,0.47979884967984465
depression,PennyLane VQC (4 qubits),3,88666,0,0.43497493111816865
depression,PennyLane VQC (4 qubits),3,88677,0,0.5905271431199797
depression,PennyLane VQC (4 qubits),3,88686,0,0.6367233825219181
depression,PennyLane VQC (4 qubits),3,88695,0,0.7486335158024975
depression,PennyLane VQC (4 qubits),3,88704,0,0.2099617751286854
depression,PennyLane VQC (4 qubits),3,88713,0,0.4966347792927287
depression,PennyLane VQC (4 qubits),3,88724,0,0.5350645116719517
depression,PennyLane VQC (4 qubits),3,88733,0,0.660692430286014
depression,PennyLane VQC (4 qubits),3,88744,0,0.5166475138232902
depression,PennyLane VQC (4 qubits),3,88757,0,0.5968215722446021
depression,PennyLane VQC (4 qubits),3,88766,0,0.42547821961125354
depression,PennyLane VQC (4 qubits),3,88786,0,0.6235207775916451
depression,PennyLane VQC (4 qubits),3,88792,0,0.4580933110300527
depression,PennyLane VQC (4 qubits),3,88801,0,0.398863689103796
depression,PennyLane VQC (4 qubits),3,88811,0,0.4284200244180285
depression,PennyLane VQC (4 qubits),3,88829,0,0.31850981641790455
depression,PennyLane VQC (4 qubits),3,88838,0,0.43536747822850635
depression,PennyLane VQC (4 qubits),3,88847,0,0.4848318029649714
depression,PennyLane VQC (4 qubits),3,88851,1,0.5124235490457247
depression,PennyLane VQC (4 qubits),3,88859,0,0.5510351412617587
depression,PennyLane VQC (4 qubits),3,88870,0,0.4299679889815577
depression,PennyLane VQC (4 qubits),3,88877,0,0.48492850960167744
depression,PennyLane VQC (4 qubits),3,88885,0,0.5487184239040741
depression,PennyLane VQC (4 qubits),3,88892,0,0.3879401343091202
depression,PennyLane VQC (4 qubits),3,88896,0,0.3504284634892557
depression,PennyLane VQC (4 qubits),3,88906,0,0.4832035495745036
depression,PennyLane VQC (4 qubits),3,88915,0,0.4835484979276081
depression,PennyLane VQC (4 qubits),3,88918,0,0.19358786260365124
depression,PennyLane VQC (4 qubits),3,88927,0,0.5956082720789374
depression,PennyLane VQC (4 qubits),3,88935,0,0.04606502426992248
depression,PennyLane VQC (4 qubits),3,88944,0,0.4262262029167887
depression,PennyLane VQC (4 qubits),3,88956,0,0.5241449357023038
depression,PennyLane VQC (4 qubits),3,88970,0,0.4417773002958507
depression,PennyLane VQC (4 qubits),3,88983,0,0.41073104054113746
depression,PennyLane VQC (4 qubits),3,88994,0,0.4449216793055202
depression,PennyLane VQC (4 qubits),3,89009,0,0.44124032913585587
depression,PennyLane VQC (4 qubits),3,89019,0,0.4142283481791953
depression,PennyLane VQC (4 qubits),3,89028,0,0.5990096376213212
depression,PennyLane VQC (4 qubits),3,89038,0,0.2704361953406758
depression,PennyLane VQC (4 qubits),3,89044,0,0.44655537060648065
depression,PennyLane VQC (4 qubits),3,89067,0,0.2852445296869429
depression,PennyLane VQC (4 qubits),3,89073,0,0.5926389125348828
depression,PennyLane VQC (4 qubits),3,89084,0,0.45493589950455726
depression,PennyLane VQC (4 qubits),3,89096,0,0.502052866270742
depression,PennyLane VQC (4 qubits),3,89103,0,0.5174798372003249
depression,PennyLane VQC (4 qubits),3,89111,0,0.4397704626338462
depression,PennyLane VQC (4 qubits),3,89122,1,0.5174191930934032
depression,PennyLane VQC (4 qubits),3,89128,0,0.527635533432484
depression,PennyLane VQC (4 qubits),3,89137,0,0.4002862867796402
depression,PennyLane VQC (4 qubits),3,89156,0,0.5522192412945637
depression,PennyLane VQC (4 qubits),3,89161,0,0.45537563870081466
depression,PennyLane VQC (4 qubits),3,89168,0,0.6355953871329932
depression,PennyLane VQC (4 qubits),3,89175,0,0.5579351246331714
depression,PennyLane VQC (4 qubits),3,89183,0,0.2603715884535074
depression,PennyLane VQC (4 qubits),3,89190,0,0.5291314008835748
depression,PennyLane VQC (4 qubits),3,89203,0,0.07883378732136559
depression,PennyLane VQC (4 qubits),3,89208,1,0.6200693582040602
depression,PennyLane VQC (4 qubits),3,89230,0,0.4222006886083942
depression,PennyLane VQC (4 qubits),3,89237,0,0.5115218602512882
depression,PennyLane VQC (4 qubits),3,89249,0,0.5330038775973294
depression,PennyLane VQC (4 qubits),3,89261,0,0.534294063280305
depression,PennyLane VQC (4 qubits),3,89268,0,0.4552210822835162
depression,PennyLane VQC (4 qubits),3,89278,0,0.6095320616404567
depression,PennyLane VQC (4 qubits),3,89289,0,0.783521229347009
depression,PennyLane VQC (4 qubits),3,89299,0,0.528773234760235
depression,PennyLane VQC (4 qubits),3,89305,0,0.4370617066094499
depression,PennyLane VQC (4 qubits),3,89316,0,0.5193180385519032
depression,PennyLane VQC (4 qubits),3,89325,0,0.562103116669613
depression,PennyLane VQC (4 qubits),3,89332,0,0.29719579378391847
depression,PennyLane VQC (4 qubits),3,89346,0,0.5271524090148959
depression,PennyLane VQC (4 qubits),3,89352,0,0.1963830845258902
depression,PennyLane VQC (4 qubits),3,89359,0,0.24055081590982003
depression,PennyLane VQC (4 qubits),3,89371,1,0.5416265413058386
depression,PennyLane VQC (4 qubits),3,89384,0,0.1865505410042838
depression,PennyLane VQC (4 qubits),3,89397,0,0.4189578024948141
depression,PennyLane VQC (4 qubits),3,89407,0,0.5001940683645764
depression,PennyLane VQC (4 qubits),3,89420,0,0.41734676568949786
depression,PennyLane VQC (4 qubits),3,89435,0,0.5946589874021055
depression,PennyLane VQC (4 qubits),3,89442,0,0.47329408913986143
depression,PennyLane VQC (4 qubits),3,89453,0,0.3160764508756442
depression,PennyLane VQC (4 qubits),3,89462,0,0.5882865552686042
depression,PennyLane VQC (4 qubits),3,89472,0,0.2442420302162705
depression,PennyLane VQC (4 qubits),3,89477,0,0.44157238740929844
depression,PennyLane VQC (4 qubits),3,89491,0,0.4821374270257557
depression,PennyLane VQC (4 qubits),3,89499,0,0.5784224510316303
depression,PennyLane VQC (4 qubits),3,89511,1,0.5850299050867493
depression,PennyLane VQC (4 qubits),3,89518,0,0.5252957695016286
depression,PennyLane VQC (4 qubits),3,89541,0,0.6398446759932628
depression,PennyLane VQC (4 qubits),3,89549,0,0.4407890541724535
depression,PennyLane VQC (4 qubits),3,89553,0,0.3979119469233399
depression,PennyLane VQC (4 qubits),3,89565,1,0.5305375782199376
depression,PennyLane VQC (4 qubits),3,89573,0,0.27133131629406715
depression,PennyLane VQC (4 qubits),3,89579,0,0.43780349509628563
depression,PennyLane VQC (4 qubits),3,89586,0,0.22036964165981843
depression,PennyLane VQC (4 qubits),3,89591,0,0.312047431755191
depression,PennyLane VQC (4 qubits),3,89599,0,0.4141961486429031
depression,PennyLane VQC (4 qubits),3,89602,0,0.4945896796739876
depression,PennyLane VQC (4 qubits),3,89612,0,0.4723188051269934
depression,PennyLane VQC (4 qubits),3,89619,0,0.44157238740929844
depression,PennyLane VQC (4 qubits),3,89632,0,0.310192662681883
depression,PennyLane VQC (4 qubits),3,89639,1,0.40180734980530347
depression,PennyLane VQC (4 qubits),3,89645,0,0.5529148412604602
depression,PennyLane VQC (4 qubits),3,89650,0,0.4699233480086188
depression,PennyLane VQC (4 qubits),3,89656,0,0.5313710184741331
depression,PennyLane VQC (4 qubits),3,89670,0,0.48635763958478917
depression,PennyLane VQC (4 qubits),3,89677,0,0.42041684396661827
depression,PennyLane VQC (4 qubits),3,89686,0,0.660906349361941
depression,PennyLane VQC (4 qubits),3,89700,0,0.30601663498171305
depression,PennyLane VQC (4 qubits),3,89705,0,0.42654147295183975
depression,PennyLane VQC (4 qubits),3,89712,0,0.6325358970583255
depression,PennyLane VQC (4 qubits),3,89722,0,0.5493707969976576
depression,PennyLane VQC (4 qubits),3,89729,0,0.5162284241771936
depression,PennyLane VQC (4 qubits),3,89734,0,0.6728445623880142
depression,PennyLane VQC (4 qubits),3,89743,0,0.5314054297438788
depression,PennyLane VQC (4 qubits),3,89761,0,0.2886973597413166
depression,PennyLane VQC (4 qubits),3,89774,0,0.49438481849910904
depression,PennyLane VQC (4 qubits),3,89787,0,0.5197372194488835
depression,PennyLane VQC (4 qubits),3,89793,0,0.5107100541613632
depression,PennyLane VQC (4 qubits),3,89800,0,0.4724510453346828
depression,PennyLane VQC (4 qubits),3,89804,1,0.4978801453395133
depression,PennyLane VQC (4 qubits),3,89813,0,0.62019720759559
depression,PennyLane VQC (4 qubits),3,89823,1,0.2588431453534132
depression,PennyLane VQC (4 qubits),3,89832,0,0.16221381974040022
depression,PennyLane VQC (4 qubits),3,89842,0,0.22222223185566292
depression,PennyLane VQC (4 qubits),3,89849,0,0.4781465805341152
depression,PennyLane VQC (4 qubits),3,89855,0,0.662386149370827
depression,PennyLane VQC (4 qubits),3,89878,0,0.4270116900471087
depression,PennyLane VQC (4 qubits),3,89884,0,0.6852477957013372
depression,PennyLane VQC (4 qubits),3,89894,0,0.517234789550779
depression,PennyLane VQC (4 qubits),3,89904,0,0.7846839247372462
depression,PennyLane VQC (4 qubits),3,89918,0,0.47185150370213025
depression,PennyLane VQC (4 qubits),3,89933,0,0.49270849354564294
depression,PennyLane VQC (4 qubits),3,89945,0,0.42464637354220025
depression,PennyLane VQC (4 qubits),3,89953,0,0.41911134303356695
depression,PennyLane VQC (4 qubits),3,89960,0,0.344738243598439
depression,PennyLane VQC (4 qubits),3,89970,1,0.5662073585215556
depression,PennyLane VQC (4 qubits),3,89977,0,0.6078834832879916
depression,PennyLane VQC (4 qubits),3,89987,0,0.46611592557631654
depression,PennyLane VQC (4 qubits),3,89997,0,0.43963477658553407
depression,PennyLane VQC (4 qubits),3,90006,0,0.6690471713557224
depression,PennyLane VQC (4 qubits),3,90013,0,0.33288792125323385
depression,PennyLane VQC (4 qubits),3,90027,0,0.61020731898327
depression,PennyLane VQC (4 qubits),3,90034,1,0.5143979452812781
depression,PennyLane VQC (4 qubits),3,90045,0,0.4593719031047019
depression,PennyLane VQC (4 qubits),3,90055,1,0.6826935028610378
depression,PennyLane VQC (4 qubits),3,90060,0,0.6047494486577979
depression,PennyLane VQC (4 qubits),3,90067,0,0.5247789397671639
depression,PennyLane VQC (4 qubits),3,90075,0,0.6390243168998064
depression,PennyLane VQC (4 qubits),3,90084,0,0.2719088425339703
depression,PennyLane VQC (4 qubits),3,90092,0,0.5990096376213212
depression,PennyLane VQC (4 qubits),3,90095,0,0.7106077536867712
depression,PennyLane VQC (4 qubits),3,90106,0,0.3905087362582612
depression,PennyLane VQC (4 qubits),3,90113,0,0.4327882130196745
depression,PennyLane VQC (4 qubits),3,90121,0,0.5473479001082382
depression,PennyLane VQC (4 qubits),3,90136,0,0.5436161865853439
depression,PennyLane VQC (4 qubits),3,90143,0,0.38658160401975317
depression,PennyLane VQC (4 qubits),3,90152,0,0.6224534587465151
depression,PennyLane VQC (4 qubits),3,90158,0,0.5247666115419896
depression,PennyLane VQC (4 qubits),3,90171,0,0.48395732981883277
depression,PennyLane VQC (4 qubits),3,90185,0,0.39043079499696326
depression,PennyLane VQC (4 qubits),3,90195,0,0.6433227957871088
depression,PennyLane VQC (4 qubits),3,90209,0,0.4229998986807756
depression,PennyLane VQC (4 qubits),3,90230,0,0.5041937074670101
depression,PennyLane VQC (4 qubits),3,90243,0,0.41881259958832245
depression,PennyLane VQC (4 qubits),3,90249,0,0.6165376112685259
depression,PennyLane VQC (4 qubits),3,90258,0,0.2544757214862877
depression,PennyLane VQC (4 qubits),3,90268,0,0.551014326353698
depression,PennyLane VQC (4 qubits),3,90274,0,0.4361168018864317
depression,PennyLane VQC (4 qubits),3,90287,0,0.38637173076931175
depression,PennyLane VQC (4 qubits),3,90298,0,0.41700726856792314
depression,PennyLane VQC (4 qubits),3,90305,0,0.44460420168397147
depression,PennyLane VQC (4 qubits),3,90319,0,0.5671455079745711
depression,PennyLane VQC (4 qubits),3,90325,0,0.21422877529355072
depression,PennyLane VQC (4 qubits),3,90330,0,0.518133293160737
depression,PennyLane VQC (4 qubits),3,90341,0,0.39718971885684085
depression,PennyLane VQC (4 qubits),3,90347,0,0.37212293243745653
depression,PennyLane VQC (4 qubits),3,90354,0,0.4597886216218684
depression,PennyLane VQC (4 qubits),3,90362,0,0.5788896930411115
depression,PennyLane VQC (4 qubits),3,90370,0,0.5590409380819771
depression,PennyLane VQC (4 qubits),3,90381,0,0.24042168570996592
depression,PennyLane VQC (4 qubits),3,90394,0,0.5489106960541272
depression,PennyLane VQC (4 qubits),3,90409,1,0.49318456930370747
depression,PennyLane VQC (4 qubits),3,90419,0,0.30241168358702125
depression,PennyLane VQC (4 qubits),3,90433,0,0.4990546260457134
depression,PennyLane VQC (4 qubits),3,90444,0,0.4026939777705406
depression,PennyLane VQC (4 qubits),3,90456,0,0.4034074938928825
depression,PennyLane VQC (4 qubits),3,90465,0,0.5511090878261017
depression,PennyLane VQC (4 qubits),3,90477,0,0.09309276834285252
depression,PennyLane VQC (4 qubits),3,90490,0,0.35047834697246505
depression,PennyLane VQC (4 qubits),3,90500,0,0.5340084206979199
depression,PennyLane VQC (4 qubits),3,90507,0,0.27039985677170053
depression,PennyLane VQC (4 qubits),3,90516,0,0.5588459126392349
depression,PennyLane VQC (4 qubits),3,90522,1,0.48996865447732546
depression,PennyLane VQC (4 qubits),3,90530,0,0.412671810037688
depression,PennyLane VQC (4 qubits),3,90535,0,0.1944707107923982
depression,PennyLane VQC (4 qubits),3,90545,0,0.13945687660991557
depression,PennyLane VQC (4 qubits),3,90559,1,0.7710656860712084
depression,PennyLane VQC (4 qubits),3,90572,0,0.4217443214280099
depression,PennyLane VQC (4 qubits),3,90576,0,0.595930908119747
depression,PennyLane VQC (4 qubits),3,90585,0,0.496144938167418
depression,PennyLane VQC (4 qubits),3,90593,0,0.6647389957145482
depression,PennyLane VQC (4 qubits),3,90603,0,0.40269000015548767
depression,PennyLane VQC (4 qubits),3,90610,0,0.5136361014023351
depression,PennyLane VQC (4 qubits),3,90618,0,0.2866601322785459
depression,PennyLane VQC (4 qubits),3,90630,0,0.61925633441337
depression,PennyLane VQC (4 qubits),3,90638,0,0.4485658986630714
depression,PennyLane VQC (4 qubits),3,90646,0,0.5304816779277406
depression,PennyLane VQC (4 qubits),3,90653,1,0.5238195556142328
depression,PennyLane VQC (4 qubits),3,90661,0,0.6195951025220224
depression,PennyLane VQC (4 qubits),3,90668,0,0.4990546260457134
depression,PennyLane VQC (4 qubits),3,90673,1,0.5361338360007422
depression,PennyLane VQC (4 qubits),3,90680,0,0.4816859191356866
depression,PennyLane VQC (4 qubits),3,90690,0,0.36742483617373106
depression,PennyLane VQC (4 qubits),3,90700,0,0.54121523274825
depression,PennyLane VQC (4 qubits),3,90711,0,0.2831440628416809
depression,PennyLane VQC (4 qubits),3,90720,0,0.5668743257495413
depression,PennyLane VQC (4 qubits),3,90733,0,0.2813469146399833
depression,PennyLane VQC (4 qubits),3,90746,0,0.5456206058071198
depression,PennyLane VQC (4 qubits),3,90760,0,0.513351084241288
depression,PennyLane VQC (4 qubits),3,90772,0,0.4516518264444813
depression,PennyLane VQC (4 qubits),3,90793,0,0.6227474797260135
depression,PennyLane VQC (4 qubits),3,90800,0,0.37304339560875316
depression,PennyLane VQC (4 qubits),3,90811,0,0.45947383290367155
depression,PennyLane VQC (4 qubits),3,90817,0,0.568033346080702
depression,PennyLane VQC (4 qubits),3,90829,0,0.45827471118288543
depression,PennyLane VQC (4 qubits),3,90842,1,0.19408599075156574
depression,PennyLane VQC (4 qubits),3,90848,0,0.5399119465356151
depression,PennyLane VQC (4 qubits),3,90856,0,0.6109796013225721
depression,PennyLane VQC (4 qubits),3,90871,0,0.5177564608141103
depression,PennyLane VQC (4 qubits),3,90882,0,0.5630039700499675
depression,PennyLane VQC (4 qubits),3,90889,0,0.5372706995462069
depression,PennyLane VQC (4 qubits),3,90895,0,0.7865803837758059
depression,PennyLane VQC (4 qubits),3,90900,0,0.4564534204045463
depression,PennyLane VQC (4 qubits),3,90908,0,0.5617352644590689
depression,PennyLane VQC (4 qubits),3,90919,0,0.7631047887826359
depression,PennyLane VQC (4 qubits),3,90926,0,0.34226799903077115
depression,PennyLane VQC (4 qubits),3,90932,0,0.5544033145943759
depression,PennyLane VQC (4 qubits),3,90942,1,0.2518824097461775
depression,PennyLane VQC (4 qubits),3,90954,0,0.5549369573526742
depression,PennyLane VQC (4 qubits),3,90966,0,0.5018870361710756
depression,PennyLane VQC (4 qubits),3,90973,0,0.27501471445582204
depression,PennyLane VQC (4 qubits),3,90982,0,0.5284021863646072
depression,PennyLane VQC (4 qubits),3,90992,0,0.3564402891060642
depression,PennyLane VQC (4 qubits),3,91001,1,0.2719088425339703
depression,PennyLane VQC (4 qubits),3,91011,0,0.44300148281340535
depression,PennyLane VQC (4 qubits),3,91024,0,0.4419194553969366
depression,PennyLane VQC (4 qubits),3,91034,0,0.3825981092573373
depression,PennyLane VQC (4 qubits),3,91038,0,0.5360488454146635
depression,PennyLane VQC (4 qubits),3,91049,0,0.7032395450949581
depression,PennyLane VQC (4 qubits),3,91062,0,0.49631680030408964
depression,PennyLane VQC (4 qubits),3,91074,0,0.39652165258469585
depression,PennyLane VQC (4 qubits),3,91080,0,0.4611801053185422
depression,PennyLane VQC (4 qubits),3,91094,1,0.5214705588894532
depression,PennyLane VQC (4 qubits),3,91104,0,0.3610943462062426
depression,PennyLane VQC (4 qubits),3,91114,0,0.34941762335871823
depression,PennyLane VQC (4 qubits),3,91128,0,0.539366832170348
depression,PennyLane VQC (4 qubits),3,91138,0,0.47202515695065295
depression,PennyLane VQC (4 qubits),3,91149,0,0.2895123769627561
depression,PennyLane VQC (4 qubits),3,91161,0,0.35036927300486687
depression,PennyLane VQC (4 qubits),3,91167,0,0.66839370253264
depression,PennyLane VQC (4 qubits),3,91177,0,0.4816384037853161
depression,PennyLane VQC (4 qubits),3,91190,0,0.5346171374064356
depression,PennyLane VQC (4 qubits),3,91204,1,0.6013435466621965
depression,PennyLane VQC (4 qubits),3,91215,0,0.4605996034465871
depression,PennyLane VQC (4 qubits),3,91223,0,0.49663970428861737
depression,PennyLane VQC (4 qubits),3,91239,0,0.5929915675073298
depression,PennyLane VQC (4 qubits),3,91251,0,0.46803661445115075
depression,PennyLane VQC (4 qubits),3,91263,0,0.49776351715491984
depression,PennyLane VQC (4 qubits),3,91271,0,0.6290199314292392
depression,PennyLane VQC (4 qubits),3,91279,0,0.6554126656272756
depression,PennyLane VQC (4 qubits),3,91292,0,0.5638460663011661
depression,PennyLane VQC (4 qubits),3,91303,0,0.7450789728623661
depression,PennyLane VQC (4 qubits),3,91316,0,0.50406563684855
depression,PennyLane VQC (4 qubits),3,91324,0,0.6463304239015606
depression,PennyLane VQC (4 qubits),3,91332,0,0.33334000848790335
depression,PennyLane VQC (4 qubits),3,91339,0,0.6024463022766033
depression,PennyLane VQC (4 qubits),3,91347,1,0.39180080894808145
depression,PennyLane VQC (4 qubits),3,91355,0,0.48264097324810284
depression,PennyLane VQC (4 qubits),3,91361,0,0.5544433932896747
depression,PennyLane VQC (4 qubits),3,91367,0,0.43677555226116827
depression,PennyLane VQC (4 qubits),3,91383,0,0.5434628159325878
depression,PennyLane VQC (4 qubits),3,91393,1,0.45737305143131546
depression,PennyLane VQC (4 qubits),3,91402,0,0.2902021643009949
depression,PennyLane VQC (4 qubits),3,91413,0,0.4882137166812785
depression,PennyLane VQC (4 qubits),3,91421,0,0.554859237341913
depression,PennyLane VQC (4 qubits),3,91432,0,0.16319786222560362
depression,PennyLane VQC (4 qubits),3,91440,0,0.5255317094830286
depression,PennyLane VQC (4 qubits),3,91449,0,0.3076014205826735
depression,PennyLane VQC (4 qubits),3,91454,0,0.45494394905708224
depression,PennyLane VQC (4 qubits),3,91475,1,0.3011242081757955
depression,PennyLane VQC (4 qubits),3,91481,0,0.25392193152328524
depression,PennyLane VQC (4 qubits),3,91489,0,0.46861602177929174
depression,PennyLane VQC (4 qubits),3,91497,0,0.5339282271327728
depression,PennyLane VQC (4 qubits),3,91510,0,0.39864095012167633
depression,PennyLane VQC (4 qubits),3,91525,0,0.430950388221606
depression,PennyLane VQC (4 qubits),3,91533,0,0.3001177544896788
depression,PennyLane VQC (4 qubits),3,91544,0,0.39651346738173043
depression,PennyLane VQC (4 qubits),3,91555,0,0.5354053529031784
depression,PennyLane VQC (4 qubits),3,91563,0,0.7177571005694361
depression,PennyLane VQC (4 qubits),3,91572,0,0.2719088425339703
depression,PennyLane VQC (4 qubits),3,91584,0,0.5666972584648287
depression,PennyLane VQC (4 qubits),3,91596,0,0.605139030251025
depression,PennyLane VQC (4 qubits),3,91604,0,0.433622526735413
depression,PennyLane VQC (4 qubits),3,91615,0,0.5192961187306399
depression,PennyLane VQC (4 qubits),3,91622,0,0.5772745392689822
depression,PennyLane VQC (4 qubits),3,91631,1,0.5170151641798306
depression,PennyLane VQC (4 qubits),3,91637,0,0.4816859191356866
depression,PennyLane VQC (4 qubits),3,91646,0,0.4721437508100317
depression,PennyLane VQC (4 qubits),3,91661,0,0.3983260775041252
depression,PennyLane VQC (4 qubits),3,91670,0,0.49257062459263334
depression,PennyLane VQC (4 qubits),3,91674,0,0.3747456252434065
depression,PennyLane VQC (4 qubits),3,91683,0,0.5892316631863087
depression,PennyLane VQC (4 qubits),3,91702,0,0.5350829851515552
depression,PennyLane VQC (4 qubits),3,91714,0,0.37301646204206396
depression,PennyLane VQC (4 qubits),3,91717,1,0.5801407916405951
depression,PennyLane VQC (4 qubits),3,91728,0,0.3688399522918524
depression,PennyLane VQC (4 qubits),3,91733,0,0.4672748719428293
depression,PennyLane VQC (4 qubits),3,91742,0,0.23105474765515377
depression,PennyLane VQC (4 qubits),3,91750,0,0.5432379442214141
depression,PennyLane VQC (4 qubits),3,91759,1,0.4768210850340393
depression,PennyLane VQC (4 qubits),3,91776,0,0.41368779869986727
depression,PennyLane VQC (4 qubits),3,91787,0,0.27217386870571375
depression,PennyLane VQC (4 qubits),3,91793,0,0.5909810855641261
depression,PennyLane VQC (4 qubits),3,91804,0,0.634918240926879
depression,PennyLane VQC (4 qubits),3,91810,1,0.10429597656050565
depression,PennyLane VQC (4 qubits),3,91817,0,0.4908278432569133
depression,PennyLane VQC (4 qubits),3,91825,0,0.5426689297398376
depression,PennyLane VQC (4 qubits),3,91832,0,0.4954493827356379
depression,PennyLane VQC (4 qubits),3,91838,0,0.5441060585277562
depression,PennyLane VQC (4 qubits),3,91846,0,0.5825009940289834
depression,PennyLane VQC (4 qubits),3,91856,0,0.5900610987484142
depression,PennyLane VQC (4 qubits),3,91865,0,0.5296339190435624
depression,PennyLane VQC (4 qubits),3,91875,0,0.39510711410255817
depression,PennyLane VQC (4 qubits),3,91888,0,0.5577857438164452
depression,PennyLane VQC (4 qubits),3,91897,0,0.6042949666134455
depression,PennyLane VQC (4 qubits),3,91906,0,0.6253465929159753
depression,PennyLane VQC (4 qubits),3,91916,0,0.5887387998615916
depression,PennyLane VQC (4 qubits),3,91927,0,0.493926462079025
depression,PennyLane VQC (4 qubits),3,91935,0,0.25392193152328524
depression,PennyLane VQC (4 qubits),3,91950,0,0.6242440865498105
depression,PennyLane VQC (4 qubits),3,91960,0,0.5022375473514815
depression,PennyLane VQC (4 qubits),3,91972,0,0.5857825167376258
depression,PennyLane VQC (4 qubits),3,91975,0,0.294467327824292
depression,PennyLane VQC (4 qubits),3,91984,0,0.6171193491628331
depression,PennyLane VQC (4 qubits),3,91997,1,0.5087358650898726
depression,PennyLane VQC (4 qubits),3,92004,0,0.2988543347616154
depression,PennyLane VQC (4 qubits),3,92020,0,0.4553191144812515
depression,PennyLane VQC (4 qubits),3,92030,0,0.6482221684792876
depression,PennyLane VQC (4 qubits),3,92044,0,0.2473585319056799
depression,PennyLane VQC (4 qubits),3,92051,0,0.5899054729605069
depression,PennyLane VQC (4 qubits),3,92060,0,0.5386417504294742
depression,PennyLane VQC (4 qubits),3,92074,0,0.5087552365452205
depression,PennyLane VQC (4 qubits),3,92085,0,0.44277299329578773
depression,PennyLane VQC (4 qubits),3,92094,0,0.5987302444069247
depression,PennyLane VQC (4 qubits),3,92104,0,0.43513018299476103
depression,PennyLane VQC (4 qubits),3,92109,1,0.5913962991925366
depression,PennyLane VQC (4 qubits),3,92121,0,0.5787925797604355
depression,PennyLane VQC (4 qubits),3,92130,0,0.5254367606094447
depression,PennyLane VQC (4 qubits),3,92134,0,0.29632441636383244
depression,PennyLane VQC (4 qubits),3,92143,0,0.4345393641169356
depression,PennyLane VQC (4 qubits),3,92156,0,0.5907789330352209
depression,PennyLane VQC (4 qubits),3,92160,0,0.4563583252104375
depression,PennyLane VQC (4 qubits),3,92179,0,0.47654743170266456
depression,PennyLane VQC (4 qubits),3,92190,0,0.18072542708673994
depression,PennyLane VQC (4 qubits),3,92202,0,0.4496386207546593
depression,PennyLane VQC (4 qubits),3,92212,1,0.2908455215405319
depression,PennyLane VQC (4 qubits),3,92220,0,0.4786948627836325
depression,PennyLane VQC (4 qubits),3,92235,0,0.5082610060318596
depression,PennyLane VQC (4 qubits),3,92243,1,0.38684804758207525
depression,PennyLane VQC (4 qubits),3,92247,0,0.5330038775973294
depression,PennyLane VQC (4 qubits),3,92257,0,0.784577376433232
depression,PennyLane VQC (4 qubits),3,92271,0,0.6162310902722017
depression,PennyLane VQC (4 qubits),3,92283,0,0.5683175718107287
depression,PennyLane VQC (4 qubits),3,92296,0,0.4466201221389524
depression,PennyLane VQC (4 qubits),3,92307,0,0.41235078708834094
depression,PennyLane VQC (4 qubits),3,92323,0,0.09470005862496117
depression,PennyLane VQC (4 qubits),3,92337,0,0.4838326640182811
depression,PennyLane VQC (4 qubits),3,92349,0,0.6422305613655152
depression,PennyLane VQC (4 qubits),3,92359,0,0.39922250535006065
depression,PennyLane VQC (4 qubits),3,92366,0,0.5303149964414076
depression,PennyLane VQC (4 qubits),3,92374,0,0.5112026495167671
depression,PennyLane VQC (4 qubits),3,92389,0,0.5824539985118471
depression,PennyLane VQC (4 qubits),3,92393,0,0.47185150370213025
depression,PennyLane VQC (4 qubits),3,92405,0,0.6690471713557224
depression,PennyLane VQC (4 qubits),3,92413,0,0.4859117043065954
depression,PennyLane VQC (4 qubits),3,92419,0,0.6395332052912366
depression,PennyLane VQC (4 qubits),3,92428,0,0.2904836236680566
depression,PennyLane VQC (4 qubits),3,92437,0,0.4626601231452007
depression,PennyLane VQC (4 qubits),3,92448,0,0.5067322686063417
depression,PennyLane VQC (4 qubits),3,92462,1,0.23841664102405086
depression,PennyLane VQC (4 qubits),3,92478,0,0.28224189277178047
depression,PennyLane VQC (4 qubits),3,92491,0,0.3775174217599796
depression,PennyLane VQC (4 qubits),3,92500,0,0.5625580711370253
depression,PennyLane VQC (4 qubits),3,92506,0,0.5556464484580502
depression,PennyLane VQC (4 qubits),3,92512,0,0.7542199051085148
depression,PennyLane VQC (4 qubits),3,92526,0,0.3272358624259218
depression,PennyLane VQC (4 qubits),3,92533,0,0.39843511854216274
depression,PennyLane VQC (4 qubits),3,92540,0,0.5823767196771323
depression,PennyLane VQC (4 qubits),3,92546,0,0.37533067132287223
depression,PennyLane VQC (4 qubits),3,92556,0,0.4337754029081755
depression,PennyLane VQC (4 qubits),3,92566,0,0.4730100949320449
depression,PennyLane VQC (4 qubits),3,92574,0,0.41142249422220645
depression,PennyLane VQC (4 qubits),3,92588,0,0.37995175577664875
depression,PennyLane VQC (4 qubits),3,92601,0,0.2642886985573191
depression,PennyLane VQC (4 qubits),3,92608,0,0.20288912212609422
depression,PennyLane VQC (4 qubits),3,92617,1,0.28576102404085213
depression,PennyLane VQC (4 qubits),3,92625,0,0.5898628836195737
depression,PennyLane VQC (4 qubits),3,92634,0,0.4417773002958507
depression,PennyLane VQC (4 qubits),3,92647,0,0.5666886021261344
depression,PennyLane VQC (4 qubits),3,92657,0,0.6904154304051626
depression,PennyLane VQC (4 qubits),3,92667,0,0.5114752205840726
depression,PennyLane VQC (4 qubits),3,92676,0,0.481030537612362
depression,PennyLane VQC (4 qubits),3,92688,0,0.433622526735413
depression,PennyLane VQC (4 qubits),3,92698,0,0.4651917374351472
depression,PennyLane VQC (4 qubits),3,92704,1,0.41683546554990425
depression,PennyLane VQC (4 qubits),3,92719,0,0.4270385110020573
depression,PennyLane VQC (4 qubits),3,92728,0,0.2688444913650194
depression,PennyLane VQC (4 qubits),3,92741,0,0.47492576682671606
depression,PennyLane VQC (4 qubits),3,92748,0,0.5523063156831658
depression,PennyLane VQC (4 qubits),3,92753,0,0.40082039328841634
depression,PennyLane VQC (4 qubits),3,92767,0,0.411648353254806
depression,PennyLane VQC (4 qubits),3,92777,0,0.46007252182554204
depression,PennyLane VQC (4 qubits),3,92788,0,0.5647658567394119
depression,PennyLane VQC (4 qubits),3,92799,0,0.47023189945342464
depression,PennyLane VQC (4 qubits),3,92814,0,0.6201072197868194
depression,PennyLane VQC (4 qubits),3,92822,0,0.43277722783609096
depression,PennyLane VQC (4 qubits),3,92829,0,0.537689699055238
depression,PennyLane VQC (4 qubits),3,92839,0,0.46477686377517385
depression,PennyLane VQC (4 qubits),3,92850,0,0.6273354595699703
depression,PennyLane VQC (4 qubits),3,92859,0,0.36175603893344266
depression,PennyLane VQC (4 qubits),3,92878,0,0.3382485995581449
depression,PennyLane VQC (4 qubits),3,92881,0,0.5270056679088049
depression,PennyLane VQC (4 qubits),3,92887,0,0.3096377195043896
depression,PennyLane VQC (4 qubits),3,92897,0,0.6769351920689795
depression,PennyLane VQC (4 qubits),3,92903,0,0.3722771707434862
depression,PennyLane VQC (4 qubits),3,92909,0,0.5880893067112908
depression,PennyLane VQC (4 qubits),3,92918,0,0.6216820347130337
depression,PennyLane VQC (4 qubits),3,92926,0,0.4955446743283336
depression,PennyLane VQC (4 qubits),3,92938,0,0.5155857541390059
depression,PennyLane VQC (4 qubits),3,92950,0,0.6204237161369139
depression,PennyLane VQC (4 qubits),3,92957,0,0.5165924738075385
depression,PennyLane VQC (4 qubits),3,92967,0,0.4964015742914212
depression,PennyLane VQC (4 qubits),3,92977,0,0.47638078720415133
depression,PennyLane VQC (4 qubits),3,92986,0,0.2604687683488377
depression,PennyLane VQC (4 qubits),3,92992,0,0.26558430850093595
depression,PennyLane VQC (4 qubits),3,93000,0,0.4934538759126102
depression,PennyLane VQC (4 qubits),3,93005,0,0.4548493045088105
depression,PennyLane VQC (4 qubits),3,93014,0,0.2981447937841968
depression,PennyLane VQC (4 qubits),3,93022,0,0.27265101434038896
depression,PennyLane VQC (4 qubits),3,93029,0,0.2843001784901411
depression,PennyLane VQC (4 qubits),3,93043,0,0.35530746684454234
depression,PennyLane VQC (4 qubits),3,93048,0,0.506106402453969
depression,PennyLane VQC (4 qubits),3,93053,0,0.6459364658090381
depression,PennyLane VQC (4 qubits),3,93069,0,0.34058116402349425
depression,PennyLane VQC (4 qubits),3,93075,1,0.37897319469764745
depression,PennyLane VQC (4 qubits),3,93085,0,0.5020204318225354
depression,PennyLane VQC (4 qubits),3,93093,0,0.6456296197886962
depression,PennyLane VQC (4 qubits),3,93100,0,0.5494452834493185
depression,PennyLane VQC (4 qubits),3,93111,0,0.4444311062344586
depression,PennyLane VQC (4 qubits),3,93124,0,0.4871800798230116
depression,PennyLane VQC (4 qubits),3,93140,0,0.31617278893346057
depression,PennyLane VQC (4 qubits),3,93149,0,0.37592562633531673
depression,PennyLane VQC (4 qubits),3,93162,0,0.21333784644303022
depression,PennyLane VQC (4 qubits),3,93174,0,0.2265654957335913
depression,PennyLane VQC (4 qubits),3,93185,0,0.617999061824109
depression,PennyLane VQC (4 qubits),3,93200,0,0.5057116585395645
depression,PennyLane VQC (4 qubits),3,93206,0,0.5803476913226615
depression,PennyLane VQC (4 qubits),3,93213,0,0.5550950397248458
depression,PennyLane VQC (4 qubits),3,93232,0,0.5530223531166046
depression,PennyLane VQC (4 qubits),3,93240,0,0.5105860156093103
depression,PennyLane VQC (4 qubits),3,93251,0,0.4290241504459836
depression,PennyLane VQC (4 qubits),3,93266,0,0.7159356261215721
depression,PennyLane VQC (4 qubits),3,93273,0,0.4866937346296593
depression,PennyLane VQC (4 qubits),3,93278,0,0.5307339218898122
depression,PennyLane VQC (4 qubits),3,93281,0,0.24480530103367082
depression,PennyLane VQC (4 qubits),3,93286,0,0.5729447985807843
depression,PennyLane VQC (4 qubits),3,93300,0,0.48873778958975167
depression,PennyLane VQC (4 qubits),3,93308,0,0.46266946547095206
depression,PennyLane VQC (4 qubits),3,93321,0,0.47501198710731474
depression,PennyLane VQC (4 qubits),3,93328,0,0.5771099840828665
depression,PennyLane VQC (4 qubits),3,93345,1,0.5205784848731115
depression,PennyLane VQC (4 qubits),3,93353,0,0.4753695665390274
depression,PennyLane VQC (4 qubits),3,93361,0,0.07817098074748285
depression,PennyLane VQC (4 qubits),3,93367,0,0.5015717389509736
depression,PennyLane VQC (4 qubits),3,93374,0,0.3973244339643909
depression,PennyLane VQC (4 qubits),3,93391,0,0.5779207800221706
depression,PennyLane VQC (4 qubits),3,93410,0,0.35281051962738696
depression,PennyLane VQC (4 qubits),3,93420,0,0.5035752728118456
depression,PennyLane VQC (4 qubits),3,93434,0,0.49449866725507574
depression,PennyLane VQC (4 qubits),3,93437,0,0.5095416835719132
depression,PennyLane VQC (4 qubits),3,93446,0,0.2945637118060186
depression,PennyLane VQC (4 qubits),3,93461,0,0.22387110973524454
depression,PennyLane VQC (4 qubits),3,93478,0,0.40603440127431323
depression,PennyLane VQC (4 qubits),3,93488,0,0.5262716869633413
depression,PennyLane VQC (4 qubits),3,93495,0,0.3270716958410931
depression,PennyLane VQC (4 qubits),3,93503,0,0.6276793656407045
depression,PennyLane VQC (4 qubits),3,93513,0,0.4257904723348836
depression,PennyLane VQC (4 qubits),3,93522,0,0.57419832821843
depression,PennyLane VQC (4 qubits),3,93532,0,0.4824968840770244
depression,PennyLane VQC (4 qubits),3,93541,0,0.2664526312429871
depression,PennyLane VQC (4 qubits),3,93555,0,0.5843807187162523
depression,PennyLane VQC (4 qubits),3,93563,0,0.6113325893445934
depression,PennyLane VQC (4 qubits),3,93571,0,0.4748033979435037
depression,PennyLane VQC (4 qubits),3,93581,0,0.5867610173568851
depression,PennyLane VQC (4 qubits),3,93592,0,0.4291030462843689
depression,PennyLane VQC (4 qubits),3,93606,0,0.2690463581709795
depression,PennyLane VQC (4 qubits),3,93611,0,0.43684227286337396
depression,PennyLane VQC (4 qubits),3,93617,0,0.4648892886289205
depression,PennyLane VQC (4 qubits),3,93624,0,0.42913718230064846
depression,PennyLane VQC (4 qubits),3,93636,1,0.4096146216084982
depression,PennyLane VQC (4 qubits),3,93644,0,0.4613191008806773
depression,PennyLane VQC (4 qubits),3,93655,0,0.43799729045987246
depression,PennyLane VQC (4 qubits),3,93664,0,0.6513965627071372
depression,PennyLane VQC (4 qubits),3,93675,1,0.446146002023603
depression,PennyLane VQC (4 qubits),3,93685,0,0.4264723998926066
depression,PennyLane VQC (4 qubits),3,93697,0,0.31001640723453927
depression,PennyLane VQC (4 qubits),4,83732,0,0.4766410060265282
depression,PennyLane VQC (4 qubits),4,83744,0,0.580192051946256
depression,PennyLane VQC (4 qubits),4,83755,0,0.4513761578461877
depression,PennyLane VQC (4 qubits),4,83769,0,0.5086797043451359
depression,PennyLane VQC (4 qubits),4,83784,0,0.20102380230888256
depression,PennyLane VQC (4 qubits),4,83790,0,0.4721093724563695
depression,PennyLane VQC (4 qubits),4,83813,0,0.2948466973914774
depression,PennyLane VQC (4 qubits),4,83821,0,0.7418809420389199
depression,PennyLane VQC (4 qubits),4,83832,0,0.32537697037758706
depression,PennyLane VQC (4 qubits),4,83844,0,0.5322196675353681
depression,PennyLane VQC (4 qubits),4,83854,0,0.5120333837990403
depression,PennyLane VQC (4 qubits),4,83865,0,0.29682758363050177
depression,PennyLane VQC (4 qubits),4,83872,0,0.5224617601440991
depression,PennyLane VQC (4 qubits),4,83884,0,0.4757864426813432
depression,PennyLane VQC (4 qubits),4,83890,0,0.32498318412491456
depression,PennyLane VQC (4 qubits),4,83898,0,0.630035246692659
depression,PennyLane VQC (4 qubits),4,83908,0,0.5917271047529495
depression,PennyLane VQC (4 qubits),4,83915,0,0.46867450605376887
depression,PennyLane VQC (4 qubits),4,83926,0,0.3373792223783619
depression,PennyLane VQC (4 qubits),4,83933,0,0.42714052979308703
depression,PennyLane VQC (4 qubits),4,83937,0,0.41287969558297694
depression,PennyLane VQC (4 qubits),4,83949,0,0.26070760201017296
depression,PennyLane VQC (4 qubits),4,83955,0,0.5264223038989949
depression,PennyLane VQC (4 qubits),4,83963,0,0.5878437256271428
depression,PennyLane VQC (4 qubits),4,83969,0,0.1532188765250278
depression,PennyLane VQC (4 qubits),4,83982,0,0.44656904192274693
depression,PennyLane VQC (4 qubits),4,83990,0,0.6857106410028753
depression,PennyLane VQC (4 qubits),4,83998,0,0.45999763833481
depression,PennyLane VQC (4 qubits),4,84008,0,0.49800122100017236
depression,PennyLane VQC (4 qubits),4,84016,0,0.5251259134746082
depression,PennyLane VQC (4 qubits),4,84023,0,0.1557474524239723
depression,PennyLane VQC (4 qubits),4,84030,0,0.4872504756558518
depression,PennyLane VQC (4 qubits),4,84038,0,0.26828732608637607
depression,PennyLane VQC (4 qubits),4,84047,0,0.7490572443629778
depression,PennyLane VQC (4 qubits),4,84061,0,0.5711166579078221
depression,PennyLane VQC (4 qubits),4,84070,0,0.6026727191244969
depression,PennyLane VQC (4 qubits),4,84086,0,0.588852712419517
depression,PennyLane VQC (4 qubits),4,84094,0,0.4213448295329577
depression,PennyLane VQC (4 qubits),4,84107,0,0.39288338566544856
depression,PennyLane VQC (4 qubits),4,84114,0,0.500103733168899
depression,PennyLane VQC (4 qubits),4,84121,0,0.30966636675785786
depression,PennyLane VQC (4 qubits),4,84130,0,0.4432764958310389
depression,PennyLane VQC (4 qubits),4,84139,0,0.3269586675418013
depression,PennyLane VQC (4 qubits),4,84165,0,0.46597771182324554
depression,PennyLane VQC (4 qubits),4,84170,0,0.6814205344118447
depression,PennyLane VQC (4 qubits),4,84177,0,0.7775547523761439
depression,PennyLane VQC (4 qubits),4,84188,1,0.3032101672136847
depression,PennyLane VQC (4 qubits),4,84196,0,0.25247354697366675
depression,PennyLane VQC (4 qubits),4,84205,0,0.589926995469926
depression,PennyLane VQC (4 qubits),4,84222,1,0.6406906382308826
depression,PennyLane VQC (4 qubits),4,84229,1,0.484901708691226
depression,PennyLane VQC (4 qubits),4,84234,0,0.6198354857834716
depression,PennyLane VQC (4 qubits),4,84246,0,0.4865675401223315
depression,PennyLane VQC (4 qubits),4,84264,0,0.5790176683889431
depression,PennyLane VQC (4 qubits),4,84279,0,0.6667711512782825
depression,PennyLane VQC (4 qubits),4,84290,0,0.3683889407379227
depression,PennyLane VQC (4 qubits),4,84294,0,0.23306152325865614
depression,PennyLane VQC (4 qubits),4,84305,0,0.5386036993362429
depression,PennyLane VQC (4 qubits),4,84318,0,0.410313988175814
depression,PennyLane VQC (4 qubits),4,84323,0,0.3966908593358032
depression,PennyLane VQC (4 qubits),4,84349,0,0.4938878193490264
depression,PennyLane VQC (4 qubits),4,84360,0,0.4934456816101329
depression,PennyLane VQC (4 qubits),4,84374,0,0.4157330540304658
depression,PennyLane VQC (4 qubits),4,84379,0,0.46277685965052634
depression,PennyLane VQC (4 qubits),4,84388,0,0.4654815239063058
depression,PennyLane VQC (4 qubits),4,84393,0,0.591397065522133
depression,PennyLane VQC (4 qubits),4,84400,0,0.29213921477940874
depression,PennyLane VQC (4 qubits),4,84405,0,0.34458942886234745
depression,PennyLane VQC (4 qubits),4,84417,0,0.6124986809789781
depression,PennyLane VQC (4 qubits),4,84425,1,0.6047090688533889
depression,PennyLane VQC (4 qubits),4,84433,0,0.24692129511311744
depression,PennyLane VQC (4 qubits),4,84447,0,0.4601946416621737
depression,PennyLane VQC (4 qubits),4,84456,0,0.6776561955652164
depression,PennyLane VQC (4 qubits),4,84464,0,0.4412523849302795
depression,PennyLane VQC (4 qubits),4,84473,0,0.17149395038070875
depression,PennyLane VQC (4 qubits),4,84481,0,0.5822400802492881
depression,PennyLane VQC (4 qubits),4,84494,0,0.29124873349742514
depression,PennyLane VQC (4 qubits),4,84500,0,0.4898096746196759
depression,PennyLane VQC (4 qubits),4,84513,0,0.20586416485805187
depression,PennyLane VQC (4 qubits),4,84535,0,0.20638226132450005
depression,PennyLane VQC (4 qubits),4,84537,0,0.45391404549850034
depression,PennyLane VQC (4 qubits),4,84550,0,0.2090293373094928
depression,PennyLane VQC (4 qubits),4,84552,0,0.3927424487400504
depression,PennyLane VQC (4 qubits),4,84568,0,0.47170955806000464
depression,PennyLane VQC (4 qubits),4,84580,0,0.43729689379880077
depression,PennyLane VQC (4 qubits),4,84586,0,0.4016694896734032
depression,PennyLane VQC (4 qubits),4,84588,0,0.3375273940465583
depression,PennyLane VQC (4 qubits),4,84596,0,0.3884519309119188
depression,PennyLane VQC (4 qubits),4,84607,0,0.4550597717573316
depression,PennyLane VQC (4 qubits),4,84618,0,0.1240474562616719
depression,PennyLane VQC (4 qubits),4,84622,0,0.4374268761981422
depression,PennyLane VQC (4 qubits),4,84637,0,0.564620202784165
depression,PennyLane VQC (4 qubits),4,84650,0,0.48925480009511
depression,PennyLane VQC (4 qubits),4,84657,0,0.36998788449554226
depression,PennyLane VQC (4 qubits),4,84662,0,0.6163555797456475
depression,PennyLane VQC (4 qubits),4,84672,0,0.5322761985047229
depression,PennyLane VQC (4 qubits),4,84680,0,0.534492516741787
depression,PennyLane VQC (4 qubits),4,84694,0,0.5046168380967055
depression,PennyLane VQC (4 qubits),4,84698,0,0.3290940729221533
depression,PennyLane VQC (4 qubits),4,84712,0,0.33951277516070144
depression,PennyLane VQC (4 qubits),4,84720,1,0.37015314471286226
depression,PennyLane VQC (4 qubits),4,84735,0,0.6152582673029611
depression,PennyLane VQC (4 qubits),4,84742,0,0.13011981528059863
depression,PennyLane VQC (4 qubits),4,84748,0,0.4291554198095029
depression,PennyLane VQC (4 qubits),4,84760,0,0.21266015159733198
depression,PennyLane VQC (4 qubits),4,84767,0,0.21101880658754457
depression,PennyLane VQC (4 qubits),4,84775,0,0.40980782979953567
depression,PennyLane VQC (4 qubits),4,84783,0,0.3775048599705185
depression,PennyLane VQC (4 qubits),4,84787,0,0.3164287382487759
depression,PennyLane VQC (4 qubits),4,84790,0,0.6496337917654917
depression,PennyLane VQC (4 qubits),4,84803,0,0.5625646969238586
depression,PennyLane VQC (4 qubits),4,84806,0,0.6820512625327736
depression,PennyLane VQC (4 qubits),4,84818,0,0.30138952255549556
depression,PennyLane VQC (4 qubits),4,84829,0,0.482117630703112
depression,PennyLane VQC (4 qubits),4,84835,0,0.44410036086914306
depression,PennyLane VQC (4 qubits),4,84846,0,0.6287545962282023
depression,PennyLane VQC (4 qubits),4,84862,0,0.4753170964196929
depression,PennyLane VQC (4 qubits),4,84869,0,0.47918600218924956
depression,PennyLane VQC (4 qubits),4,84880,0,0.5460188303903144
depression,PennyLane VQC (4 qubits),4,84894,0,0.4213448295329577
depression,PennyLane VQC (4 qubits),4,84901,1,0.5261015442637602
depression,PennyLane VQC (4 qubits),4,84910,0,0.6040137655555581
depression,PennyLane VQC (4 qubits),4,84916,0,0.3780422073122489
depression,PennyLane VQC (4 qubits),4,84923,0,0.43461431992047483
depression,PennyLane VQC (4 qubits),4,84930,0,0.6081433132719757
depression,PennyLane VQC (4 qubits),4,84935,0,0.47351138572218066
depression,PennyLane VQC (4 qubits),4,84946,0,0.5630387757645223
depression,PennyLane VQC (4 qubits),4,84952,0,0.3528601207051272
depression,PennyLane VQC (4 qubits),4,84966,0,0.5043548275883633
depression,PennyLane VQC (4 qubits),4,84976,0,0.36494026257270185
depression,PennyLane VQC (4 qubits),4,84988,0,0.4898159161412007
depression,PennyLane VQC (4 qubits),4,84995,0,0.5085576570879744
depression,PennyLane VQC (4 qubits),4,85007,1,0.6071597512364934
depression,PennyLane VQC (4 qubits),4,85009,0,0.31089814934822557
depression,PennyLane VQC (4 qubits),4,85034,0,0.4801331106951973
depression,PennyLane VQC (4 qubits),4,85041,0,0.6030357265429624
depression,PennyLane VQC (4 qubits),4,85051,0,0.42626038837844726
depression,PennyLane VQC (4 qubits),4,85057,0,0.3050864576157088
depression,PennyLane VQC (4 qubits),4,85064,0,0.45644474132262314
depression,PennyLane VQC (4 qubits),4,85074,0,0.5457231874214519
depression,PennyLane VQC (4 qubits),4,85092,0,0.5236239102309447
depression,PennyLane VQC (4 qubits),4,85104,1,0.48640967445208116
depression,PennyLane VQC (4 qubits),4,85113,0,0.1082918077878231
depression,PennyLane VQC (4 qubits),4,85120,0,0.447628390906917
depression,PennyLane VQC (4 qubits),4,85132,0,0.48961639682914804
depression,PennyLane VQC (4 qubits),4,85147,0,0.6736561885465339
depression,PennyLane VQC (4 qubits),4,85156,0,0.5397454842334655
depression,PennyLane VQC (4 qubits),4,85158,0,0.5650819953834191
depression,PennyLane VQC (4 qubits),4,85169,0,0.5219465537891886
depression,PennyLane VQC (4 qubits),4,85179,1,0.3481892911802489
depression,PennyLane VQC (4 qubits),4,85192,0,0.5788547059522279
depression,PennyLane VQC (4 qubits),4,85202,0,0.2964257818815645
depression,PennyLane VQC (4 qubits),4,85212,0,0.5788487023238429
depression,PennyLane VQC (4 qubits),4,85217,0,0.3853198226763066
depression,PennyLane VQC (4 qubits),4,85228,0,0.41421160898453024
depression,PennyLane VQC (4 qubits),4,85233,0,0.6278359616878876
depression,PennyLane VQC (4 qubits),4,85241,0,0.4904501459319611
depression,PennyLane VQC (4 qubits),4,85249,0,0.4593998106640058
depression,PennyLane VQC (4 qubits),4,85257,1,0.48206792034356927
depression,PennyLane VQC (4 qubits),4,85266,0,0.24557514302668737
depression,PennyLane VQC (4 qubits),4,85278,0,0.28834815071043773
depression,PennyLane VQC (4 qubits),4,85285,0,0.47071145818965565
depression,PennyLane VQC (4 qubits),4,85292,0,0.399928880707547
depression,PennyLane VQC (4 qubits),4,85299,0,0.37233042867808636
depression,PennyLane VQC (4 qubits),4,85314,0,0.29092056219113477
depression,PennyLane VQC (4 qubits),4,85320,0,0.4750502479598849
depression,PennyLane VQC (4 qubits),4,85334,0,0.6142114992087605
depression,PennyLane VQC (4 qubits),4,85341,0,0.3474462425891813
depression,PennyLane VQC (4 qubits),4,85348,0,0.4683985679100254
depression,PennyLane VQC (4 qubits),4,85356,0,0.4989503455426615
depression,PennyLane VQC (4 qubits),4,85367,0,0.4895124526039581
depression,PennyLane VQC (4 qubits),4,85370,1,0.582114484852496
depression,PennyLane VQC (4 qubits),4,85381,0,0.4552232055887899
depression,PennyLane VQC (4 qubits),4,85392,0,0.2950582160617219
depression,PennyLane VQC (4 qubits),4,85398,0,0.5687468654523129
depression,PennyLane VQC (4 qubits),4,85406,0,0.4956395758661074
depression,PennyLane VQC (4 qubits),4,85419,0,0.25681521654935247
depression,PennyLane VQC (4 qubits),4,85426,1,0.4991674845283559
depression,PennyLane VQC (4 qubits),4,85437,0,0.2646290659464081
depression,PennyLane VQC (4 qubits),4,85445,1,0.617103682931758
depression,PennyLane VQC (4 qubits),4,85453,0,0.4963615644535796
depression,PennyLane VQC (4 qubits),4,85467,0,0.49052802364135584
depression,PennyLane VQC (4 qubits),4,85480,0,0.35700714125584393
depression,PennyLane VQC (4 qubits),4,85487,0,0.24012886854929405
depression,PennyLane VQC (4 qubits),4,85496,0,0.5595083968806496
depression,PennyLane VQC (4 qubits),4,85508,1,0.5577460293773997
depression,PennyLane VQC (4 qubits),4,85518,0,0.3976327319464561
depression,PennyLane VQC (4 qubits),4,85521,0,0.30219708626807595
depression,PennyLane VQC (4 qubits),4,85536,1,0.579438742485827
depression,PennyLane VQC (4 qubits),4,85542,0,0.5743966916323267
depression,PennyLane VQC (4 qubits),4,85551,0,0.4690581390753016
depression,PennyLane VQC (4 qubits),4,85563,0,0.23450087794455027
depression,PennyLane VQC (4 qubits),4,85566,0,0.4731048640260759
depression,PennyLane VQC (4 qubits),4,85577,0,0.5150414050657337
depression,PennyLane VQC (4 qubits),4,85586,0,0.4851878229310295
depression,PennyLane VQC (4 qubits),4,85597,0,0.5965568108907353
depression,PennyLane VQC (4 qubits),4,85614,0,0.6236420080706069
depression,PennyLane VQC (4 qubits),4,85628,0,0.21760878984273024
depression,PennyLane VQC (4 qubits),4,85635,0,0.660930396763896
depression,PennyLane VQC (4 qubits),4,85649,1,0.45357756834101914
depression,PennyLane VQC (4 qubits),4,85660,0,0.5948642277783238
depression,PennyLane VQC (4 qubits),4,85667,0,0.5019167335417486
depression,PennyLane VQC (4 qubits),4,85674,0,0.46173103707569413
depression,PennyLane VQC (4 qubits),4,85682,0,0.33868941216298254
depression,PennyLane VQC (4 qubits),4,85697,0,0.6572907360603604
depression,PennyLane VQC (4 qubits),4,85704,0,0.5698562108499597
depression,PennyLane VQC (4 qubits),4,85715,0,0.4884779547005934
depression,PennyLane VQC (4 qubits),4,85726,0,0.5505827415352036
depression,PennyLane VQC (4 qubits),4,85733,0,0.4953770774222338
depression,PennyLane VQC (4 qubits),4,85740,0,0.6616388279853569
depression,PennyLane VQC (4 qubits),4,85753,0,0.4323158494428024
depression,PennyLane VQC (4 qubits),4,85766,0,0.3463539662084373
depression,PennyLane VQC (4 qubits),4,85776,0,0.42241438743640725
depression,PennyLane VQC (4 qubits),4,85782,1,0.5974903309058771
depression,PennyLane VQC (4 qubits),4,85789,0,0.521420755204101
depression,PennyLane VQC (4 qubits),4,85797,0,0.4877549348905912
depression,PennyLane VQC (4 qubits),4,85803,0,0.27421060893109983
depression,PennyLane VQC (4 qubits),4,85811,0,0.4384961385639704
depression,PennyLane VQC (4 qubits),4,85820,0,0.32780124466584126
depression,PennyLane VQC (4 qubits),4,85828,0,0.3095716529052206
depression,PennyLane VQC (4 qubits),4,85837,1,0.4628684241603157
depression,PennyLane VQC (4 qubits),4,85851,0,0.17487041646848506
depression,PennyLane VQC (4 qubits),4,85859,0,0.2915939789406125
depression,PennyLane VQC (4 qubits),4,85867,0,0.5219429896540575
depression,PennyLane VQC (4 qubits),4,85876,0,0.5437859459861654
depression,PennyLane VQC (4 qubits),4,85879,0,0.5153774550872013
depression,PennyLane VQC (4 qubits),4,85893,0,0.3762038358163294
depression,PennyLane VQC (4 qubits),4,85901,0,0.20632278306460267
depression,PennyLane VQC (4 qubits),4,85912,1,0.6398645596997685
depression,PennyLane VQC (4 qubits),4,85928,0,0.3224446548138351
depression,PennyLane VQC (4 qubits),4,85939,0,0.32939504894876215
depression,PennyLane VQC (4 qubits),4,85946,0,0.7228305648652391
depression,PennyLane VQC (4 qubits),4,85957,1,0.42314445019309127
depression,PennyLane VQC (4 qubits),4,85962,0,0.49543728855455904
depression,PennyLane VQC (4 qubits),4,85968,0,0.5256095445173687
depression,PennyLane VQC (4 qubits),4,85981,0,0.343649231895878
depression,PennyLane VQC (4 qubits),4,85992,0,0.215976806375051
depression,PennyLane VQC (4 qubits),4,86000,0,0.43002589690580734
depression,PennyLane VQC (4 qubits),4,86010,0,0.49283458549203474
depression,PennyLane VQC (4 qubits),4,86019,0,0.42380620621631443
depression,PennyLane VQC (4 qubits),4,86028,0,0.36347565845706753
depression,PennyLane VQC (4 qubits),4,86034,0,0.47609147278253305
depression,PennyLane VQC (4 qubits),4,86040,1,0.44225847307433624
depression,PennyLane VQC (4 qubits),4,86052,0,0.6353560985925456
depression,PennyLane VQC (4 qubits),4,86057,0,0.4677253140875647
depression,PennyLane VQC (4 qubits),4,86062,0,0.17355811901923168
depression,PennyLane VQC (4 qubits),4,86063,1,0.5202249334344362
depression,PennyLane VQC (4 qubits),4,86077,0,0.11399428083369062
depression,PennyLane VQC (4 qubits),4,86087,0,0.24174022920583133
depression,PennyLane VQC (4 qubits),4,86094,0,0.4706153494515988
depression,PennyLane VQC (4 qubits),4,86100,0,0.6642856513154873
depression,PennyLane VQC (4 qubits),4,86110,0,0.21332504093444604
depression,PennyLane VQC (4 qubits),4,86129,0,0.47856922973482574
depression,PennyLane VQC (4 qubits),4,86143,0,0.4314934081487386
depression,PennyLane VQC (4 qubits),4,86146,0,0.4097489128927932
depression,PennyLane VQC (4 qubits),4,86155,0,0.23811193252321428
depression,PennyLane VQC (4 qubits),4,86160,0,0.5310235711409195
depression,PennyLane VQC (4 qubits),4,86169,0,0.44745376869346126
depression,PennyLane VQC (4 qubits),4,86178,1,0.5400079919164855
depression,PennyLane VQC (4 qubits),4,86188,0,0.43026647234496646
depression,PennyLane VQC (4 qubits),4,86195,0,0.5190631232532247
depression,PennyLane VQC (4 qubits),4,86205,0,0.4168537661586442
depression,PennyLane VQC (4 qubits),4,86212,0,0.5484688408853085
depression,PennyLane VQC (4 qubits),4,86221,0,0.26962388106735014
depression,PennyLane VQC (4 qubits),4,86236,0,0.48857285556831065
depression,PennyLane VQC (4 qubits),4,86242,0,0.520795438369648
depression,PennyLane VQC (4 qubits),4,86247,0,0.1861060054606507
depression,PennyLane VQC (4 qubits),4,86260,0,0.29800143417994523
depression,PennyLane VQC (4 qubits),4,86275,0,0.5615262578438187
depression,PennyLane VQC (4 qubits),4,86281,0,0.6094220445050216
depression,PennyLane VQC (4 qubits),4,86287,0,0.19955156228124582
depression,PennyLane VQC (4 qubits),4,86298,0,0.48443411762404437
depression,PennyLane VQC (4 qubits),4,86311,0,0.30827604035995815
depression,PennyLane VQC (4 qubits),4,86322,0,0.3851078393173794
depression,PennyLane VQC (4 qubits),4,86323,0,0.5514844000640012
depression,PennyLane VQC (4 qubits),4,86335,1,0.625045043090019
depression,PennyLane VQC (4 qubits),4,86348,0,0.34444070907798663
depression,PennyLane VQC (4 qubits),4,86354,0,0.4537911279483182
depression,PennyLane VQC (4 qubits),4,86361,0,0.13955000997602096
depression,PennyLane VQC (4 qubits),4,86367,0,0.5528841921739124
depression,PennyLane VQC (4 qubits),4,86383,0,0.41904864388911167
depression,PennyLane VQC (4 qubits),4,86396,0,0.5269490668311195
depression,PennyLane VQC (4 qubits),4,86404,0,0.29293940915159916
depression,PennyLane VQC (4 qubits),4,86417,0,0.4576615964519044
depression,PennyLane VQC (4 qubits),4,86430,0,0.4189477119160774
depression,PennyLane VQC (4 qubits),4,86439,0,0.6119381250311013
depression,PennyLane VQC (4 qubits),4,86450,0,0.7111810096423572
depression,PennyLane VQC (4 qubits),4,86458,0,0.4597225196772762
depression,PennyLane VQC (4 qubits),4,86472,0,0.49705826628638083
depression,PennyLane VQC (4 qubits),4,86480,0,0.42626133243365444
depression,PennyLane VQC (4 qubits),4,86483,0,0.6122622313178674
depression,PennyLane VQC (4 qubits),4,86498,0,0.16268899870292963
depression,PennyLane VQC (4 qubits),4,86512,0,0.4992154737544457
depression,PennyLane VQC (4 qubits),4,86518,0,0.35516433333837727
depression,PennyLane VQC (4 qubits),4,86524,0,0.6220704417584539
depression,PennyLane VQC (4 qubits),4,86528,0,0.45214272387780885
depression,PennyLane VQC (4 qubits),4,86539,0,0.46461511774430964
depression,PennyLane VQC (4 qubits),4,86551,1,0.1279075248342713
depression,PennyLane VQC (4 qubits),4,86558,0,0.47895209916671055
depression,PennyLane VQC (4 qubits),4,86567,1,0.6050682951480365
depression,PennyLane VQC (4 qubits),4,86575,0,0.25108199318755886
depression,PennyLane VQC (4 qubits),4,86581,0,0.360076949533527
depression,PennyLane VQC (4 qubits),4,86591,1,0.5362095281489248
depression,PennyLane VQC (4 qubits),4,86601,0,0.31248602206255954
depression,PennyLane VQC (4 qubits),4,86611,0,0.2923883656687289
depression,PennyLane VQC (4 qubits),4,86621,0,0.49526228505874326
depression,PennyLane VQC (4 qubits),4,86633,0,0.49709764206820173
depression,PennyLane VQC (4 qubits),4,86639,0,0.6145913453445735
depression,PennyLane VQC (4 qubits),4,86652,0,0.4960292067050809
depression,PennyLane VQC (4 qubits),4,86662,0,0.21536780106082193
depression,PennyLane VQC (4 qubits),4,86668,0,0.3948056268001495
depression,PennyLane VQC (4 qubits),4,86675,0,0.4882218956965006
depression,PennyLane VQC (4 qubits),4,86685,0,0.30972274622752466
depression,PennyLane VQC (4 qubits),4,86687,0,0.5566733769154484
depression,PennyLane VQC (4 qubits),4,86710,0,0.4529879222338948
depression,PennyLane VQC (4 qubits),4,86717,0,0.540253957087562
depression,PennyLane VQC (4 qubits),4,86720,0,0.4894154901096932
depression,PennyLane VQC (4 qubits),4,86732,0,0.5642974529925485
depression,PennyLane VQC (4 qubits),4,86741,0,0.18389513694981685
depression,PennyLane VQC (4 qubits),4,86748,0,0.48822010060273746
depression,PennyLane VQC (4 qubits),4,86759,0,0.6024248589267418
depression,PennyLane VQC (4 qubits),4,86772,0,0.16050462742573468
depression,PennyLane VQC (4 qubits),4,86781,0,0.2468484982314172
depression,PennyLane VQC (4 qubits),4,86795,0,0.26104898112533625
depression,PennyLane VQC (4 qubits),4,86805,0,0.37046916649475525
depression,PennyLane VQC (4 qubits),4,86810,0,0.4271713858203712
depression,PennyLane VQC (4 qubits),4,86824,0,0.2750290243317024
depression,PennyLane VQC (4 qubits),4,86833,0,0.3444868050868247
depression,PennyLane VQC (4 qubits),4,86848,0,0.5641246580781155
depression,PennyLane VQC (4 qubits),4,86864,0,0.5297475553327662
depression,PennyLane VQC (4 qubits),4,86875,0,0.5384524148252463
depression,PennyLane VQC (4 qubits),4,86885,0,0.12262183603450039
depression,PennyLane VQC (4 qubits),4,86894,0,0.5142893034183031
depression,PennyLane VQC (4 qubits),4,86906,0,0.540670460923442
depression,PennyLane VQC (4 qubits),4,86913,0,0.2650020077501709
depression,PennyLane VQC (4 qubits),4,86932,0,0.5550100928367894
depression,PennyLane VQC (4 qubits),4,86940,0,0.7025941060323048
depression,PennyLane VQC (4 qubits),4,86955,0,0.23202727274741042
depression,PennyLane VQC (4 qubits),4,86967,0,0.5117048858070798
depression,PennyLane VQC (4 qubits),4,86972,0,0.4488452231563878
depression,PennyLane VQC (4 qubits),4,86982,0,0.5557294925983536
depression,PennyLane VQC (4 qubits),4,86990,0,0.4393079723780953
depression,PennyLane VQC (4 qubits),4,86998,0,0.48216056023526366
depression,PennyLane VQC (4 qubits),4,87004,0,0.4002663695789581
depression,PennyLane VQC (4 qubits),4,87014,0,0.35721940995950846
depression,PennyLane VQC (4 qubits),4,87028,1,0.20159420497003055
depression,PennyLane VQC (4 qubits),4,87044,1,0.26754175013885084
depression,PennyLane VQC (4 qubits),4,87051,0,0.5884868607549736
depression,PennyLane VQC (4 qubits),4,87061,0,0.6384441025048662
depression,PennyLane VQC (4 qubits),4,87069,0,0.62729262686213
depression,PennyLane VQC (4 qubits),4,87080,0,0.5827309365145585
depression,PennyLane VQC (4 qubits),4,87090,0,0.39994106429754395
depression,PennyLane VQC (4 qubits),4,87111,0,0.23628366091692654
depression,PennyLane VQC (4 qubits),4,87118,0,0.48265933776806835
depression,PennyLane VQC (4 qubits),4,87127,0,0.581076196876458
depression,PennyLane VQC (4 qubits),4,87137,0,0.20452389946712562
depression,PennyLane VQC (4 qubits),4,87138,0,0.6252899757409802
depression,PennyLane VQC (4 qubits),4,87150,0,0.4429282857976562
depression,PennyLane VQC (4 qubits),4,87162,0,0.3136658738693781
depression,PennyLane VQC (4 qubits),4,87167,0,0.5922195028380683
depression,PennyLane VQC (4 qubits),4,87174,1,0.15951443875782756
depression,PennyLane VQC (4 qubits),4,87180,0,0.5136412426155914
depression,PennyLane VQC (4 qubits),4,87192,0,0.2579354163460428
depression,PennyLane VQC (4 qubits),4,87199,1,0.43294345146103574
depression,PennyLane VQC (4 qubits),4,87208,0,0.49592070312452585
depression,PennyLane VQC (4 qubits),4,87217,0,0.4686106152761866
depression,PennyLane VQC (4 qubits),4,87226,0,0.736975814775042
depression,PennyLane VQC (4 qubits),4,87235,0,0.4442415775221953
depression,PennyLane VQC (4 qubits),4,87243,0,0.6166759863599749
depression,PennyLane VQC (4 qubits),4,87250,0,0.5799006999705465
depression,PennyLane VQC (4 qubits),4,87257,0,0.7138568230695012
depression,PennyLane VQC (4 qubits),4,87264,1,0.3658807008766611
depression,PennyLane VQC (4 qubits),4,87275,0,0.4492275653821316
depression,PennyLane VQC (4 qubits),4,87283,0,0.6886111391701759
depression,PennyLane VQC (4 qubits),4,87291,0,0.5093772564131612
depression,PennyLane VQC (4 qubits),4,87298,0,0.3328015915363745
depression,PennyLane VQC (4 qubits),4,87311,0,0.48508015686673145
depression,PennyLane VQC (4 qubits),4,87319,0,0.5137594512538768
depression,PennyLane VQC (4 qubits),4,87325,0,0.36966726803724564
depression,PennyLane VQC (4 qubits),4,87335,0,0.3013116499175337
depression,PennyLane VQC (4 qubits),4,87345,0,0.6325447747633692
depression,PennyLane VQC (4 qubits),4,87354,0,0.30195059698387144
depression,PennyLane VQC (4 qubits),4,87370,0,0.4768230789351008
depression,PennyLane VQC (4 qubits),4,87377,0,0.5799166099455411
depression,PennyLane VQC (4 qubits),4,87389,0,0.5081626892796021
depression,PennyLane VQC (4 qubits),4,87406,0,0.6021293713724731
depression,PennyLane VQC (4 qubits),4,87418,0,0.1965245632562601
depression,PennyLane VQC (4 qubits),4,87427,0,0.19891798427576318
depression,PennyLane VQC (4 qubits),4,87435,0,0.8372170284737299
depression,PennyLane VQC (4 qubits),4,87445,0,0.35043603473459717
depression,PennyLane VQC (4 qubits),4,87454,0,0.6673890862770356
depression,PennyLane VQC (4 qubits),4,87463,0,0.4336582493250252
depression,PennyLane VQC (4 qubits),4,87474,0,0.5417866853225033
depression,PennyLane VQC (4 qubits),4,87481,0,0.5210091568858499
depression,PennyLane VQC (4 qubits),4,87488,0,0.5603770335362441
depression,PennyLane VQC (4 qubits),4,87497,0,0.7676596001751219
depression,PennyLane VQC (4 qubits),4,87506,0,0.5437859459861654
depression,PennyLane VQC (4 qubits),4,87512,0,0.6794173785946395
depression,PennyLane VQC (4 qubits),4,87521,0,0.29055073528920616
depression,PennyLane VQC (4 qubits),4,87523,0,0.5994801014422463
depression,PennyLane VQC (4 qubits),4,87545,0,0.3363303936537442
depression,PennyLane VQC (4 qubits),4,87559,0,0.4681552112073162
depression,PennyLane VQC (4 qubits),4,87568,0,0.4479858426378813
depression,PennyLane VQC (4 qubits),4,87583,0,0.5212614302921932
depression,PennyLane VQC (4 qubits),4,87592,0,0.6080262834835554
depression,PennyLane VQC (4 qubits),4,87600,0,0.3114471126846118
depression,PennyLane VQC (4 qubits),4,87607,0,0.2194722191063353
depression,PennyLane VQC (4 qubits),4,87628,0,0.29293940915159916
depression,PennyLane VQC (4 qubits),4,87636,0,0.5249324433733269
depression,PennyLane VQC (4 qubits),4,87653,0,0.5132828861026268
depression,PennyLane VQC (4 qubits),4,87665,0,0.47983750100527744
depression,PennyLane VQC (4 qubits),4,87671,0,0.576026109026255
depression,PennyLane VQC (4 qubits),4,87691,0,0.45985080420106395
depression,PennyLane VQC (4 qubits),4,87710,0,0.5049970031190456
depression,PennyLane VQC (4 qubits),4,87720,0,0.49572386120072076
depression,PennyLane VQC (4 qubits),4,87734,0,0.19999105897128022
depression,PennyLane VQC (4 qubits),4,87748,0,0.42969712611248745
depression,PennyLane VQC (4 qubits),4,87757,0,0.664572343532199
depression,PennyLane VQC (4 qubits),4,87769,0,0.4362591795965388
depression,PennyLane VQC (4 qubits),4,87776,0,0.41176702096743534
depression,PennyLane VQC (4 qubits),4,87783,0,0.5612700180583905
depression,PennyLane VQC (4 qubits),4,87788,0,0.43342627223611846
depression,PennyLane VQC (4 qubits),4,87800,0,0.5146325251021183
depression,PennyLane VQC (4 qubits),4,87808,0,0.4906471695652822
depression,PennyLane VQC (4 qubits),4,87818,0,0.4051831923451068
depression,PennyLane VQC (4 qubits),4,87829,0,0.5100390318645907
depression,PennyLane VQC (4 qubits),4,87841,0,0.581267802883824
depression,PennyLane VQC (4 qubits),4,87845,0,0.5479515279215342
depression,PennyLane VQC (4 qubits),4,87855,0,0.5052066091435933
depression,PennyLane VQC (4 qubits),4,87870,0,0.2858656073370532
depression,PennyLane VQC (4 qubits),4,87880,0,0.42855478745994313
depression,PennyLane VQC (4 qubits),4,87896,0,0.3106502155281675
depression,PennyLane VQC (4 qubits),4,87903,0,0.49341576464731673
depression,PennyLane VQC (4 qubits),4,87905,0,0.547495153622019
depression,PennyLane VQC (4 qubits),4,87916,0,0.5105896940077634
depression,PennyLane VQC (4 qubits),4,87930,0,0.5911012676741876
depression,PennyLane VQC (4 qubits),4,87947,0,0.5089411418600898
depression,PennyLane VQC (4 qubits),4,87956,0,0.4416864855381296
depression,PennyLane VQC (4 qubits),4,87966,0,0.20789610924141488
depression,PennyLane VQC (4 qubits),4,87977,1,0.48531715130450104
depression,PennyLane VQC (4 qubits),4,87986,0,0.34063086590482816
depression,PennyLane VQC (4 qubits),4,87998,0,0.2518770324405284
depression,PennyLane VQC (4 qubits),4,88005,1,0.5338097131760553
depression,PennyLane VQC (4 qubits),4,88020,0,0.4785482564593897
depression,PennyLane VQC (4 qubits),4,88029,0,0.4760404652382218
depression,PennyLane VQC (4 qubits),4,88042,0,0.4031774530339225
depression,PennyLane VQC (4 qubits),4,88049,0,0.1701751366173282
depression,PennyLane VQC (4 qubits),4,88060,0,0.16706900387152485
depression,PennyLane VQC (4 qubits),4,88071,0,0.2634488993768813
depression,PennyLane VQC (4 qubits),4,88081,0,0.4492253020782644
depression,PennyLane VQC (4 qubits),4,88089,0,0.49138532939077373
depression,PennyLane VQC (4 qubits),4,88097,0,0.28771920928781936
depression,PennyLane VQC (4 qubits),4,88106,0,0.3654641390340818
depression,PennyLane VQC (4 qubits),4,88114,0,0.643899828135678
depression,PennyLane VQC (4 qubits),4,88125,0,0.435185238543182
depression,PennyLane VQC (4 qubits),4,88133,0,0.26642763299424477
depression,PennyLane VQC (4 qubits),4,88145,0,0.3585505541916804
depression,PennyLane VQC (4 qubits),4,88153,0,0.6643237139044915
depression,PennyLane VQC (4 qubits),4,88160,0,0.2992014062376188
depression,PennyLane VQC (4 qubits),4,88169,0,0.3570564639222842
depression,PennyLane VQC (4 qubits),4,88175,0,0.24390571293950386
depression,PennyLane VQC (4 qubits),4,88186,1,0.21274773801332575
depression,PennyLane VQC (4 qubits),4,88197,0,0.234395356477052
depression,PennyLane VQC (4 qubits),4,88205,1,0.5280214403351733
depression,PennyLane VQC (4 qubits),4,88215,0,0.19861201184094085
depression,PennyLane VQC (4 qubits),4,88224,0,0.6425731915069466
depression,PennyLane VQC (4 qubits),4,88230,0,0.5918016830199873
depression,PennyLane VQC (4 qubits),4,88238,0,0.6525469292257933
depression,PennyLane VQC (4 qubits),4,88253,0,0.5391278468317509
depression,PennyLane VQC (4 qubits),4,88258,0,0.37446798043889895
depression,PennyLane VQC (4 qubits),4,88266,0,0.24692129511311744
depression,PennyLane VQC (4 qubits),4,88286,0,0.48697996253578457
depression,PennyLane VQC (4 qubits),4,88294,0,0.5452480578760281
depression,PennyLane VQC (4 qubits),4,88304,0,0.4408203601610475
depression,PennyLane VQC (4 qubits),4,88314,0,0.17477137418484245
depression,PennyLane VQC (4 qubits),4,88321,0,0.1448361346902456
depression,PennyLane VQC (4 qubits),4,88329,0,0.4567719149165226
depression,PennyLane VQC (4 qubits),4,88336,0,0.40356925671743754
depression,PennyLane VQC (4 qubits),4,88343,0,0.5777063555408015
depression,PennyLane VQC (4 qubits),4,88353,0,0.7902685929723438
depression,PennyLane VQC (4 qubits),4,88366,0,0.4556970290914386
depression,PennyLane VQC (4 qubits),4,88380,0,0.5681069336285536
depression,PennyLane VQC (4 qubits),4,88389,0,0.48876358158415095
depression,PennyLane VQC (4 qubits),4,88400,0,0.48251981254260473
depression,PennyLane VQC (4 qubits),4,88410,1,0.21531292219976317
depression,PennyLane VQC (4 qubits),4,88418,1,0.3073589659982059
depression,PennyLane VQC (4 qubits),4,88429,0,0.6951302173608841
depression,PennyLane VQC (4 qubits),4,88438,0,0.5037047042836152
depression,PennyLane VQC (4 qubits),4,88440,0,0.5894355881551784
depression,PennyLane VQC (4 qubits),4,88453,0,0.5250297594051081
depression,PennyLane VQC (4 qubits),4,88464,0,0.389202064566937
depression,PennyLane VQC (4 qubits),4,88479,0,0.5443506985927475
depression,PennyLane VQC (4 qubits),4,88487,0,0.5479394574919516
depression,PennyLane VQC (4 qubits),4,88507,0,0.6518024681454584
depression,PennyLane VQC (4 qubits),4,88509,0,0.7861386440585063
depression,PennyLane VQC (4 qubits),4,88526,0,0.3550751100879989
depression,PennyLane VQC (4 qubits),4,88531,0,0.4840141143767913
depression,PennyLane VQC (4 qubits),4,88544,0,0.38737385593676593
depression,PennyLane VQC (4 qubits),4,88559,0,0.4989503455426615
depression,PennyLane VQC (4 qubits),4,88568,0,0.7196104727595232
depression,PennyLane VQC (4 qubits),4,88582,0,0.24084825989084435
depression,PennyLane VQC (4 qubits),4,88592,0,0.4515337821575875
depression,PennyLane VQC (4 qubits),4,88604,0,0.31741387342968125
depression,PennyLane VQC (4 qubits),4,88609,0,0.47685717989330595
depression,PennyLane VQC (4 qubits),4,88615,0,0.21424688179210827
depression,PennyLane VQC (4 qubits),4,88626,0,0.21370803971152807
depression,PennyLane VQC (4 qubits),4,88632,0,0.49768078686717937
depression,PennyLane VQC (4 qubits),4,88641,0,0.5850059368084639
depression,PennyLane VQC (4 qubits),4,88645,0,0.4293978804161219
depression,PennyLane VQC (4 qubits),4,88657,0,0.42314445019309127
depression,PennyLane VQC (4 qubits),4,88665,0,0.6878062523819959
depression,PennyLane VQC (4 qubits),4,88676,0,0.45440560597564084
depression,PennyLane VQC (4 qubits),4,88684,0,0.32105024269459226
depression,PennyLane VQC (4 qubits),4,88694,0,0.1522408626521492
depression,PennyLane VQC (4 qubits),4,88703,0,0.5855975406066644
depression,PennyLane VQC (4 qubits),4,88709,0,0.5422485444156591
depression,PennyLane VQC (4 qubits),4,88721,0,0.5127766074478697
depression,PennyLane VQC (4 qubits),4,88731,0,0.5910295952627561
depression,PennyLane VQC (4 qubits),4,88742,0,0.1776527991572534
depression,PennyLane VQC (4 qubits),4,88754,0,0.2699306103904273
depression,PennyLane VQC (4 qubits),4,88761,0,0.6556863908365835
depression,PennyLane VQC (4 qubits),4,88772,0,0.2972857287616568
depression,PennyLane VQC (4 qubits),4,88781,0,0.41862929369066626
depression,PennyLane VQC (4 qubits),4,88789,0,0.2980596064274393
depression,PennyLane VQC (4 qubits),4,88797,0,0.35944914446895404
depression,PennyLane VQC (4 qubits),4,88805,0,0.4797727337877703
depression,PennyLane VQC (4 qubits),4,88830,0,0.38696915424089956
depression,PennyLane VQC (4 qubits),4,88834,0,0.536775110301762
depression,PennyLane VQC (4 qubits),4,88843,0,0.679864223363451
depression,PennyLane VQC (4 qubits),4,88855,0,0.5350298613233309
depression,PennyLane VQC (4 qubits),4,88861,0,0.3221193004438725
depression,PennyLane VQC (4 qubits),4,88871,0,0.5029804962492477
depression,PennyLane VQC (4 qubits),4,88878,0,0.24695275673265404
depression,PennyLane VQC (4 qubits),4,88887,1,0.34447797957129556
depression,PennyLane VQC (4 qubits),4,88893,0,0.22890641489091357
depression,PennyLane VQC (4 qubits),4,88897,0,0.5283147915070701
depression,PennyLane VQC (4 qubits),4,88907,0,0.47197163823467264
depression,PennyLane VQC (4 qubits),4,88911,0,0.4316894159070409
depression,PennyLane VQC (4 qubits),4,88920,0,0.3876171821314235
depression,PennyLane VQC (4 qubits),4,88930,0,0.2715166672020407
depression,PennyLane VQC (4 qubits),4,88942,0,0.5292570902511882
depression,PennyLane VQC (4 qubits),4,88951,0,0.4648936866724587
depression,PennyLane VQC (4 qubits),4,88965,0,0.40227086053179073
depression,PennyLane VQC (4 qubits),4,88979,0,0.4900803693949771
depression,PennyLane VQC (4 qubits),4,88991,0,0.2826845654286233
depression,PennyLane VQC (4 qubits),4,89003,0,0.6037264332284337
depression,PennyLane VQC (4 qubits),4,89014,0,0.5878561045849559
depression,PennyLane VQC (4 qubits),4,89025,0,0.5686058797635246
depression,PennyLane VQC (4 qubits),4,89035,0,0.6384441025048662
depression,PennyLane VQC (4 qubits),4,89042,0,0.3164064243264803
depression,PennyLane VQC (4 qubits),4,89054,1,0.5087919575325117
depression,PennyLane VQC (4 qubits),4,89069,0,0.450425271357802
depression,PennyLane VQC (4 qubits),4,89074,0,0.15882630407984188
depression,PennyLane VQC (4 qubits),4,89081,1,0.3924149143108982
depression,PennyLane VQC (4 qubits),4,89090,0,0.4871754493181418
depression,PennyLane VQC (4 qubits),4,89104,0,0.5889013491974866
depression,PennyLane VQC (4 qubits),4,89115,0,0.5695999681160293
depression,PennyLane VQC (4 qubits),4,89123,0,0.21928279844934373
depression,PennyLane VQC (4 qubits),4,89130,0,0.5775310034701473
depression,PennyLane VQC (4 qubits),4,89144,0,0.1656317389837555
depression,PennyLane VQC (4 qubits),4,89146,0,0.47094654393211544
depression,PennyLane VQC (4 qubits),4,89162,0,0.540450218980149
depression,PennyLane VQC (4 qubits),4,89169,0,0.5272223666362669
depression,PennyLane VQC (4 qubits),4,89172,0,0.24168421646648075
depression,PennyLane VQC (4 qubits),4,89178,1,0.12415039389423871
depression,PennyLane VQC (4 qubits),4,89185,0,0.5406575678530414
depression,PennyLane VQC (4 qubits),4,89194,0,0.5364943874902107
depression,PennyLane VQC (4 qubits),4,89211,0,0.4463721862934117
depression,PennyLane VQC (4 qubits),4,89231,0,0.18673295470461326
depression,PennyLane VQC (4 qubits),4,89241,0,0.4597225196772762
depression,PennyLane VQC (4 qubits),4,89253,0,0.6673357292265328
depression,PennyLane VQC (4 qubits),4,89263,0,0.18131368215580868
depression,PennyLane VQC (4 qubits),4,89270,0,0.7143465040054664
depression,PennyLane VQC (4 qubits),4,89280,0,0.5060289131648646
depression,PennyLane VQC (4 qubits),4,89290,0,0.4307709138258793
depression,PennyLane VQC (4 qubits),4,89294,0,0.2913781647564556
depression,PennyLane VQC (4 qubits),4,89308,0,0.4575553395374339
depression,PennyLane VQC (4 qubits),4,89313,0,0.5189181968583222
depression,PennyLane VQC (4 qubits),4,89326,0,0.4792517589973254
depression,PennyLane VQC (4 qubits),4,89335,0,0.3912881639073723
depression,PennyLane VQC (4 qubits),4,89347,0,0.19957187015020417
depression,PennyLane VQC (4 qubits),4,89353,0,0.38420328167254936
depression,PennyLane VQC (4 qubits),4,89362,1,0.4748634972017862
depression,PennyLane VQC (4 qubits),4,89373,0,0.45057106190172125
depression,PennyLane VQC (4 qubits),4,89381,0,0.4215369123572609
depression,PennyLane VQC (4 qubits),4,89391,0,0.586908707703962
depression,PennyLane VQC (4 qubits),4,89403,0,0.525079435674817
depression,PennyLane VQC (4 qubits),4,89413,0,0.45985080420106395
depression,PennyLane VQC (4 qubits),4,89426,0,0.22255178606350973
depression,PennyLane VQC (4 qubits),4,89439,0,0.34466079701722063
depression,PennyLane VQC (4 qubits),4,89445,0,0.24391774352665463
depression,PennyLane VQC (4 qubits),4,89458,0,0.25842163346181735
depression,PennyLane VQC (4 qubits),4,89473,0,0.3013319865593904
depression,PennyLane VQC (4 qubits),4,89482,0,0.19162860906118878
depression,PennyLane VQC (4 qubits),4,89485,0,0.504913204942177
depression,PennyLane VQC (4 qubits),4,89500,0,0.32905677135757805
depression,PennyLane VQC (4 qubits),4,89513,0,0.47950222074490184
depression,PennyLane VQC (4 qubits),4,89525,0,0.39411749356412945
depression,PennyLane VQC (4 qubits),4,89542,0,0.4345032308446676
depression,PennyLane VQC (4 qubits),4,89544,0,0.245745516581316
depression,PennyLane VQC (4 qubits),4,89557,0,0.4734605519595383
depression,PennyLane VQC (4 qubits),4,89566,0,0.27485736565539753
depression,PennyLane VQC (4 qubits),4,89574,0,0.49960718340966664
depression,PennyLane VQC (4 qubits),4,89581,0,0.4443359509575936
depression,PennyLane VQC (4 qubits),4,89585,0,0.43582759409745253
depression,PennyLane VQC (4 qubits),4,89594,1,0.20616623607893053
depression,PennyLane VQC (4 qubits),4,89600,0,0.6583113574675848
depression,PennyLane VQC (4 qubits),4,89608,0,0.4722156334221546
depression,PennyLane VQC (4 qubits),4,89614,0,0.33774270721147076
depression,PennyLane VQC (4 qubits),4,89622,0,0.4832691932213067
depression,PennyLane VQC (4 qubits),4,89629,0,0.45848587166408583
depression,PennyLane VQC (4 qubits),4,89640,0,0.7356171730149609
depression,PennyLane VQC (4 qubits),4,89646,0,0.5012231229678148
depression,PennyLane VQC (4 qubits),4,89651,0,0.15514741809704208
depression,PennyLane VQC (4 qubits),4,89657,0,0.5048714817098081
depression,PennyLane VQC (4 qubits),4,89671,0,0.29682960828502014
depression,PennyLane VQC (4 qubits),4,89679,0,0.2686150907792647
depression,PennyLane VQC (4 qubits),4,89690,0,0.671535067703136
depression,PennyLane VQC (4 qubits),4,89701,0,0.5860447387048833
depression,PennyLane VQC (4 qubits),4,89706,0,0.3739933239483633
depression,PennyLane VQC (4 qubits),4,89713,0,0.21566671711469632
depression,PennyLane VQC (4 qubits),4,89723,0,0.5777237252267834
depression,PennyLane VQC (4 qubits),4,89730,1,0.21379563304358895
depression,PennyLane VQC (4 qubits),4,89737,0,0.3759310576017383
depression,PennyLane VQC (4 qubits),4,89750,0,0.4728614656632928
depression,PennyLane VQC (4 qubits),4,89764,0,0.5045704679885308
depression,PennyLane VQC (4 qubits),4,89768,0,0.37404490255325645
depression,PennyLane VQC (4 qubits),4,89784,0,0.24062286532378202
depression,PennyLane VQC (4 qubits),4,89791,0,0.28876543239102626
depression,PennyLane VQC (4 qubits),4,89797,0,0.31799394349314286
depression,PennyLane VQC (4 qubits),4,89805,0,0.3554324426780904
depression,PennyLane VQC (4 qubits),4,89814,0,0.34949907150639603
depression,PennyLane VQC (4 qubits),4,89816,0,0.631861662272175
depression,PennyLane VQC (4 qubits),4,89825,0,0.2707050607612659
depression,PennyLane VQC (4 qubits),4,89835,0,0.35585495351978447
depression,PennyLane VQC (4 qubits),4,89845,0,0.45291391351363436
depression,PennyLane VQC (4 qubits),4,89851,0,0.588221253367387
depression,PennyLane VQC (4 qubits),4,89862,0,0.451065730964447
depression,PennyLane VQC (4 qubits),4,89886,0,0.49101932788160774
depression,PennyLane VQC (4 qubits),4,89897,0,0.3191422201567924
depression,PennyLane VQC (4 qubits),4,89905,0,0.5402401004348745
depression,PennyLane VQC (4 qubits),4,89919,0,0.4946402561611658
depression,PennyLane VQC (4 qubits),4,89934,0,0.18914594980264016
depression,PennyLane VQC (4 qubits),4,89935,0,0.5360176444984945
depression,PennyLane VQC (4 qubits),4,89955,0,0.19451981727180434
depression,PennyLane VQC (4 qubits),4,89962,0,0.26108666887723797
depression,PennyLane VQC (4 qubits),4,89965,0,0.4872163234770608
depression,PennyLane VQC (4 qubits),4,89978,1,0.4838069328790013
depression,PennyLane VQC (4 qubits),4,89991,0,0.4770729055889714
depression,PennyLane VQC (4 qubits),4,89998,0,0.3827251106037193
depression,PennyLane VQC (4 qubits),4,90007,0,0.4889975685098563
depression,PennyLane VQC (4 qubits),4,90014,0,0.32912548308985795
depression,PennyLane VQC (4 qubits),4,90028,0,0.47139182818197173
depression,PennyLane VQC (4 qubits),4,90035,0,0.19806341613926803
depression,PennyLane VQC (4 qubits),4,90047,0,0.17178625983147439
depression,PennyLane VQC (4 qubits),4,90057,0,0.30959082390210213
depression,PennyLane VQC (4 qubits),4,90062,1,0.446183712227307
depression,PennyLane VQC (4 qubits),4,90069,0,0.44206230850124456
depression,PennyLane VQC (4 qubits),4,90076,0,0.6289708708290765
depression,PennyLane VQC (4 qubits),4,90086,0,0.6791490020839225
depression,PennyLane VQC (4 qubits),4,90093,0,0.19592326662302006
depression,PennyLane VQC (4 qubits),4,90099,0,0.43011920710132867
depression,PennyLane VQC (4 qubits),4,90110,0,0.5878418440541413
depression,PennyLane VQC (4 qubits),4,90119,0,0.5256095445173687
depression,PennyLane VQC (4 qubits),4,90125,0,0.322380329032826
depression,PennyLane VQC (4 qubits),4,90140,0,0.12377085098473495
depression,PennyLane VQC (4 qubits),4,90148,0,0.4196720630569108
depression,PennyLane VQC (4 qubits),4,90156,1,0.5704889704445353
depression,PennyLane VQC (4 qubits),4,90167,0,0.4816483826676444
depression,PennyLane VQC (4 qubits),4,90182,0,0.14925421262568112
depression,PennyLane VQC (4 qubits),4,90189,0,0.3449252992177113
depression,PennyLane VQC (4 qubits),4,90200,0,0.4971219184622174
depression,PennyLane VQC (4 qubits),4,90212,0,0.6676402494053318
depression,PennyLane VQC (4 qubits),4,90225,0,0.3670277302839364
depression,PennyLane VQC (4 qubits),4,90239,0,0.2444699550601755
depression,PennyLane VQC (4 qubits),4,90250,0,0.5447490990299917
depression,PennyLane VQC (4 qubits),4,90260,0,0.46640593057748175
depression,PennyLane VQC (4 qubits),4,90271,0,0.4979363724225549
depression,PennyLane VQC (4 qubits),4,90278,0,0.06836058016232388
depression,PennyLane VQC (4 qubits),4,90292,0,0.28338720585877264
depression,PennyLane VQC (4 qubits),4,90299,0,0.6233405406798184
depression,PennyLane VQC (4 qubits),4,90307,0,0.5003627839783432
depression,PennyLane VQC (4 qubits),4,90320,1,0.33889574143699763
depression,PennyLane VQC (4 qubits),4,90326,0,0.35202242656461785
depression,PennyLane VQC (4 qubits),4,90335,0,0.5931717554693696
depression,PennyLane VQC (4 qubits),4,90344,0,0.5469412653976151
depression,PennyLane VQC (4 qubits),4,90351,0,0.2301542578070801
depression,PennyLane VQC (4 qubits),4,90355,0,0.4835764647345126
depression,PennyLane VQC (4 qubits),4,90363,0,0.4158853466463507
depression,PennyLane VQC (4 qubits),4,90375,0,0.36407282660739415
depression,PennyLane VQC (4 qubits),4,90384,0,0.5416070507738009
depression,PennyLane VQC (4 qubits),4,90397,0,0.3467451239473297
depression,PennyLane VQC (4 qubits),4,90410,0,0.5775664994029956
depression,PennyLane VQC (4 qubits),4,90421,0,0.22456385362677123
depression,PennyLane VQC (4 qubits),4,90436,0,0.27213494241190805
depression,PennyLane VQC (4 qubits),4,90447,1,0.45145538897682436
depression,PennyLane VQC (4 qubits),4,90458,0,0.231310050213009
depression,PennyLane VQC (4 qubits),4,90466,0,0.6813177282230117
depression,PennyLane VQC (4 qubits),4,90480,1,0.5124041497379378
depression,PennyLane VQC (4 qubits),4,90484,0,0.7327067282136275
depression,PennyLane VQC (4 qubits),4,90497,0,0.22496458148928827
depression,PennyLane VQC (4 qubits),4,90504,0,0.21640148935450793
depression,PennyLane VQC (4 qubits),4,90517,0,0.39421496851595467
depression,PennyLane VQC (4 qubits),4,90523,0,0.335482185393319
depression,PennyLane VQC (4 qubits),4,90531,0,0.16241843042533521
depression,PennyLane VQC (4 qubits),4,90539,0,0.23691426187922254
depression,PennyLane VQC (4 qubits),4,90547,0,0.7302887641186662
depression,PennyLane VQC (4 qubits),4,90560,0,0.28257253997909426
depression,PennyLane VQC (4 qubits),4,90573,0,0.44758485941350457
depression,PennyLane VQC (4 qubits),4,90582,0,0.7194075102111672
depression,PennyLane VQC (4 qubits),4,90590,0,0.6347912109273355
depression,PennyLane VQC (4 qubits),4,90598,0,0.49240070839669847
depression,PennyLane VQC (4 qubits),4,90609,0,0.4942827945639998
depression,PennyLane VQC (4 qubits),4,90617,0,0.3434168615185218
depression,PennyLane VQC (4 qubits),4,90627,0,0.47951565856944867
depression,PennyLane VQC (4 qubits),4,90635,0,0.5030259806522221
depression,PennyLane VQC (4 qubits),4,90645,0,0.4578029798692097
depression,PennyLane VQC (4 qubits),4,90652,0,0.5017132135060717
depression,PennyLane VQC (4 qubits),4,90658,0,0.5061577032765011
depression,PennyLane VQC (4 qubits),4,90665,0,0.43054321649732286
depression,PennyLane VQC (4 qubits),4,90669,0,0.4326656257877409
depression,PennyLane VQC (4 qubits),4,90674,0,0.539626843146415
depression,PennyLane VQC (4 qubits),4,90683,0,0.16666508476049174
depression,PennyLane VQC (4 qubits),4,90691,0,0.5493384739001312
depression,PennyLane VQC (4 qubits),4,90701,0,0.6073066500756066
depression,PennyLane VQC (4 qubits),4,90713,0,0.3684137036225106
depression,PennyLane VQC (4 qubits),4,90721,0,0.5374597853599288
depression,PennyLane VQC (4 qubits),4,90739,0,0.6341952678225921
depression,PennyLane VQC (4 qubits),4,90747,0,0.3250418269478971
depression,PennyLane VQC (4 qubits),4,90764,0,0.6268501158783835
depression,PennyLane VQC (4 qubits),4,90775,0,0.5195327028331278
depression,PennyLane VQC (4 qubits),4,90794,0,0.42014776669443343
depression,PennyLane VQC (4 qubits),4,90795,0,0.434941786614395
depression,PennyLane VQC (4 qubits),4,90805,0,0.4722462285684077
depression,PennyLane VQC (4 qubits),4,90814,0,0.3191422201567924
depression,PennyLane VQC (4 qubits),4,90831,0,0.39399524475367975
depression,PennyLane VQC (4 qubits),4,90843,0,0.5013374884290192
depression,PennyLane VQC (4 qubits),4,90849,0,0.3081753397667545
depression,PennyLane VQC (4 qubits),4,90859,1,0.437602667672352
depression,PennyLane VQC (4 qubits),4,90872,0,0.6091158287778632
depression,PennyLane VQC (4 qubits),4,90883,0,0.3055932336943254
depression,PennyLane VQC (4 qubits),4,90890,1,0.5057557220192267
depression,PennyLane VQC (4 qubits),4,90896,0,0.37697985008516655
depression,PennyLane VQC (4 qubits),4,90906,0,0.2710337577835822
depression,PennyLane VQC (4 qubits),4,90914,0,0.17583372061599573
depression,PennyLane VQC (4 qubits),4,90923,0,0.45117734694930367
depression,PennyLane VQC (4 qubits),4,90929,0,0.45508138249856
depression,PennyLane VQC (4 qubits),4,90937,0,0.2763737927001658
depression,PennyLane VQC (4 qubits),4,90944,0,0.4915251474093777
depression,PennyLane VQC (4 qubits),4,90958,0,0.4452351652117339
depression,PennyLane VQC (4 qubits),4,90967,0,0.52802550491239
depression,PennyLane VQC (4 qubits),4,90975,0,0.24051675339879297
depression,PennyLane VQC (4 qubits),4,90986,0,0.4455171435870306
depression,PennyLane VQC (4 qubits),4,90989,0,0.2543489964804583
depression,PennyLane VQC (4 qubits),4,90994,0,0.2008112879845812
depression,PennyLane VQC (4 qubits),4,91013,0,0.545784659060504
depression,PennyLane VQC (4 qubits),4,91025,0,0.342362123610021
depression,PennyLane VQC (4 qubits),4,91037,0,0.31984119017569523
depression,PennyLane VQC (4 qubits),4,91043,1,0.5879362986581562
depression,PennyLane VQC (4 qubits),4,91052,0,0.5358347997721294
depression,PennyLane VQC (4 qubits),4,91064,0,0.3317151150190292
depression,PennyLane VQC (4 qubits),4,91076,0,0.5154131631684701
depression,PennyLane VQC (4 qubits),4,91084,0,0.5786090224927267
depression,PennyLane VQC (4 qubits),4,91098,0,0.5513692076662031
depression,PennyLane VQC (4 qubits),4,91109,1,0.4438573952626983
depression,PennyLane VQC (4 qubits),4,91110,0,0.5822234736412066
depression,PennyLane VQC (4 qubits),4,91130,0,0.5022843890799413
depression,PennyLane VQC (4 qubits),4,91140,0,0.23900874925801352
depression,PennyLane VQC (4 qubits),4,91153,0,0.5740667074796736
depression,PennyLane VQC (4 qubits),4,91162,0,0.4512776403363692
depression,PennyLane VQC (4 qubits),4,91171,0,0.5029822241799642
depression,PennyLane VQC (4 qubits),4,91180,0,0.24881390759249455
depression,PennyLane VQC (4 qubits),4,91192,0,0.26831357977923864
depression,PennyLane VQC (4 qubits),4,91206,0,0.4891843031008489
depression,PennyLane VQC (4 qubits),4,91216,0,0.5067991426970868
depression,PennyLane VQC (4 qubits),4,91226,0,0.6619765466511567
depression,PennyLane VQC (4 qubits),4,91242,0,0.38043590874415073
depression,PennyLane VQC (4 qubits),4,91252,0,0.5004298642546002
depression,PennyLane VQC (4 qubits),4,91264,0,0.35938736572217134
depression,PennyLane VQC (4 qubits),4,91274,0,0.21883927477659154
depression,PennyLane VQC (4 qubits),4,91284,0,0.47197601289196084
depression,PennyLane VQC (4 qubits),4,91291,0,0.3301813759904385
depression,PennyLane VQC (4 qubits),4,91299,0,0.5603824028968136
depression,PennyLane VQC (4 qubits),4,91309,0,0.5765003759156528
depression,PennyLane VQC (4 qubits),4,91321,0,0.6130835003995614
depression,PennyLane VQC (4 qubits),4,91326,0,0.732051028318382
depression,PennyLane VQC (4 qubits),4,91341,0,0.4235186152414384
depression,PennyLane VQC (4 qubits),4,91350,0,0.38898594104088224
depression,PennyLane VQC (4 qubits),4,91356,0,0.48888617010599267
depression,PennyLane VQC (4 qubits),4,91363,0,0.4843536694647067
depression,PennyLane VQC (4 qubits),4,91368,0,0.44249165435272453
depression,PennyLane VQC (4 qubits),4,91385,0,0.5222725630878233
depression,PennyLane VQC (4 qubits),4,91396,0,0.5373621536404508
depression,PennyLane VQC (4 qubits),4,91404,0,0.38211554075432336
depression,PennyLane VQC (4 qubits),4,91416,1,0.5496035175187947
depression,PennyLane VQC (4 qubits),4,91425,0,0.6391611812483663
depression,PennyLane VQC (4 qubits),4,91436,0,0.5198273079217033
depression,PennyLane VQC (4 qubits),4,91443,0,0.5556377642036152
depression,PennyLane VQC (4 qubits),4,91451,0,0.28026999981073847
depression,PennyLane VQC (4 qubits),4,91468,0,0.6013343137630607
depression,PennyLane VQC (4 qubits),4,91477,0,0.30807671881920035
depression,PennyLane VQC (4 qubits),4,91484,0,0.5460426466835396
depression,PennyLane VQC (4 qubits),4,91491,0,0.5715550207915014
depression,PennyLane VQC (4 qubits),4,91503,0,0.2632535845501116
depression,PennyLane VQC (4 qubits),4,91513,0,0.5028558847518053
depression,PennyLane VQC (4 qubits),4,91515,0,0.4707265764843922
depression,PennyLane VQC (4 qubits),4,91530,0,0.4060021211166561
depression,PennyLane VQC (4 qubits),4,91537,0,0.449046210814651
depression,PennyLane VQC (4 qubits),4,91551,0,0.34083731551351115
depression,PennyLane VQC (4 qubits),4,91558,0,0.1910921435110522
depression,PennyLane VQC (4 qubits),4,91573,0,0.23899101187447253
depression,PennyLane VQC (4 qubits),4,91585,1,0.5912004545743965
depression,PennyLane VQC (4 qubits),4,91597,0,0.5636061038250455
depression,PennyLane VQC (4 qubits),4,91606,0,0.7137262320477081
depression,PennyLane VQC (4 qubits),4,91617,0,0.23253353604043053
depression,PennyLane VQC (4 qubits),4,91624,0,0.7109493915884767
depression,PennyLane VQC (4 qubits),4,91627,0,0.5419833092089741
depression,PennyLane VQC (4 qubits),4,91634,0,0.20463301804240164
depression,PennyLane VQC (4 qubits),4,91643,0,0.47947466187863585
depression,PennyLane VQC (4 qubits),4,91663,1,0.7074502245269774
depression,PennyLane VQC (4 qubits),4,91671,0,0.592970516228345
depression,PennyLane VQC (4 qubits),4,91675,0,0.5141263042226205
depression,PennyLane VQC (4 qubits),4,91692,0,0.5081259011402175
depression,PennyLane VQC (4 qubits),4,91704,0,0.46340799976094527
depression,PennyLane VQC (4 qubits),4,91713,0,0.17678308384554997
depression,PennyLane VQC (4 qubits),4,91722,0,0.22618643615355327
depression,PennyLane VQC (4 qubits),4,91729,0,0.5038647045755003
depression,PennyLane VQC (4 qubits),4,91734,0,0.45697049885461
depression,PennyLane VQC (4 qubits),4,91743,0,0.6593015306783792
depression,PennyLane VQC (4 qubits),4,91753,0,0.5624615782050608
depression,PennyLane VQC (4 qubits),4,91755,0,0.294110293555951
depression,PennyLane VQC (4 qubits),4,91769,1,0.2238551103968971
depression,PennyLane VQC (4 qubits),4,91783,0,0.338831276957157
depression,PennyLane VQC (4 qubits),4,91791,0,0.4648936866724587
depression,PennyLane VQC (4 qubits),4,91801,0,0.5960023137032957
depression,PennyLane VQC (4 qubits),4,91808,0,0.21615697361894648
depression,PennyLane VQC (4 qubits),4,91815,0,0.4338037919283734
depression,PennyLane VQC (4 qubits),4,91821,0,0.7187521995138804
depression,PennyLane VQC (4 qubits),4,91833,0,0.4897038324510019
depression,PennyLane VQC (4 qubits),4,91839,0,0.3640120065538166
depression,PennyLane VQC (4 qubits),4,91849,0,0.5150164545317073
depression,PennyLane VQC (4 qubits),4,91858,0,0.8522379762561099
depression,PennyLane VQC (4 qubits),4,91867,0,0.265230842747571
depression,PennyLane VQC (4 qubits),4,91880,0,0.5476670723889302
depression,PennyLane VQC (4 qubits),4,91889,0,0.5088700670518931
depression,PennyLane VQC (4 qubits),4,91898,0,0.48162693264718826
depression,PennyLane VQC (4 qubits),4,91907,0,0.4980888992183896
depression,PennyLane VQC (4 qubits),4,91919,0,0.6491740507914614
depression,PennyLane VQC (4 qubits),4,91928,0,0.4169927434502153
depression,PennyLane VQC (4 qubits),4,91938,0,0.6454842409402906
depression,PennyLane VQC (4 qubits),4,91952,0,0.46632261124006213
depression,PennyLane VQC (4 qubits),4,91965,0,0.35988959233235973
depression,PennyLane VQC (4 qubits),4,91974,0,0.46514689636424394
depression,PennyLane VQC (4 qubits),4,91979,0,0.17524683119152412
depression,PennyLane VQC (4 qubits),4,91991,0,0.2236591355146107
depression,PennyLane VQC (4 qubits),4,91999,0,0.5133234609780263
depression,PennyLane VQC (4 qubits),4,92007,0,0.5535986576140057
depression,PennyLane VQC (4 qubits),4,92024,0,0.6055508282681112
depression,PennyLane VQC (4 qubits),4,92037,0,0.5370592113071505
depression,PennyLane VQC (4 qubits),4,92045,0,0.6004770098435201
depression,PennyLane VQC (4 qubits),4,92052,0,0.6106591294993453
depression,PennyLane VQC (4 qubits),4,92066,0,0.8182838767682872
depression,PennyLane VQC (4 qubits),4,92076,0,0.49750284680132817
depression,PennyLane VQC (4 qubits),4,92088,0,0.5037047042836152
depression,PennyLane VQC (4 qubits),4,92098,0,0.5004686845553558
depression,PennyLane VQC (4 qubits),4,92099,0,0.37259320276515884
depression,PennyLane VQC (4 qubits),4,92112,0,0.5592686091981588
depression,PennyLane VQC (4 qubits),4,92122,0,0.17943477081125653
depression,PennyLane VQC (4 qubits),4,92129,0,0.33767830012756234
depression,PennyLane VQC (4 qubits),4,92135,0,0.5363315703612037
depression,PennyLane VQC (4 qubits),4,92146,0,0.43655486770657403
depression,PennyLane VQC (4 qubits),4,92151,1,0.477767468851182
depression,PennyLane VQC (4 qubits),4,92166,0,0.4143510346087169
depression,PennyLane VQC (4 qubits),4,92184,0,0.4550597717573316
depression,PennyLane VQC (4 qubits),4,92194,0,0.6441621863996563
depression,PennyLane VQC (4 qubits),4,92203,0,0.5880360483440829
depression,PennyLane VQC (4 qubits),4,92216,0,0.4304046588625775
depression,PennyLane VQC (4 qubits),4,92225,0,0.4340103979335412
depression,PennyLane VQC (4 qubits),4,92238,0,0.48991598739382186
depression,PennyLane VQC (4 qubits),4,92245,0,0.39078184789371384
depression,PennyLane VQC (4 qubits),4,92251,0,0.5449267763603788
depression,PennyLane VQC (4 qubits),4,92258,0,0.16069587562935228
depression,PennyLane VQC (4 qubits),4,92274,0,0.5305171182162953
depression,PennyLane VQC (4 qubits),4,92286,0,0.551733145337125
depression,PennyLane VQC (4 qubits),4,92297,0,0.49386154052947107
depression,PennyLane VQC (4 qubits),4,92309,0,0.4263498232338788
depression,PennyLane VQC (4 qubits),4,92325,0,0.5038647045755003
depression,PennyLane VQC (4 qubits),4,92338,1,0.400693976998702
depression,PennyLane VQC (4 qubits),4,92351,0,0.1834505390430382
depression,PennyLane VQC (4 qubits),4,92361,0,0.5001157754666377
depression,PennyLane VQC (4 qubits),4,92368,0,0.5841403947885284
depression,PennyLane VQC (4 qubits),4,92376,0,0.5047434741426401
depression,PennyLane VQC (4 qubits),4,92390,0,0.5145051710003818
depression,PennyLane VQC (4 qubits),4,92400,0,0.25324288282627727
depression,PennyLane VQC (4 qubits),4,92408,0,0.2384306525654804
depression,PennyLane VQC (4 qubits),4,92416,0,0.49708166784621743
depression,PennyLane VQC (4 qubits),4,92423,1,0.38201561288494945
depression,PennyLane VQC (4 qubits),4,92433,0,0.22630580810618733
depression,PennyLane VQC (4 qubits),4,92440,0,0.4862255804283889
depression,PennyLane VQC (4 qubits),4,92454,0,0.3697496010034756
depression,PennyLane VQC (4 qubits),4,92465,0,0.3537530345882864
depression,PennyLane VQC (4 qubits),4,92473,0,0.4726381808191622
depression,PennyLane VQC (4 qubits),4,92494,0,0.5213913458124719
depression,PennyLane VQC (4 qubits),4,92499,0,0.3005646897505453
depression,PennyLane VQC (4 qubits),4,92508,0,0.5059976181159063
depression,PennyLane VQC (4 qubits),4,92521,0,0.19798157611078793
depression,PennyLane VQC (4 qubits),4,92529,0,0.62237222898194
depression,PennyLane VQC (4 qubits),4,92536,0,0.14101153366865693
depression,PennyLane VQC (4 qubits),4,92544,0,0.5251792974081115
depression,PennyLane VQC (4 qubits),4,92554,0,0.5544955301820413
depression,PennyLane VQC (4 qubits),4,92561,0,0.637653146535825
depression,PennyLane VQC (4 qubits),4,92568,0,0.5089831594869161
depression,PennyLane VQC (4 qubits),4,92584,0,0.5785207669069916
depression,PennyLane VQC (4 qubits),4,92593,0,0.47363931767883993
depression,PennyLane VQC (4 qubits),4,92603,0,0.40197330175488627
depression,PennyLane VQC (4 qubits),4,92610,0,0.49218552963292167
depression,PennyLane VQC (4 qubits),4,92620,0,0.29000458564661624
depression,PennyLane VQC (4 qubits),4,92624,0,0.4822418932693726
depression,PennyLane VQC (4 qubits),4,92636,0,0.4060425470226943
depression,PennyLane VQC (4 qubits),4,92648,0,0.6470711127172737
depression,PennyLane VQC (4 qubits),4,92659,0,0.4201546648780658
depression,PennyLane VQC (4 qubits),4,92668,0,0.5377616023759124
depression,PennyLane VQC (4 qubits),4,92677,0,0.3031725016514599
depression,PennyLane VQC (4 qubits),4,92689,0,0.6399322893957455
depression,PennyLane VQC (4 qubits),4,92699,1,0.5150775520208202
depression,PennyLane VQC (4 qubits),4,92706,0,0.2536527722289316
depression,PennyLane VQC (4 qubits),4,92720,0,0.7517514925873277
depression,PennyLane VQC (4 qubits),4,92726,0,0.29805193641523464
depression,PennyLane VQC (4 qubits),4,92742,0,0.294819600561981
depression,PennyLane VQC (4 qubits),4,92750,0,0.5514966983929455
depression,PennyLane VQC (4 qubits),4,92761,0,0.479618566164124
depression,PennyLane VQC (4 qubits),4,92773,0,0.2940875591094132
depression,PennyLane VQC (4 qubits),4,92779,0,0.40580646987337426
depression,PennyLane VQC (4 qubits),4,92789,1,0.5196423083725128
depression,PennyLane VQC (4 qubits),4,92802,0,0.5315922445789478
depression,PennyLane VQC (4 qubits),4,92817,0,0.4791244039968022
depression,PennyLane VQC (4 qubits),4,92824,0,0.6674901234591999
depression,PennyLane VQC (4 qubits),4,92831,0,0.46936370808166944
depression,PennyLane VQC (4 qubits),4,92841,0,0.49215083899755935
depression,PennyLane VQC (4 qubits),4,92851,0,0.6278468407085149
depression,PennyLane VQC (4 qubits),4,92861,0,0.34995766312668397
depression,PennyLane VQC (4 qubits),4,92872,0,0.5318846854646193
depression,PennyLane VQC (4 qubits),4,92882,0,0.20073292893530764
depression,PennyLane VQC (4 qubits),4,92890,0,0.44237088644653794
depression,PennyLane VQC (4 qubits),4,92898,0,0.5630726128968845
depression,PennyLane VQC (4 qubits),4,92904,0,0.44332817553200743
depression,PennyLane VQC (4 qubits),4,92911,0,0.48857796049200863
depression,PennyLane VQC (4 qubits),4,92921,0,0.6654359119942325
depression,PennyLane VQC (4 qubits),4,92929,0,0.5070443443725269
depression,PennyLane VQC (4 qubits),4,92939,0,0.3339332743063833
depression,PennyLane VQC (4 qubits),4,92951,0,0.5633834022511273
depression,PennyLane VQC (4 qubits),4,92959,0,0.575060025710175
depression,PennyLane VQC (4 qubits),4,92969,0,0.5900138357566884
depression,PennyLane VQC (4 qubits),4,92978,0,0.4981383247552574
depression,PennyLane VQC (4 qubits),4,92987,0,0.6340935078437195
depression,PennyLane VQC (4 qubits),4,92993,0,0.34830059952578984
depression,PennyLane VQC (4 qubits),4,93001,0,0.24969321398474198
depression,PennyLane VQC (4 qubits),4,93007,0,0.2603478259765277
depression,PennyLane VQC (4 qubits),4,93015,0,0.44956279061245885
depression,PennyLane VQC (4 qubits),4,93017,0,0.7495044600391688
depression,PennyLane VQC (4 qubits),4,93030,0,0.5260010873665087
depression,PennyLane VQC (4 qubits),4,93044,0,0.5691210099645454
depression,PennyLane VQC (4 qubits),4,93051,0,0.35745662066071804
depression,PennyLane VQC (4 qubits),4,93063,0,0.5346251533274555
depression,PennyLane VQC (4 qubits),4,93073,0,0.20604833101512937
depression,PennyLane VQC (4 qubits),4,93081,0,0.5772221602222789
depression,PennyLane VQC (4 qubits),4,93088,0,0.4180424348391054
depression,PennyLane VQC (4 qubits),4,93098,1,0.3793502163834095
depression,PennyLane VQC (4 qubits),4,93107,0,0.6872493212048385
depression,PennyLane VQC (4 qubits),4,93116,0,0.641578900793152
depression,PennyLane VQC (4 qubits),4,93130,0,0.38216414749178085
depression,PennyLane VQC (4 qubits),4,93143,0,0.23134706572751268
depression,PennyLane VQC (4 qubits),4,93154,0,0.39941957035025377
depression,PennyLane VQC (4 qubits),4,93171,0,0.5181660113012386
depression,PennyLane VQC (4 qubits),4,93178,0,0.23686332389402576
depression,PennyLane VQC (4 qubits),4,93189,0,0.45483367281660586
depression,PennyLane VQC (4 qubits),4,93201,0,0.28865860257104986
depression,PennyLane VQC (4 qubits),4,93208,0,0.5881400871292995
depression,PennyLane VQC (4 qubits),4,93217,0,0.30014130553471496
depression,PennyLane VQC (4 qubits),4,93223,0,0.29151438976967037
depression,PennyLane VQC (4 qubits),4,93241,1,0.49457372324990645
depression,PennyLane VQC (4 qubits),4,93256,0,0.3652514381402545
depression,PennyLane VQC (4 qubits),4,93260,0,0.6102240625692961
depression,PennyLane VQC (4 qubits),4,93270,0,0.37643958337930217
depression,PennyLane VQC (4 qubits),4,93275,0,0.5123501064632737
depression,PennyLane VQC (4 qubits),4,93284,0,0.45047630955605045
depression,PennyLane VQC (4 qubits),4,93294,0,0.39370072130577444
depression,PennyLane VQC (4 qubits),4,93306,0,0.5022040297295136
depression,PennyLane VQC (4 qubits),4,93312,0,0.19573212094443088
depression,PennyLane VQC (4 qubits),4,93326,0,0.39923490484797486
depression,PennyLane VQC (4 qubits),4,93333,0,0.6137852704253729
depression,PennyLane VQC (4 qubits),4,93342,0,0.10915033502893928
depression,PennyLane VQC (4 qubits),4,93351,0,0.36870785991030997
depression,PennyLane VQC (4 qubits),4,93363,0,0.5124033679493593
depression,PennyLane VQC (4 qubits),4,93368,0,0.3232741592783437
depression,PennyLane VQC (4 qubits),4,93375,1,0.47909536334252095
depression,PennyLane VQC (4 qubits),4,93392,0,0.16655841462362242
depression,PennyLane VQC (4 qubits),4,93413,0,0.49072066386723334
depression,PennyLane VQC (4 qubits),4,93421,0,0.6846031112258452
depression,PennyLane VQC (4 qubits),4,93435,0,0.4750502479598849
depression,PennyLane VQC (4 qubits),4,93438,0,0.3173642194390625
depression,PennyLane VQC (4 qubits),4,93451,0,0.5012678542064543
depression,PennyLane VQC (4 qubits),4,93457,0,0.1649769865601699
depression,PennyLane VQC (4 qubits),4,93469,0,0.5160478660572764
depression,PennyLane VQC (4 qubits),4,93485,0,0.5747138464438332
depression,PennyLane VQC (4 qubits),4,93490,0,0.6240725928156406
depression,PennyLane VQC (4 qubits),4,93499,0,0.4720431639250533
depression,PennyLane VQC (4 qubits),4,93508,0,0.4903703427334257
depression,PennyLane VQC (4 qubits),4,93524,0,0.17132537371642031
depression,PennyLane VQC (4 qubits),4,93533,0,0.5762590597722042
depression,PennyLane VQC (4 qubits),4,93547,0,0.6199745424250909
depression,PennyLane VQC (4 qubits),4,93556,0,0.24184046094570488
depression,PennyLane VQC (4 qubits),4,93564,0,0.2894706520139121
depression,PennyLane VQC (4 qubits),4,93572,0,0.19395576665535424
depression,PennyLane VQC (4 qubits),4,93582,0,0.2482697676198004
depression,PennyLane VQC (4 qubits),4,93593,0,0.2866969600174626
depression,PennyLane VQC (4 qubits),4,93607,0,0.5775310034701473
depression,PennyLane VQC (4 qubits),4,93612,0,0.43765405593975204
depression,PennyLane VQC (4 qubits),4,93618,0,0.24900386634564975
depression,PennyLane VQC (4 qubits),4,93625,0,0.22591289789992836
depression,PennyLane VQC (4 qubits),4,93638,0,0.3493611149101407
depression,PennyLane VQC (4 qubits),4,93645,0,0.24413014206808786
depression,PennyLane VQC (4 qubits),4,93656,0,0.29132649531056454
depression,PennyLane VQC (4 qubits),4,93668,1,0.5185454065895408
depression,PennyLane VQC (4 qubits),4,93676,0,0.47906039170634673
depression,PennyLane VQC (4 qubits),4,93689,0,0.4773935089911612
depression,PennyLane VQC (4 qubits),4,93702,0,0.4342782197028857
depression,PennyLane VQC (4 qubits),5,83736,0,0.5808868306605077
depression,PennyLane VQC (4 qubits),5,83747,0,0.4732402254220224
depression,PennyLane VQC (4 qubits),5,83757,0,0.33756265728935675
depression,PennyLane VQC (4 qubits),5,83773,0,0.3782493514953347
depression,PennyLane VQC (4 qubits),5,83785,0,0.4111878563633796
depression,PennyLane VQC (4 qubits),5,83791,0,0.469119038461134
depression,PennyLane VQC (4 qubits),5,83816,0,0.2749866504441467
depression,PennyLane VQC (4 qubits),5,83822,0,0.18154960235609052
depression,PennyLane VQC (4 qubits),5,83834,0,0.4866298134067922
depression,PennyLane VQC (4 qubits),5,83845,0,0.5169515389050591
depression,PennyLane VQC (4 qubits),5,83856,0,0.21585367104568448
depression,PennyLane VQC (4 qubits),5,83863,0,0.37306804138655103
depression,PennyLane VQC (4 qubits),5,83871,0,0.6488330802869786
depression,PennyLane VQC (4 qubits),5,83883,0,0.7318824669503254
depression,PennyLane VQC (4 qubits),5,83889,1,0.48488094134463633
depression,PennyLane VQC (4 qubits),5,83897,0,0.3050240876385564
depression,PennyLane VQC (4 qubits),5,83903,0,0.6462304527097463
depression,PennyLane VQC (4 qubits),5,83914,0,0.20195939985628975
depression,PennyLane VQC (4 qubits),5,83925,0,0.30548229423422557
depression,PennyLane VQC (4 qubits),5,83934,0,0.26864507730527276
depression,PennyLane VQC (4 qubits),5,83947,0,0.5236368336511398
depression,PennyLane VQC (4 qubits),5,83954,0,0.43572347475549184
depression,PennyLane VQC (4 qubits),5,83962,0,0.35349772507121013
depression,PennyLane VQC (4 qubits),5,83967,0,0.437571591700727
depression,PennyLane VQC (4 qubits),5,83971,0,0.30365232436623635
depression,PennyLane VQC (4 qubits),5,83986,0,0.34507849027486304
depression,PennyLane VQC (4 qubits),5,83993,0,0.6668748039341098
depression,PennyLane VQC (4 qubits),5,84001,0,0.4046340073054442
depression,PennyLane VQC (4 qubits),5,84010,0,0.28779593451604735
depression,PennyLane VQC (4 qubits),5,84018,0,0.49545653550254887
depression,PennyLane VQC (4 qubits),5,84025,0,0.09314874669067402
depression,PennyLane VQC (4 qubits),5,84032,0,0.5837811606911104
depression,PennyLane VQC (4 qubits),5,84039,0,0.3839092768036654
depression,PennyLane VQC (4 qubits),5,84050,0,0.18244879410656006
depression,PennyLane VQC (4 qubits),5,84062,0,0.5179889364487685
depression,PennyLane VQC (4 qubits),5,84073,0,0.5328532615814123
depression,PennyLane VQC (4 qubits),5,84087,0,0.43275494245455814
depression,PennyLane VQC (4 qubits),5,84098,0,0.17728120002074704
depression,PennyLane VQC (4 qubits),5,84108,0,0.6497403578211501
depression,PennyLane VQC (4 qubits),5,84115,0,0.07445160257840794
depression,PennyLane VQC (4 qubits),5,84122,0,0.4933455963585677
depression,PennyLane VQC (4 qubits),5,84137,0,0.5214914839232869
depression,PennyLane VQC (4 qubits),5,84151,0,0.5358964113240808
depression,PennyLane VQC (4 qubits),5,84168,0,0.5133970973866802
depression,PennyLane VQC (4 qubits),5,84173,0,0.5612897749252198
depression,PennyLane VQC (4 qubits),5,84185,0,0.3013490259301985
depression,PennyLane VQC (4 qubits),5,84194,0,0.3532818026436768
depression,PennyLane VQC (4 qubits),5,84202,0,0.5444948492855203
depression,PennyLane VQC (4 qubits),5,84212,0,0.4822359855685624
depression,PennyLane VQC (4 qubits),5,84220,0,0.4691375880324047
depression,PennyLane VQC (4 qubits),5,84225,0,0.6226416473000063
depression,PennyLane VQC (4 qubits),5,84236,0,0.45843655855672066
depression,PennyLane VQC (4 qubits),5,84248,0,0.19827989881041191
depression,PennyLane VQC (4 qubits),5,84265,0,0.6546802532346154
depression,PennyLane VQC (4 qubits),5,84280,0,0.19670589087885915
depression,PennyLane VQC (4 qubits),5,84291,0,0.4801252388166101
depression,PennyLane VQC (4 qubits),5,84299,0,0.5058606055141875
depression,PennyLane VQC (4 qubits),5,84308,0,0.5173622217836161
depression,PennyLane VQC (4 qubits),5,84319,0,0.5247734664977374
depression,PennyLane VQC (4 qubits),5,84332,0,0.4848023377059636
depression,PennyLane VQC (4 qubits),5,84353,0,0.5945262901613005
depression,PennyLane VQC (4 qubits),5,84363,0,0.45974180490051875
depression,PennyLane VQC (4 qubits),5,84375,1,0.40403470683337656
depression,PennyLane VQC (4 qubits),5,84380,1,0.24656315982384946
depression,PennyLane VQC (4 qubits),5,84389,0,0.3568077006930927
depression,PennyLane VQC (4 qubits),5,84394,0,0.4876562756840357
depression,PennyLane VQC (4 qubits),5,84401,0,0.21380295818312073
depression,PennyLane VQC (4 qubits),5,84409,1,0.5959858409340129
depression,PennyLane VQC (4 qubits),5,84419,0,0.4254076703263401
depression,PennyLane VQC (4 qubits),5,84426,0,0.46946018220632457
depression,PennyLane VQC (4 qubits),5,84435,0,0.24940517839149878
depression,PennyLane VQC (4 qubits),5,84450,0,0.17824673994603213
depression,PennyLane VQC (4 qubits),5,84455,0,0.493939409401982
depression,PennyLane VQC (4 qubits),5,84466,0,0.30601470744390413
depression,PennyLane VQC (4 qubits),5,84475,0,0.18814375037120062
depression,PennyLane VQC (4 qubits),5,84485,1,0.22042770091485386
depression,PennyLane VQC (4 qubits),5,84493,0,0.5832672737746101
depression,PennyLane VQC (4 qubits),5,84495,0,0.6121583976825478
depression,PennyLane VQC (4 qubits),5,84514,0,0.6932197867893515
depression,PennyLane VQC (4 qubits),5,84536,0,0.4175195128978019
depression,PennyLane VQC (4 qubits),5,84542,1,0.3355082894218959
depression,PennyLane VQC (4 qubits),5,84551,0,0.6385761944928698
depression,PennyLane VQC (4 qubits),5,84561,0,0.5320109538634334
depression,PennyLane VQC (4 qubits),5,84569,0,0.3690318681031194
depression,PennyLane VQC (4 qubits),5,84581,1,0.3745604105878605
depression,PennyLane VQC (4 qubits),5,84587,0,0.22377107515318945
depression,PennyLane VQC (4 qubits),5,84595,0,0.45313568704758733
depression,PennyLane VQC (4 qubits),5,84606,0,0.5467089232916587
depression,PennyLane VQC (4 qubits),5,84614,0,0.19620313875053086
depression,PennyLane VQC (4 qubits),5,84620,0,0.36871887950936094
depression,PennyLane VQC (4 qubits),5,84628,0,0.3767080236040119
depression,PennyLane VQC (4 qubits),5,84641,0,0.42999855323118663
depression,PennyLane VQC (4 qubits),5,84652,0,0.5493517393200851
depression,PennyLane VQC (4 qubits),5,84661,0,0.40867619650819637
depression,PennyLane VQC (4 qubits),5,84671,0,0.4014973257734125
depression,PennyLane VQC (4 qubits),5,84677,0,0.5512517598026249
depression,PennyLane VQC (4 qubits),5,84686,1,0.2958843643320507
depression,PennyLane VQC (4 qubits),5,84696,0,0.4641339156447452
depression,PennyLane VQC (4 qubits),5,84706,0,0.5083999171573632
depression,PennyLane VQC (4 qubits),5,84715,0,0.5617929178535339
depression,PennyLane VQC (4 qubits),5,84723,0,0.448556427214736
depression,PennyLane VQC (4 qubits),5,84734,1,0.4399654063318432
depression,PennyLane VQC (4 qubits),5,84747,1,0.3987826484143716
depression,PennyLane VQC (4 qubits),5,84753,0,0.47892745184753893
depression,PennyLane VQC (4 qubits),5,84755,1,0.6942449845595995
depression,PennyLane VQC (4 qubits),5,84763,0,0.4227291496098001
depression,PennyLane VQC (4 qubits),5,84770,0,0.5804078489457849
depression,PennyLane VQC (4 qubits),5,84778,0,0.21094462133480218
depression,PennyLane VQC (4 qubits),5,84788,0,0.5073687843056319
depression,PennyLane VQC (4 qubits),5,84796,0,0.5376039037905198
depression,PennyLane VQC (4 qubits),5,84804,0,0.1280919464374396
depression,PennyLane VQC (4 qubits),5,84816,0,0.4990989962798429
depression,PennyLane VQC (4 qubits),5,84826,0,0.6914704753416536
depression,PennyLane VQC (4 qubits),5,84832,0,0.5537427818933757
depression,PennyLane VQC (4 qubits),5,84842,0,0.46932126988816114
depression,PennyLane VQC (4 qubits),5,84850,0,0.35716129204430547
depression,PennyLane VQC (4 qubits),5,84865,0,0.18893459332834828
depression,PennyLane VQC (4 qubits),5,84870,0,0.5637727328052314
depression,PennyLane VQC (4 qubits),5,84878,0,0.5088774970980292
depression,PennyLane VQC (4 qubits),5,84895,0,0.3965285820194169
depression,PennyLane VQC (4 qubits),5,84902,0,0.5081470685925552
depression,PennyLane VQC (4 qubits),5,84912,0,0.6555607861267003
depression,PennyLane VQC (4 qubits),5,84917,0,0.6352428207346013
depression,PennyLane VQC (4 qubits),5,84924,0,0.5090067041356978
depression,PennyLane VQC (4 qubits),5,84931,0,0.3934592421842512
depression,PennyLane VQC (4 qubits),5,84938,0,0.4087191137853371
depression,PennyLane VQC (4 qubits),5,84947,0,0.22504468120466592
depression,PennyLane VQC (4 qubits),5,84954,0,0.38004858130017494
depression,PennyLane VQC (4 qubits),5,84967,0,0.13638287128164206
depression,PennyLane VQC (4 qubits),5,84978,0,0.5017014749539783
depression,PennyLane VQC (4 qubits),5,84989,0,0.7033038345786847
depression,PennyLane VQC (4 qubits),5,85000,0,0.24638614016193217
depression,PennyLane VQC (4 qubits),5,85006,0,0.4977568146624279
depression,PennyLane VQC (4 qubits),5,85019,0,0.4951436135047423
depression,PennyLane VQC (4 qubits),5,85035,0,0.6832226239160905
depression,PennyLane VQC (4 qubits),5,85042,0,0.7241392853475407
depression,PennyLane VQC (4 qubits),5,85052,1,0.24299759031235818
depression,PennyLane VQC (4 qubits),5,85060,0,0.44087686290701195
depression,PennyLane VQC (4 qubits),5,85066,0,0.5236271432040358
depression,PennyLane VQC (4 qubits),5,85075,0,0.5076200072185364
depression,PennyLane VQC (4 qubits),5,85093,0,0.3539298160827779
depression,PennyLane VQC (4 qubits),5,85106,0,0.47503777838391054
depression,PennyLane VQC (4 qubits),5,85111,0,0.5726818816540393
depression,PennyLane VQC (4 qubits),5,85119,0,0.3735851549666077
depression,PennyLane VQC (4 qubits),5,85131,0,0.4927460213159538
depression,PennyLane VQC (4 qubits),5,85145,0,0.3146150760388379
depression,PennyLane VQC (4 qubits),5,85155,0,0.5511864308053319
depression,PennyLane VQC (4 qubits),5,85161,0,0.31529753710618125
depression,PennyLane VQC (4 qubits),5,85170,0,0.5042299034409063
depression,PennyLane VQC (4 qubits),5,85181,0,0.5310372355321566
depression,PennyLane VQC (4 qubits),5,85194,0,0.6216665019008287
depression,PennyLane VQC (4 qubits),5,85203,0,0.2757919829138906
depression,PennyLane VQC (4 qubits),5,85213,0,0.5905049959407619
depression,PennyLane VQC (4 qubits),5,85219,0,0.3638190042669881
depression,PennyLane VQC (4 qubits),5,85229,0,0.4963257937638592
depression,PennyLane VQC (4 qubits),5,85234,0,0.23284040496185132
depression,PennyLane VQC (4 qubits),5,85243,1,0.6609098674486849
depression,PennyLane VQC (4 qubits),5,85250,0,0.557919758929159
depression,PennyLane VQC (4 qubits),5,85259,1,0.3335899611652454
depression,PennyLane VQC (4 qubits),5,85269,0,0.23429269250982154
depression,PennyLane VQC (4 qubits),5,85279,1,0.5107117452291042
depression,PennyLane VQC (4 qubits),5,85286,1,0.1554778023978206
depression,PennyLane VQC (4 qubits),5,85293,0,0.3419785772410339
depression,PennyLane VQC (4 qubits),5,85302,0,0.689232724367914
depression,PennyLane VQC (4 qubits),5,85304,0,0.44512282875696835
depression,PennyLane VQC (4 qubits),5,85318,0,0.40391900462699093
depression,PennyLane VQC (4 qubits),5,85332,0,0.5822061125590046
depression,PennyLane VQC (4 qubits),5,85339,0,0.42622565033656723
depression,PennyLane VQC (4 qubits),5,85351,0,0.45322655235356085
depression,PennyLane VQC (4 qubits),5,85358,0,0.648349172422956
depression,PennyLane VQC (4 qubits),5,85366,0,0.39857834974179585
depression,PennyLane VQC (4 qubits),5,85375,0,0.5206086424316076
depression,PennyLane VQC (4 qubits),5,85382,0,0.0870673243913378
depression,PennyLane VQC (4 qubits),5,85393,0,0.577852355046917
depression,PennyLane VQC (4 qubits),5,85399,0,0.3777721816083063
depression,PennyLane VQC (4 qubits),5,85407,0,0.45183611391766554
depression,PennyLane VQC (4 qubits),5,85420,0,0.48294056628551146
depression,PennyLane VQC (4 qubits),5,85427,0,0.570645698114449
depression,PennyLane VQC (4 qubits),5,85438,0,0.548167422771747
depression,PennyLane VQC (4 qubits),5,85443,0,0.558747378333993
depression,PennyLane VQC (4 qubits),5,85456,0,0.4758025807961961
depression,PennyLane VQC (4 qubits),5,85463,0,0.7022698682298241
depression,PennyLane VQC (4 qubits),5,85472,0,0.43227087661464336
depression,PennyLane VQC (4 qubits),5,85485,0,0.5887061596000737
depression,PennyLane VQC (4 qubits),5,85493,0,0.301113725703648
depression,PennyLane VQC (4 qubits),5,85505,0,0.0874384311556754
depression,PennyLane VQC (4 qubits),5,85517,0,0.25947750176380147
depression,PennyLane VQC (4 qubits),5,85527,0,0.5949263514315957
depression,PennyLane VQC (4 qubits),5,85535,0,0.2239869889386613
depression,PennyLane VQC (4 qubits),5,85543,0,0.5940859147950832
depression,PennyLane VQC (4 qubits),5,85552,0,0.3516380596620958
depression,PennyLane VQC (4 qubits),5,85564,0,0.335854367295249
depression,PennyLane VQC (4 qubits),5,85565,0,0.13270974092821186
depression,PennyLane VQC (4 qubits),5,85578,0,0.6421775125795456
depression,PennyLane VQC (4 qubits),5,85587,0,0.5539992666113214
depression,PennyLane VQC (4 qubits),5,85598,0,0.4049638438304443
depression,PennyLane VQC (4 qubits),5,85618,0,0.5478408514730582
depression,PennyLane VQC (4 qubits),5,85630,0,0.5210992496283673
depression,PennyLane VQC (4 qubits),5,85641,0,0.43468243783867955
depression,PennyLane VQC (4 qubits),5,85651,0,0.22222353406577472
depression,PennyLane VQC (4 qubits),5,85661,0,0.5737833410300704
depression,PennyLane VQC (4 qubits),5,85668,1,0.2138544827657377
depression,PennyLane VQC (4 qubits),5,85675,0,0.24201969667274192
depression,PennyLane VQC (4 qubits),5,85683,0,0.47674325688179564
depression,PennyLane VQC (4 qubits),5,85685,0,0.26044847014772965
depression,PennyLane VQC (4 qubits),5,85706,0,0.6484223160498259
depression,PennyLane VQC (4 qubits),5,85718,0,0.4841267143128142
depression,PennyLane VQC (4 qubits),5,85727,0,0.2785575862291183
depression,PennyLane VQC (4 qubits),5,85735,0,0.6216155475511923
depression,PennyLane VQC (4 qubits),5,85741,0,0.4239065382372984
depression,PennyLane VQC (4 qubits),5,85750,0,0.5692443290618258
depression,PennyLane VQC (4 qubits),5,85770,0,0.30949441967655017
depression,PennyLane VQC (4 qubits),5,85777,0,0.5565030430334192
depression,PennyLane VQC (4 qubits),5,85783,0,0.3588372600447995
depression,PennyLane VQC (4 qubits),5,85790,0,0.642309683534769
depression,PennyLane VQC (4 qubits),5,85799,0,0.6723472071387417
depression,PennyLane VQC (4 qubits),5,85804,0,0.532796550966136
depression,PennyLane VQC (4 qubits),5,85813,0,0.1703807836452229
depression,PennyLane VQC (4 qubits),5,85822,1,0.6215392768401231
depression,PennyLane VQC (4 qubits),5,85829,0,0.36883526266820066
depression,PennyLane VQC (4 qubits),5,85844,0,0.5897871249812905
depression,PennyLane VQC (4 qubits),5,85852,0,0.4524621233719924
depression,PennyLane VQC (4 qubits),5,85861,0,0.29731068401171035
depression,PennyLane VQC (4 qubits),5,85862,0,0.5114850810106545
depression,PennyLane VQC (4 qubits),5,85869,0,0.14948918779786552
depression,PennyLane VQC (4 qubits),5,85878,0,0.5016944584364835
depression,PennyLane VQC (4 qubits),5,85896,0,0.6228215163787202
depression,PennyLane VQC (4 qubits),5,85902,0,0.4575731112909961
depression,PennyLane VQC (4 qubits),5,85914,0,0.5279893851684168
depression,PennyLane VQC (4 qubits),5,85930,0,0.17095955446565136
depression,PennyLane VQC (4 qubits),5,85941,0,0.29640966038061617
depression,PennyLane VQC (4 qubits),5,85947,1,0.28952825690754774
depression,PennyLane VQC (4 qubits),5,85958,0,0.2979728896825771
depression,PennyLane VQC (4 qubits),5,85964,0,0.4995914954032722
depression,PennyLane VQC (4 qubits),5,85973,0,0.5692390017578661
depression,PennyLane VQC (4 qubits),5,85974,0,0.48640881464134295
depression,PennyLane VQC (4 qubits),5,85983,0,0.20588556790394646
depression,PennyLane VQC (4 qubits),5,85994,0,0.5194592773179167
depression,PennyLane VQC (4 qubits),5,86005,0,0.443567305692313
depression,PennyLane VQC (4 qubits),5,86013,0,0.3007765642638543
depression,PennyLane VQC (4 qubits),5,86022,0,0.12397712462767774
depression,PennyLane VQC (4 qubits),5,86031,0,0.22270252366950238
depression,PennyLane VQC (4 qubits),5,86037,0,0.4215711925574246
depression,PennyLane VQC (4 qubits),5,86047,0,0.24561175220911619
depression,PennyLane VQC (4 qubits),5,86055,0,0.21141911936183105
depression,PennyLane VQC (4 qubits),5,86061,0,0.366611504272745
depression,PennyLane VQC (4 qubits),5,86069,0,0.4534002896040916
depression,PennyLane VQC (4 qubits),5,86082,1,0.6422661456419237
depression,PennyLane VQC (4 qubits),5,86090,0,0.5599508472078986
depression,PennyLane VQC (4 qubits),5,86096,0,0.47804030652796964
depression,PennyLane VQC (4 qubits),5,86104,0,0.5337542116125922
depression,PennyLane VQC (4 qubits),5,86118,0,0.5701232468751163
depression,PennyLane VQC (4 qubits),5,86126,0,0.5007243733785083
depression,PennyLane VQC (4 qubits),5,86144,0,0.32442451600620703
depression,PennyLane VQC (4 qubits),5,86152,0,0.5309861272950569
depression,PennyLane VQC (4 qubits),5,86159,0,0.11804416452028227
depression,PennyLane VQC (4 qubits),5,86168,0,0.14970579002627993
depression,PennyLane VQC (4 qubits),5,86177,0,0.5580272513786989
depression,PennyLane VQC (4 qubits),5,86184,0,0.2513427498612556
depression,PennyLane VQC (4 qubits),5,86192,0,0.5594903664457507
depression,PennyLane VQC (4 qubits),5,86201,0,0.2512642821930613
depression,PennyLane VQC (4 qubits),5,86210,0,0.6853388283582789
depression,PennyLane VQC (4 qubits),5,86215,0,0.15635697487013445
depression,PennyLane VQC (4 qubits),5,86225,0,0.207386207360301
depression,PennyLane VQC (4 qubits),5,86237,0,0.2566202391723418
depression,PennyLane VQC (4 qubits),5,86243,0,0.43752493591547337
depression,PennyLane VQC (4 qubits),5,86249,0,0.6343315214902999
depression,PennyLane VQC (4 qubits),5,86261,0,0.3532479881481665
depression,PennyLane VQC (4 qubits),5,86273,0,0.22467731477357822
depression,PennyLane VQC (4 qubits),5,86280,0,0.20213385952238377
depression,PennyLane VQC (4 qubits),5,86286,0,0.46773383290349496
depression,PennyLane VQC (4 qubits),5,86297,0,0.464368377942295
depression,PennyLane VQC (4 qubits),5,86308,0,0.5943357630721221
depression,PennyLane VQC (4 qubits),5,86321,0,0.32887815566249157
depression,PennyLane VQC (4 qubits),5,86328,0,0.5939278961958834
depression,PennyLane VQC (4 qubits),5,86336,0,0.4294852951300364
depression,PennyLane VQC (4 qubits),5,86349,0,0.4242436839720246
depression,PennyLane VQC (4 qubits),5,86356,0,0.4192725486129175
depression,PennyLane VQC (4 qubits),5,86362,1,0.4873417988377349
depression,PennyLane VQC (4 qubits),5,86368,0,0.45501838028417796
depression,PennyLane VQC (4 qubits),5,86384,0,0.4911154499474045
depression,PennyLane VQC (4 qubits),5,86399,0,0.6009124018059344
depression,PennyLane VQC (4 qubits),5,86405,0,0.1948945480294324
depression,PennyLane VQC (4 qubits),5,86409,0,0.19245924522632862
depression,PennyLane VQC (4 qubits),5,86420,0,0.25221514198435957
depression,PennyLane VQC (4 qubits),5,86433,0,0.1218996050675265
depression,PennyLane VQC (4 qubits),5,86444,0,0.4298967544454805
depression,PennyLane VQC (4 qubits),5,86453,0,0.5010901707698814
depression,PennyLane VQC (4 qubits),5,86467,0,0.07807109114040045
depression,PennyLane VQC (4 qubits),5,86477,0,0.16859343690244738
depression,PennyLane VQC (4 qubits),5,86493,0,0.5270815770228252
depression,PennyLane VQC (4 qubits),5,86500,0,0.5910585747239849
depression,PennyLane VQC (4 qubits),5,86514,0,0.47489600427891854
depression,PennyLane VQC (4 qubits),5,86519,0,0.4021409424211483
depression,PennyLane VQC (4 qubits),5,86525,0,0.45517403767888964
depression,PennyLane VQC (4 qubits),5,86534,0,0.6372469562177975
depression,PennyLane VQC (4 qubits),5,86542,1,0.2964727319042142
depression,PennyLane VQC (4 qubits),5,86552,1,0.48786994021222874
depression,PennyLane VQC (4 qubits),5,86560,0,0.6848825652893842
depression,PennyLane VQC (4 qubits),5,86568,0,0.5976703618360768
depression,PennyLane VQC (4 qubits),5,86574,0,0.3054683496374566
depression,PennyLane VQC (4 qubits),5,86584,0,0.4665947222429085
depression,PennyLane VQC (4 qubits),5,86597,0,0.4936235621997742
depression,PennyLane VQC (4 qubits),5,86604,0,0.21532951820721558
depression,PennyLane VQC (4 qubits),5,86614,1,0.6362297518908214
depression,PennyLane VQC (4 qubits),5,86624,0,0.47415748778823064
depression,PennyLane VQC (4 qubits),5,86636,0,0.4628032814548271
depression,PennyLane VQC (4 qubits),5,86641,0,0.451034801334498
depression,PennyLane VQC (4 qubits),5,86655,0,0.6414693197157788
depression,PennyLane VQC (4 qubits),5,86663,0,0.3944200373985849
depression,PennyLane VQC (4 qubits),5,86669,0,0.3107117097853894
depression,PennyLane VQC (4 qubits),5,86676,0,0.5092474655307629
depression,PennyLane VQC (4 qubits),5,86686,0,0.5254988983168786
depression,PennyLane VQC (4 qubits),5,86699,0,0.4523918616730035
depression,PennyLane VQC (4 qubits),5,86701,0,0.5309821307794294
depression,PennyLane VQC (4 qubits),5,86718,1,0.46289258011634565
depression,PennyLane VQC (4 qubits),5,86730,0,0.290818944072469
depression,PennyLane VQC (4 qubits),5,86737,0,0.5869415630322747
depression,PennyLane VQC (4 qubits),5,86745,0,0.5004714879822637
depression,PennyLane VQC (4 qubits),5,86753,0,0.4337693276622514
depression,PennyLane VQC (4 qubits),5,86764,0,0.21592623463181904
depression,PennyLane VQC (4 qubits),5,86774,0,0.5056262121441474
depression,PennyLane VQC (4 qubits),5,86782,0,0.15082206737575687
depression,PennyLane VQC (4 qubits),5,86787,0,0.6054892704916777
depression,PennyLane VQC (4 qubits),5,86806,0,0.6288428890817
depression,PennyLane VQC (4 qubits),5,86815,0,0.7632506677300727
depression,PennyLane VQC (4 qubits),5,86826,0,0.4239845739158551
depression,PennyLane VQC (4 qubits),5,86837,0,0.5174751792667451
depression,PennyLane VQC (4 qubits),5,86856,0,0.4663047959181346
depression,PennyLane VQC (4 qubits),5,86868,0,0.2448365816889615
depression,PennyLane VQC (4 qubits),5,86877,0,0.437571591700727
depression,PennyLane VQC (4 qubits),5,86881,0,0.4933251422229529
depression,PennyLane VQC (4 qubits),5,86886,0,0.46833253501586036
depression,PennyLane VQC (4 qubits),5,86905,0,0.5274105626676995
depression,PennyLane VQC (4 qubits),5,86911,0,0.3331391804927515
depression,PennyLane VQC (4 qubits),5,86929,0,0.5446712041569178
depression,PennyLane VQC (4 qubits),5,86947,0,0.6321663319129074
depression,PennyLane VQC (4 qubits),5,86959,0,0.32825819187056215
depression,PennyLane VQC (4 qubits),5,86965,0,0.7530944797376132
depression,PennyLane VQC (4 qubits),5,86968,0,0.34847595392571207
depression,PennyLane VQC (4 qubits),5,86981,0,0.29845489470449527
depression,PennyLane VQC (4 qubits),5,86987,0,0.26512424130721673
depression,PennyLane VQC (4 qubits),5,86996,0,0.3806683730876508
depression,PennyLane VQC (4 qubits),5,87005,0,0.33790959884319416
depression,PennyLane VQC (4 qubits),5,87016,0,0.3137062842889602
depression,PennyLane VQC (4 qubits),5,87030,0,0.3410728631355813
depression,PennyLane VQC (4 qubits),5,87046,0,0.2404725815707046
depression,PennyLane VQC (4 qubits),5,87052,0,0.2826532578108105
depression,PennyLane VQC (4 qubits),5,87063,0,0.4172854388091503
depression,PennyLane VQC (4 qubits),5,87072,0,0.5969479398349522
depression,PennyLane VQC (4 qubits),5,87081,0,0.49980849307202224
depression,PennyLane VQC (4 qubits),5,87098,0,0.7099936159195215
depression,PennyLane VQC (4 qubits),5,87112,0,0.5431334072511278
depression,PennyLane VQC (4 qubits),5,87120,0,0.5074020286754968
depression,PennyLane VQC (4 qubits),5,87125,0,0.4645396419843334
depression,PennyLane VQC (4 qubits),5,87135,1,0.5637996198141906
depression,PennyLane VQC (4 qubits),5,87148,0,0.5320109538634334
depression,PennyLane VQC (4 qubits),5,87156,0,0.5022397742646979
depression,PennyLane VQC (4 qubits),5,87163,0,0.6024930566670209
depression,PennyLane VQC (4 qubits),5,87168,0,0.47795618211864266
depression,PennyLane VQC (4 qubits),5,87175,0,0.1248793110621767
depression,PennyLane VQC (4 qubits),5,87181,0,0.4767822971566993
depression,PennyLane VQC (4 qubits),5,87193,0,0.2997299458822261
depression,PennyLane VQC (4 qubits),5,87200,0,0.4985788417693685
depression,PennyLane VQC (4 qubits),5,87209,0,0.5513612665746643
depression,PennyLane VQC (4 qubits),5,87219,0,0.6826130861564587
depression,PennyLane VQC (4 qubits),5,87228,0,0.32063952582044525
depression,PennyLane VQC (4 qubits),5,87230,0,0.19101149142377383
depression,PennyLane VQC (4 qubits),5,87238,1,0.1576364211441883
depression,PennyLane VQC (4 qubits),5,87245,0,0.6210444942474038
depression,PennyLane VQC (4 qubits),5,87255,1,0.5160007541483611
depression,PennyLane VQC (4 qubits),5,87262,0,0.6036411389826245
depression,PennyLane VQC (4 qubits),5,87274,0,0.5204440347913778
depression,PennyLane VQC (4 qubits),5,87281,1,0.4405877661928058
depression,PennyLane VQC (4 qubits),5,87290,0,0.5305219263560399
depression,PennyLane VQC (4 qubits),5,87301,0,0.4047820991706158
depression,PennyLane VQC (4 qubits),5,87312,0,0.5117524481498804
depression,PennyLane VQC (4 qubits),5,87320,0,0.5442253282364531
depression,PennyLane VQC (4 qubits),5,87329,0,0.33435241828369905
depression,PennyLane VQC (4 qubits),5,87337,0,0.40391900462699093
depression,PennyLane VQC (4 qubits),5,87346,0,0.41836524919436746
depression,PennyLane VQC (4 qubits),5,87349,0,0.29200206021147934
depression,PennyLane VQC (4 qubits),5,87369,0,0.2942205559632374
depression,PennyLane VQC (4 qubits),5,87376,0,0.533539621544661
depression,PennyLane VQC (4 qubits),5,87388,0,0.38838516934201317
depression,PennyLane VQC (4 qubits),5,87400,0,0.47156739668003655
depression,PennyLane VQC (4 qubits),5,87417,0,0.506006581161174
depression,PennyLane VQC (4 qubits),5,87426,0,0.5354046203680148
depression,PennyLane VQC (4 qubits),5,87433,0,0.4695035887445156
depression,PennyLane VQC (4 qubits),5,87441,0,0.4978124419323623
depression,PennyLane VQC (4 qubits),5,87455,0,0.3536751527426661
depression,PennyLane VQC (4 qubits),5,87464,0,0.49321516789989595
depression,PennyLane VQC (4 qubits),5,87475,0,0.4013148488110625
depression,PennyLane VQC (4 qubits),5,87482,0,0.3105778585009714
depression,PennyLane VQC (4 qubits),5,87489,0,0.38318448077793027
depression,PennyLane VQC (4 qubits),5,87498,0,0.22146376100603093
depression,PennyLane VQC (4 qubits),5,87507,0,0.5473283836625941
depression,PennyLane VQC (4 qubits),5,87513,0,0.5591804870317156
depression,PennyLane VQC (4 qubits),5,87522,0,0.4852040163805371
depression,PennyLane VQC (4 qubits),5,87531,1,0.362263314131542
depression,PennyLane VQC (4 qubits),5,87548,0,0.6137093705157275
depression,PennyLane VQC (4 qubits),5,87554,0,0.4547994762740939
depression,PennyLane VQC (4 qubits),5,87571,1,0.1332058203472563
depression,PennyLane VQC (4 qubits),5,87577,0,0.5644555743607502
depression,PennyLane VQC (4 qubits),5,87586,0,0.5092474655307629
depression,PennyLane VQC (4 qubits),5,87594,1,0.5539468964788843
depression,PennyLane VQC (4 qubits),5,87603,0,0.2639711526244144
depression,PennyLane VQC (4 qubits),5,87623,0,0.5103733272720081
depression,PennyLane VQC (4 qubits),5,87632,0,0.6773548279110213
depression,PennyLane VQC (4 qubits),5,87648,1,0.5104051531923774
depression,PennyLane VQC (4 qubits),5,87664,0,0.4138895104644039
depression,PennyLane VQC (4 qubits),5,87677,0,0.2813090289080522
depression,PennyLane VQC (4 qubits),5,87684,0,0.44598723077033553
depression,PennyLane VQC (4 qubits),5,87694,0,0.36907502740866216
depression,PennyLane VQC (4 qubits),5,87717,0,0.6030382108483832
depression,PennyLane VQC (4 qubits),5,87729,0,0.33130920964272076
depression,PennyLane VQC (4 qubits),5,87741,0,0.14874162818346326
depression,PennyLane VQC (4 qubits),5,87755,0,0.28011444366019567
depression,PennyLane VQC (4 qubits),5,87762,0,0.5350971200526337
depression,PennyLane VQC (4 qubits),5,87774,0,0.1654632830534104
depression,PennyLane VQC (4 qubits),5,87781,0,0.45313568704758733
depression,PennyLane VQC (4 qubits),5,87795,0,0.7185790742279161
depression,PennyLane VQC (4 qubits),5,87801,0,0.4708724350610348
depression,PennyLane VQC (4 qubits),5,87809,0,0.33346783760840715
depression,PennyLane VQC (4 qubits),5,87819,0,0.3841700950549335
depression,PennyLane VQC (4 qubits),5,87830,0,0.44636605375097593
depression,PennyLane VQC (4 qubits),5,87843,0,0.5252926028080838
depression,PennyLane VQC (4 qubits),5,87850,0,0.35670162481428197
depression,PennyLane VQC (4 qubits),5,87857,0,0.5113571950515106
depression,PennyLane VQC (4 qubits),5,87873,0,0.47946125799543543
depression,PennyLane VQC (4 qubits),5,87885,1,0.21385545511519288
depression,PennyLane VQC (4 qubits),5,87892,0,0.3644394209012499
depression,PennyLane VQC (4 qubits),5,87904,0,0.24638614016193217
depression,PennyLane VQC (4 qubits),5,87913,0,0.4493485252326655
depression,PennyLane VQC (4 qubits),5,87921,0,0.5099226853832962
depression,PennyLane VQC (4 qubits),5,87934,0,0.3126462715073478
depression,PennyLane VQC (4 qubits),5,87948,0,0.32185022153407583
depression,PennyLane VQC (4 qubits),5,87959,0,0.4656351130811105
depression,PennyLane VQC (4 qubits),5,87969,0,0.543146137304368
depression,PennyLane VQC (4 qubits),5,87982,0,0.40917043600006725
depression,PennyLane VQC (4 qubits),5,87988,0,0.35334569792098547
depression,PennyLane VQC (4 qubits),5,88000,1,0.4821604931927667
depression,PennyLane VQC (4 qubits),5,88010,0,0.24638614016193217
depression,PennyLane VQC (4 qubits),5,88021,0,0.40749514281887866
depression,PennyLane VQC (4 qubits),5,88030,0,0.6620875030030247
depression,PennyLane VQC (4 qubits),5,88044,0,0.1263386389252138
depression,PennyLane VQC (4 qubits),5,88050,0,0.5642676851980808
depression,PennyLane VQC (4 qubits),5,88064,0,0.3413601706742662
depression,PennyLane VQC (4 qubits),5,88072,0,0.5256146267869454
depression,PennyLane VQC (4 qubits),5,88082,0,0.6312852444124153
depression,PennyLane VQC (4 qubits),5,88090,0,0.5650124743923942
depression,PennyLane VQC (4 qubits),5,88099,0,0.5101772425880003
depression,PennyLane VQC (4 qubits),5,88110,0,0.3640484849579059
depression,PennyLane VQC (4 qubits),5,88116,0,0.5173622217836161
depression,PennyLane VQC (4 qubits),5,88126,0,0.5876896673430065
depression,PennyLane VQC (4 qubits),5,88134,0,0.10001347404945943
depression,PennyLane VQC (4 qubits),5,88146,0,0.5324519931428673
depression,PennyLane VQC (4 qubits),5,88154,0,0.2803789695262428
depression,PennyLane VQC (4 qubits),5,88161,0,0.5154976649222096
depression,PennyLane VQC (4 qubits),5,88170,0,0.24638614016193217
depression,PennyLane VQC (4 qubits),5,88178,0,0.32240821272024944
depression,PennyLane VQC (4 qubits),5,88188,0,0.4964503521722088
depression,PennyLane VQC (4 qubits),5,88198,0,0.4145373835091474
depression,PennyLane VQC (4 qubits),5,88206,0,0.32248937670907213
depression,PennyLane VQC (4 qubits),5,88216,0,0.43800469772737716
depression,PennyLane VQC (4 qubits),5,88227,0,0.185321097185076
depression,PennyLane VQC (4 qubits),5,88232,0,0.49462465157972124
depression,PennyLane VQC (4 qubits),5,88240,0,0.3409459278063828
depression,PennyLane VQC (4 qubits),5,88254,1,0.17171542581978783
depression,PennyLane VQC (4 qubits),5,88260,0,0.602304460815201
depression,PennyLane VQC (4 qubits),5,88267,0,0.5548072066786864
depression,PennyLane VQC (4 qubits),5,88287,0,0.575040426285848
depression,PennyLane VQC (4 qubits),5,88297,0,0.4759293582939384
depression,PennyLane VQC (4 qubits),5,88306,0,0.4502139803838523
depression,PennyLane VQC (4 qubits),5,88315,0,0.4895315067244034
depression,PennyLane VQC (4 qubits),5,88322,0,0.397484766508768
depression,PennyLane VQC (4 qubits),5,88333,0,0.5966694212557418
depression,PennyLane VQC (4 qubits),5,88339,0,0.6153281969917891
depression,PennyLane VQC (4 qubits),5,88350,0,0.5133489066896102
depression,PennyLane VQC (4 qubits),5,88355,0,0.4114125328374265
depression,PennyLane VQC (4 qubits),5,88367,0,0.43908739681226056
depression,PennyLane VQC (4 qubits),5,88384,0,0.5444673223833685
depression,PennyLane VQC (4 qubits),5,88392,0,0.6882212273892867
depression,PennyLane VQC (4 qubits),5,88401,1,0.31413223172319793
depression,PennyLane VQC (4 qubits),5,88412,0,0.5098559372146289
depression,PennyLane VQC (4 qubits),5,88422,0,0.5676653641551035
depression,PennyLane VQC (4 qubits),5,88431,0,0.27067225235195885
depression,PennyLane VQC (4 qubits),5,88439,0,0.5344484484593045
depression,PennyLane VQC (4 qubits),5,88451,0,0.5925769538091155
depression,PennyLane VQC (4 qubits),5,88461,0,0.6045072272533323
depression,PennyLane VQC (4 qubits),5,88475,0,0.28011444366019567
depression,PennyLane VQC (4 qubits),5,88481,0,0.5226050671474175
depression,PennyLane VQC (4 qubits),5,88488,0,0.5188937400242948
depression,PennyLane VQC (4 qubits),5,88497,0,0.5874230079056467
depression,PennyLane VQC (4 qubits),5,88521,0,0.09528308896487137
depression,PennyLane VQC (4 qubits),5,88530,0,0.6016355652498352
depression,PennyLane VQC (4 qubits),5,88538,0,0.34605058508051323
depression,PennyLane VQC (4 qubits),5,88545,0,0.5209425175655054
depression,PennyLane VQC (4 qubits),5,88561,0,0.49280316723990064
depression,PennyLane VQC (4 qubits),5,88570,0,0.5540302448344651
depression,PennyLane VQC (4 qubits),5,88574,0,0.47805902284967344
depression,PennyLane VQC (4 qubits),5,88585,0,0.5081420051038384
depression,PennyLane VQC (4 qubits),5,88598,0,0.3396973163679034
depression,PennyLane VQC (4 qubits),5,88606,0,0.5658849980950026
depression,PennyLane VQC (4 qubits),5,88612,0,0.11240845637879898
depression,PennyLane VQC (4 qubits),5,88618,0,0.34633281507994285
depression,PennyLane VQC (4 qubits),5,88630,0,0.45704188735229256
depression,PennyLane VQC (4 qubits),5,88640,0,0.5144563533567064
depression,PennyLane VQC (4 qubits),5,88651,0,0.6280196072452705
depression,PennyLane VQC (4 qubits),5,88658,0,0.4652138558920303
depression,PennyLane VQC (4 qubits),5,88659,0,0.529404664532481
depression,PennyLane VQC (4 qubits),5,88668,0,0.5581341923814402
depression,PennyLane VQC (4 qubits),5,88678,0,0.14900129357695224
depression,PennyLane VQC (4 qubits),5,88689,0,0.5002336150049187
depression,PennyLane VQC (4 qubits),5,88699,0,0.42290569980978454
depression,PennyLane VQC (4 qubits),5,88706,0,0.30554241672934346
depression,PennyLane VQC (4 qubits),5,88719,0,0.4609916031627381
depression,PennyLane VQC (4 qubits),5,88725,0,0.4165668896249021
depression,PennyLane VQC (4 qubits),5,88738,0,0.598043606082035
depression,PennyLane VQC (4 qubits),5,88747,0,0.4841028771623384
depression,PennyLane VQC (4 qubits),5,88758,0,0.4964106303117142
depression,PennyLane VQC (4 qubits),5,88767,0,0.3692840977966221
depression,PennyLane VQC (4 qubits),5,88787,0,0.3861438984323756
depression,PennyLane VQC (4 qubits),5,88795,0,0.6372492418945561
depression,PennyLane VQC (4 qubits),5,88804,1,0.56516777613885
depression,PennyLane VQC (4 qubits),5,88814,0,0.34150698602518753
depression,PennyLane VQC (4 qubits),5,88823,0,0.2750505999240622
depression,PennyLane VQC (4 qubits),5,88835,0,0.515697970208201
depression,PennyLane VQC (4 qubits),5,88845,0,0.5055937638930034
depression,PennyLane VQC (4 qubits),5,88856,0,0.7706545236887374
depression,PennyLane VQC (4 qubits),5,88862,0,0.6355443405107439
depression,PennyLane VQC (4 qubits),5,88874,0,0.5267571109718359
depression,PennyLane VQC (4 qubits),5,88879,0,0.34963199897133035
depression,PennyLane VQC (4 qubits),5,88884,0,0.5561376350487062
depression,PennyLane VQC (4 qubits),5,88888,0,0.2624853720633139
depression,PennyLane VQC (4 qubits),5,88898,0,0.23684175952226683
depression,PennyLane VQC (4 qubits),5,88901,0,0.2876220314643211
depression,PennyLane VQC (4 qubits),5,88914,0,0.27514752481660254
depression,PennyLane VQC (4 qubits),5,88924,0,0.34404984797252286
depression,PennyLane VQC (4 qubits),5,88932,0,0.4705034194406747
depression,PennyLane VQC (4 qubits),5,88943,0,0.5792557801787245
depression,PennyLane VQC (4 qubits),5,88952,0,0.6155079464373093
depression,PennyLane VQC (4 qubits),5,88968,0,0.4511269170093549
depression,PennyLane VQC (4 qubits),5,88982,0,0.5187039024357871
depression,PennyLane VQC (4 qubits),5,88992,0,0.5175912223625958
depression,PennyLane VQC (4 qubits),5,88996,0,0.42209725203192694
depression,PennyLane VQC (4 qubits),5,89012,0,0.13776665604033572
depression,PennyLane VQC (4 qubits),5,89020,1,0.41028176559855445
depression,PennyLane VQC (4 qubits),5,89031,0,0.634734637847044
depression,PennyLane VQC (4 qubits),5,89040,0,0.514303574734165
depression,PennyLane VQC (4 qubits),5,89052,0,0.4399196103682327
depression,PennyLane VQC (4 qubits),5,89068,0,0.5441660222704356
depression,PennyLane VQC (4 qubits),5,89077,0,0.5604775164384366
depression,PennyLane VQC (4 qubits),5,89087,0,0.4520116316291859
depression,PennyLane VQC (4 qubits),5,89097,0,0.3150393301304657
depression,PennyLane VQC (4 qubits),5,89106,0,0.5227938316862851
depression,PennyLane VQC (4 qubits),5,89116,0,0.21208716335929395
depression,PennyLane VQC (4 qubits),5,89124,0,0.3601532806298074
depression,PennyLane VQC (4 qubits),5,89129,0,0.22712092805344952
depression,PennyLane VQC (4 qubits),5,89141,0,0.5561139886068417
depression,PennyLane VQC (4 qubits),5,89157,0,0.5131730189289853
depression,PennyLane VQC (4 qubits),5,89160,0,0.47405681656450144
depression,PennyLane VQC (4 qubits),5,89171,0,0.4022963292124477
depression,PennyLane VQC (4 qubits),5,89177,0,0.4975939242165239
depression,PennyLane VQC (4 qubits),5,89184,0,0.6046879144684005
depression,PennyLane VQC (4 qubits),5,89192,0,0.4487526689172077
depression,PennyLane VQC (4 qubits),5,89204,0,0.4699035864387704
depression,PennyLane VQC (4 qubits),5,89222,0,0.5303790161522652
depression,PennyLane VQC (4 qubits),5,89233,1,0.4485987389464642
depression,PennyLane VQC (4 qubits),5,89244,0,0.5100263304604332
depression,PennyLane VQC (4 qubits),5,89256,0,0.4502492926693834
depression,PennyLane VQC (4 qubits),5,89265,0,0.6193592158374124
depression,PennyLane VQC (4 qubits),5,89271,0,0.6078727210369053
depression,PennyLane VQC (4 qubits),5,89275,0,0.5271629384931452
depression,PennyLane VQC (4 qubits),5,89292,1,0.325123733626972
depression,PennyLane VQC (4 qubits),5,89302,0,0.35017087745312436
depression,PennyLane VQC (4 qubits),5,89310,0,0.7319072153868053
depression,PennyLane VQC (4 qubits),5,89317,0,0.21893055883013646
depression,PennyLane VQC (4 qubits),5,89319,0,0.4977000243415376
depression,PennyLane VQC (4 qubits),5,89327,0,0.38059295949045485
depression,PennyLane VQC (4 qubits),5,89338,1,0.31849354388943263
depression,PennyLane VQC (4 qubits),5,89348,0,0.6084973970792066
depression,PennyLane VQC (4 qubits),5,89355,0,0.5439719673851178
depression,PennyLane VQC (4 qubits),5,89367,0,0.5125389587784035
depression,PennyLane VQC (4 qubits),5,89382,0,0.5548465306132189
depression,PennyLane VQC (4 qubits),5,89395,0,0.6421825392797025
depression,PennyLane VQC (4 qubits),5,89404,0,0.44764310209199104
depression,PennyLane VQC (4 qubits),5,89414,0,0.353627064192791
depression,PennyLane VQC (4 qubits),5,89434,0,0.47673761673435355
depression,PennyLane VQC (4 qubits),5,89441,0,0.55203956533444
depression,PennyLane VQC (4 qubits),5,89446,0,0.4888283017731486
depression,PennyLane VQC (4 qubits),5,89459,1,0.5221698216242568
depression,PennyLane VQC (4 qubits),5,89474,0,0.5088092269181299
depression,PennyLane VQC (4 qubits),5,89483,0,0.5327442170526888
depression,PennyLane VQC (4 qubits),5,89495,0,0.5385768481670417
depression,PennyLane VQC (4 qubits),5,89501,0,0.4516147082112418
depression,PennyLane VQC (4 qubits),5,89517,0,0.3605616438705369
depression,PennyLane VQC (4 qubits),5,89533,0,0.4984913142734927
depression,PennyLane VQC (4 qubits),5,89543,0,0.5265386348332994
depression,PennyLane VQC (4 qubits),5,89550,0,0.5954475231770665
depression,PennyLane VQC (4 qubits),5,89560,0,0.6832226239160905
depression,PennyLane VQC (4 qubits),5,89568,0,0.6482655334175172
depression,PennyLane VQC (4 qubits),5,89575,0,0.20525297404670656
depression,PennyLane VQC (4 qubits),5,89577,0,0.41567316977993185
depression,PennyLane VQC (4 qubits),5,89583,0,0.42307266190441284
depression,PennyLane VQC (4 qubits),5,89588,0,0.34010823328409745
depression,PennyLane VQC (4 qubits),5,89595,0,0.43351490330238973
depression,PennyLane VQC (4 qubits),5,89601,0,0.3078646453536695
depression,PennyLane VQC (4 qubits),5,89613,0,0.18316525005288536
depression,PennyLane VQC (4 qubits),5,89620,1,0.3021915604335612
depression,PennyLane VQC (4 qubits),5,89633,0,0.3348829707364829
depression,PennyLane VQC (4 qubits),5,89641,0,0.505060578183588
depression,PennyLane VQC (4 qubits),5,89647,0,0.6370561621312668
depression,PennyLane VQC (4 qubits),5,89652,0,0.5853823265574379
depression,PennyLane VQC (4 qubits),5,89659,0,0.5619925002411088
depression,PennyLane VQC (4 qubits),5,89666,0,0.6851809196744574
depression,PennyLane VQC (4 qubits),5,89674,0,0.4446083207494035
depression,PennyLane VQC (4 qubits),5,89684,0,0.6212684394592377
depression,PennyLane VQC (4 qubits),5,89694,0,0.31256850989492896
depression,PennyLane VQC (4 qubits),5,89703,0,0.49715910943324226
depression,PennyLane VQC (4 qubits),5,89711,0,0.5224941658916811
depression,PennyLane VQC (4 qubits),5,89721,0,0.5053466360156041
depression,PennyLane VQC (4 qubits),5,89728,0,0.47973840083762676
depression,PennyLane VQC (4 qubits),5,89735,0,0.5026793788369298
depression,PennyLane VQC (4 qubits),5,89749,0,0.5705215693084055
depression,PennyLane VQC (4 qubits),5,89756,0,0.3442209572426218
depression,PennyLane VQC (4 qubits),5,89779,0,0.24000061667405836
depression,PennyLane VQC (4 qubits),5,89788,0,0.16692770028589166
depression,PennyLane VQC (4 qubits),5,89794,0,0.5112331500025145
depression,PennyLane VQC (4 qubits),5,89801,0,0.49074671744495535
depression,PennyLane VQC (4 qubits),5,89806,0,0.44780002020953186
depression,PennyLane VQC (4 qubits),5,89809,0,0.6134537606876783
depression,PennyLane VQC (4 qubits),5,89824,0,0.48514398250498064
depression,PennyLane VQC (4 qubits),5,89833,0,0.5212629856681061
depression,PennyLane VQC (4 qubits),5,89844,1,0.44623385374636193
depression,PennyLane VQC (4 qubits),5,89850,0,0.1092318288860144
depression,PennyLane VQC (4 qubits),5,89860,0,0.3147037635231037
depression,PennyLane VQC (4 qubits),5,89881,0,0.32080460880528716
depression,PennyLane VQC (4 qubits),5,89891,0,0.5091645759742321
depression,PennyLane VQC (4 qubits),5,89901,0,0.5206821475163331
depression,PennyLane VQC (4 qubits),5,89909,0,0.41228775669703044
depression,PennyLane VQC (4 qubits),5,89921,0,0.4624066303048429
depression,PennyLane VQC (4 qubits),5,89925,0,0.5440921291117448
depression,PennyLane VQC (4 qubits),5,89946,1,0.33084162491679264
depression,PennyLane VQC (4 qubits),5,89956,0,0.3703011160511679
depression,PennyLane VQC (4 qubits),5,89963,0,0.3798979015846135
depression,PennyLane VQC (4 qubits),5,89974,0,0.1152274156454478
depression,PennyLane VQC (4 qubits),5,89980,0,0.5660992529092149
depression,PennyLane VQC (4 qubits),5,89992,0,0.4906740490019141
depression,PennyLane VQC (4 qubits),5,90000,0,0.5778892215257228
depression,PennyLane VQC (4 qubits),5,90004,0,0.5216376998768562
depression,PennyLane VQC (4 qubits),5,90009,0,0.47737743253196796
depression,PennyLane VQC (4 qubits),5,90021,0,0.7722182121808493
depression,PennyLane VQC (4 qubits),5,90033,0,0.5969040084379791
depression,PennyLane VQC (4 qubits),5,90048,0,0.5745022917132647
depression,PennyLane VQC (4 qubits),5,90049,0,0.5140545655050539
depression,PennyLane VQC (4 qubits),5,90065,0,0.7079966332879317
depression,PennyLane VQC (4 qubits),5,90071,0,0.46253362423864564
depression,PennyLane VQC (4 qubits),5,90077,1,0.5601507862032113
depression,PennyLane VQC (4 qubits),5,90079,1,0.7778462830211812
depression,PennyLane VQC (4 qubits),5,90088,0,0.48741980453864475
depression,PennyLane VQC (4 qubits),5,90102,0,0.47804030652796964
depression,PennyLane VQC (4 qubits),5,90111,0,0.4605522187117077
depression,PennyLane VQC (4 qubits),5,90120,1,0.2582734697118756
depression,PennyLane VQC (4 qubits),5,90131,1,0.462192136617595
depression,PennyLane VQC (4 qubits),5,90142,0,0.4811525455338181
depression,PennyLane VQC (4 qubits),5,90150,0,0.47571234640210924
depression,PennyLane VQC (4 qubits),5,90157,0,0.6855082150225253
depression,PennyLane VQC (4 qubits),5,90168,0,0.5370825868970566
depression,PennyLane VQC (4 qubits),5,90172,0,0.38449544649891104
depression,PennyLane VQC (4 qubits),5,90188,0,0.5342163043239634
depression,PennyLane VQC (4 qubits),5,90199,0,0.619267939125957
depression,PennyLane VQC (4 qubits),5,90210,0,0.4520873825169197
depression,PennyLane VQC (4 qubits),5,90235,0,0.4356994923086552
depression,PennyLane VQC (4 qubits),5,90244,0,0.5981981741669172
depression,PennyLane VQC (4 qubits),5,90254,0,0.4715047251156197
depression,PennyLane VQC (4 qubits),5,90262,0,0.4858827781213079
depression,PennyLane VQC (4 qubits),5,90272,0,0.5282793849689841
depression,PennyLane VQC (4 qubits),5,90281,0,0.5293393341597139
depression,PennyLane VQC (4 qubits),5,90293,0,0.677058561495528
depression,PennyLane VQC (4 qubits),5,90295,0,0.5205067425554963
depression,PennyLane VQC (4 qubits),5,90301,0,0.2861347498551579
depression,PennyLane VQC (4 qubits),5,90308,0,0.42804564997596595
depression,PennyLane VQC (4 qubits),5,90324,0,0.3654807838982139
depression,PennyLane VQC (4 qubits),5,90327,0,0.4801204817004175
depression,PennyLane VQC (4 qubits),5,90337,0,0.5126677834829986
depression,PennyLane VQC (4 qubits),5,90352,0,0.20020214060583075
depression,PennyLane VQC (4 qubits),5,90359,0,0.40448351540963523
depression,PennyLane VQC (4 qubits),5,90367,1,0.6633611921187825
depression,PennyLane VQC (4 qubits),5,90378,0,0.39756373651826743
depression,PennyLane VQC (4 qubits),5,90391,0,0.47701068119726736
depression,PennyLane VQC (4 qubits),5,90398,0,0.2686054239814665
depression,PennyLane VQC (4 qubits),5,90412,0,0.4762991352834569
depression,PennyLane VQC (4 qubits),5,90424,0,0.22226871689012095
depression,PennyLane VQC (4 qubits),5,90425,0,0.4033627742011573
depression,PennyLane VQC (4 qubits),5,90452,0,0.5837955191246764
depression,PennyLane VQC (4 qubits),5,90461,0,0.5504169430333131
depression,PennyLane VQC (4 qubits),5,90467,0,0.23282413771626598
depression,PennyLane VQC (4 qubits),5,90481,0,0.5510260162596352
depression,PennyLane VQC (4 qubits),5,90493,0,0.466190241784987
depression,PennyLane VQC (4 qubits),5,90501,0,0.16596425309666313
depression,PennyLane VQC (4 qubits),5,90511,0,0.4977000243415376
depression,PennyLane VQC (4 qubits),5,90518,1,0.47221716166568783
depression,PennyLane VQC (4 qubits),5,90525,0,0.4111878563633796
depression,PennyLane VQC (4 qubits),5,90532,0,0.4795335027324739
depression,PennyLane VQC (4 qubits),5,90540,0,0.6605497473257265
depression,PennyLane VQC (4 qubits),5,90549,0,0.3643598732032182
depression,PennyLane VQC (4 qubits),5,90563,1,0.6974203456854334
depression,PennyLane VQC (4 qubits),5,90565,0,0.483673576794015
depression,PennyLane VQC (4 qubits),5,90583,0,0.5870193125346901
depression,PennyLane VQC (4 qubits),5,90591,0,0.337027696149809
depression,PennyLane VQC (4 qubits),5,90599,0,0.6773700360267707
depression,PennyLane VQC (4 qubits),5,90606,0,0.1159977639891559
depression,PennyLane VQC (4 qubits),5,90612,1,0.5148298543974928
depression,PennyLane VQC (4 qubits),5,90623,0,0.23456984880128995
depression,PennyLane VQC (4 qubits),5,90631,0,0.366239945790347
depression,PennyLane VQC (4 qubits),5,90640,0,0.6064276449430076
depression,PennyLane VQC (4 qubits),5,90649,0,0.3879712767096062
depression,PennyLane VQC (4 qubits),5,90654,0,0.4066764754425104
depression,PennyLane VQC (4 qubits),5,90663,0,0.29508273203642826
depression,PennyLane VQC (4 qubits),5,90670,0,0.31226966157413355
depression,PennyLane VQC (4 qubits),5,90675,0,0.19993964380103257
depression,PennyLane VQC (4 qubits),5,90687,0,0.5911175997112654
depression,PennyLane VQC (4 qubits),5,90694,0,0.41308628502408495
depression,PennyLane VQC (4 qubits),5,90703,0,0.511141073079578
depression,PennyLane VQC (4 qubits),5,90715,0,0.33683017991590364
depression,PennyLane VQC (4 qubits),5,90722,0,0.5087235090528324
depression,PennyLane VQC (4 qubits),5,90742,0,0.3695497618636753
depression,PennyLane VQC (4 qubits),5,90748,0,0.4957196515178983
depression,PennyLane VQC (4 qubits),5,90767,1,0.5143512353821208
depression,PennyLane VQC (4 qubits),5,90776,0,0.6188488214870211
depression,PennyLane VQC (4 qubits),5,90790,0,0.5018802175398418
depression,PennyLane VQC (4 qubits),5,90802,0,0.38320106478976734
depression,PennyLane VQC (4 qubits),5,90812,1,0.5133096479328435
depression,PennyLane VQC (4 qubits),5,90818,0,0.23698060691117617
depression,PennyLane VQC (4 qubits),5,90819,0,0.5092677533154687
depression,PennyLane VQC (4 qubits),5,90841,0,0.6314253545999544
depression,PennyLane VQC (4 qubits),5,90845,0,0.20069621824915285
depression,PennyLane VQC (4 qubits),5,90850,0,0.4734699234532155
depression,PennyLane VQC (4 qubits),5,90861,0,0.5122597638434341
depression,PennyLane VQC (4 qubits),5,90878,0,0.4813878299547125
depression,PennyLane VQC (4 qubits),5,90885,0,0.15112530966674126
depression,PennyLane VQC (4 qubits),5,90891,0,0.23633575636330129
depression,PennyLane VQC (4 qubits),5,90907,0,0.17109000858861456
depression,PennyLane VQC (4 qubits),5,90915,0,0.4656351130811105
depression,PennyLane VQC (4 qubits),5,90924,0,0.47889557409452177
depression,PennyLane VQC (4 qubits),5,90930,0,0.5230595525699111
depression,PennyLane VQC (4 qubits),5,90938,1,0.5138807091158302
depression,PennyLane VQC (4 qubits),5,90949,0,0.2729250234232613
depression,PennyLane VQC (4 qubits),5,90961,0,0.2567037853196161
depression,PennyLane VQC (4 qubits),5,90970,0,0.3482178084566137
depression,PennyLane VQC (4 qubits),5,90977,0,0.33932157045409306
depression,PennyLane VQC (4 qubits),5,90988,0,0.4345030213561519
depression,PennyLane VQC (4 qubits),5,90993,0,0.5332083880679095
depression,PennyLane VQC (4 qubits),5,91002,0,0.44510898367128415
depression,PennyLane VQC (4 qubits),5,91004,0,0.3415718788084272
depression,PennyLane VQC (4 qubits),5,91017,1,0.6089531168757601
depression,PennyLane VQC (4 qubits),5,91027,0,0.4169094374703352
depression,PennyLane VQC (4 qubits),5,91042,0,0.6534892317186027
depression,PennyLane VQC (4 qubits),5,91050,0,0.4633411619143324
depression,PennyLane VQC (4 qubits),5,91063,0,0.32239546856875767
depression,PennyLane VQC (4 qubits),5,91075,0,0.5504109966623978
depression,PennyLane VQC (4 qubits),5,91082,0,0.47710618637762225
depression,PennyLane VQC (4 qubits),5,91095,0,0.4491850812949837
depression,PennyLane VQC (4 qubits),5,91108,0,0.5370825868970566
depression,PennyLane VQC (4 qubits),5,91115,0,0.26773498696546905
depression,PennyLane VQC (4 qubits),5,91123,0,0.6238309317119763
depression,PennyLane VQC (4 qubits),5,91131,0,0.40183163461988464
depression,PennyLane VQC (4 qubits),5,91155,0,0.5068096697700429
depression,PennyLane VQC (4 qubits),5,91163,0,0.28110336497130095
depression,PennyLane VQC (4 qubits),5,91172,0,0.4563838531398021
depression,PennyLane VQC (4 qubits),5,91183,0,0.6255789761789389
depression,PennyLane VQC (4 qubits),5,91194,0,0.7197536831014808
depression,PennyLane VQC (4 qubits),5,91207,0,0.5829714788282722
depression,PennyLane VQC (4 qubits),5,91217,0,0.6190365841005603
depression,PennyLane VQC (4 qubits),5,91228,1,0.33449007181747525
depression,PennyLane VQC (4 qubits),5,91243,0,0.4243214329925539
depression,PennyLane VQC (4 qubits),5,91253,0,0.693745103753233
depression,PennyLane VQC (4 qubits),5,91261,0,0.550983934986331
depression,PennyLane VQC (4 qubits),5,91273,0,0.26282754115807416
depression,PennyLane VQC (4 qubits),5,91282,0,0.4525885715505897
depression,PennyLane VQC (4 qubits),5,91293,0,0.6394844692151392
depression,PennyLane VQC (4 qubits),5,91305,0,0.1260571365302725
depression,PennyLane VQC (4 qubits),5,91317,0,0.5311479302063544
depression,PennyLane VQC (4 qubits),5,91325,0,0.20592322850478084
depression,PennyLane VQC (4 qubits),5,91334,0,0.35577731199342455
depression,PennyLane VQC (4 qubits),5,91343,0,0.37980321441884846
depression,PennyLane VQC (4 qubits),5,91351,0,0.17427618143508672
depression,PennyLane VQC (4 qubits),5,91358,0,0.6105300146716005
depression,PennyLane VQC (4 qubits),5,91364,0,0.5257816205382444
depression,PennyLane VQC (4 qubits),5,91371,0,0.3861573417428259
depression,PennyLane VQC (4 qubits),5,91389,0,0.5384728257308989
depression,PennyLane VQC (4 qubits),5,91397,0,0.6171618107889736
depression,PennyLane VQC (4 qubits),5,91406,0,0.5902062785168547
depression,PennyLane VQC (4 qubits),5,91417,0,0.4655669813499289
depression,PennyLane VQC (4 qubits),5,91427,0,0.30109539743049146
depression,PennyLane VQC (4 qubits),5,91437,0,0.42848767011795263
depression,PennyLane VQC (4 qubits),5,91445,0,0.23429115756344054
depression,PennyLane VQC (4 qubits),5,91452,0,0.49770727020773686
depression,PennyLane VQC (4 qubits),5,91455,1,0.3732324479695269
depression,PennyLane VQC (4 qubits),5,91476,0,0.23704954667235695
depression,PennyLane VQC (4 qubits),5,91482,1,0.5853051775075769
depression,PennyLane VQC (4 qubits),5,91490,0,0.5460834776610569
depression,PennyLane VQC (4 qubits),5,91502,0,0.3349784160844762
depression,PennyLane VQC (4 qubits),5,91512,0,0.48206138549531996
depression,PennyLane VQC (4 qubits),5,91527,1,0.527165431092294
depression,PennyLane VQC (4 qubits),5,91536,0,0.6048798719114311
depression,PennyLane VQC (4 qubits),5,91547,0,0.548463686646543
depression,PennyLane VQC (4 qubits),5,91557,0,0.5411400168046336
depression,PennyLane VQC (4 qubits),5,91564,0,0.5493517393200851
depression,PennyLane VQC (4 qubits),5,91566,0,0.20363481279900075
depression,PennyLane VQC (4 qubits),5,91581,0,0.4986384757760248
depression,PennyLane VQC (4 qubits),5,91586,0,0.3880249127691916
depression,PennyLane VQC (4 qubits),5,91600,0,0.4396184154990815
depression,PennyLane VQC (4 qubits),5,91611,0,0.4356784064117309
depression,PennyLane VQC (4 qubits),5,91619,0,0.15589075512883038
depression,PennyLane VQC (4 qubits),5,91628,0,0.5087235090528324
depression,PennyLane VQC (4 qubits),5,91635,0,0.5318550968040292
depression,PennyLane VQC (4 qubits),5,91647,0,0.5316469878765849
depression,PennyLane VQC (4 qubits),5,91652,0,0.2979633451997928
depression,PennyLane VQC (4 qubits),5,91665,0,0.38894725834128513
depression,PennyLane VQC (4 qubits),5,91677,1,0.15050758578938517
depression,PennyLane VQC (4 qubits),5,91696,0,0.469119038461134
depression,PennyLane VQC (4 qubits),5,91706,0,0.44334255830660313
depression,PennyLane VQC (4 qubits),5,91715,0,0.6132420677856307
depression,PennyLane VQC (4 qubits),5,91723,0,0.5431248142351364
depression,PennyLane VQC (4 qubits),5,91725,0,0.41665816848780124
depression,PennyLane VQC (4 qubits),5,91732,0,0.49504350277222875
depression,PennyLane VQC (4 qubits),5,91737,0,0.34389471591193604
depression,PennyLane VQC (4 qubits),5,91744,0,0.5503033183941279
depression,PennyLane VQC (4 qubits),5,91760,0,0.2594684316422323
depression,PennyLane VQC (4 qubits),5,91781,0,0.20683958654917795
depression,PennyLane VQC (4 qubits),5,91788,0,0.602780325889954
depression,PennyLane VQC (4 qubits),5,91794,0,0.41777942021691844
depression,PennyLane VQC (4 qubits),5,91806,0,0.47594598862494
depression,PennyLane VQC (4 qubits),5,91811,0,0.5472819185306459
depression,PennyLane VQC (4 qubits),5,91819,0,0.45498768522685296
depression,PennyLane VQC (4 qubits),5,91828,1,0.26836584149163195
depression,PennyLane VQC (4 qubits),5,91835,0,0.4320099324582154
depression,PennyLane VQC (4 qubits),5,91842,0,0.32238660771132455
depression,PennyLane VQC (4 qubits),5,91852,0,0.2836457373511537
depression,PennyLane VQC (4 qubits),5,91861,0,0.5471390407272123
depression,PennyLane VQC (4 qubits),5,91869,0,0.21787423357770297
depression,PennyLane VQC (4 qubits),5,91886,0,0.5129831623747273
depression,PennyLane VQC (4 qubits),5,91893,0,0.35152127405780115
depression,PennyLane VQC (4 qubits),5,91900,0,0.4913734867152604
depression,PennyLane VQC (4 qubits),5,91912,0,0.41411306279504423
depression,PennyLane VQC (4 qubits),5,91922,0,0.5162360111580212
depression,PennyLane VQC (4 qubits),5,91931,0,0.5959818278039977
depression,PennyLane VQC (4 qubits),5,91945,0,0.47352421756899854
depression,PennyLane VQC (4 qubits),5,91954,0,0.5557961380529084
depression,PennyLane VQC (4 qubits),5,91966,1,0.4345598119502606
depression,PennyLane VQC (4 qubits),5,91967,0,0.31245942879296923
depression,PennyLane VQC (4 qubits),5,91983,0,0.6391775870599602
depression,PennyLane VQC (4 qubits),5,91993,0,0.6484064499247867
depression,PennyLane VQC (4 qubits),5,92002,0,0.4877248607697213
depression,PennyLane VQC (4 qubits),5,92017,0,0.46202959646843567
depression,PennyLane VQC (4 qubits),5,92025,0,0.22664773673388533
depression,PennyLane VQC (4 qubits),5,92038,0,0.44922543090532074
depression,PennyLane VQC (4 qubits),5,92048,0,0.7405530910143616
depression,PennyLane VQC (4 qubits),5,92055,0,0.4903218650552144
depression,PennyLane VQC (4 qubits),5,92068,0,0.3844106490533605
depression,PennyLane VQC (4 qubits),5,92081,0,0.5743971629263555
depression,PennyLane VQC (4 qubits),5,92089,0,0.5208455290455865
depression,PennyLane VQC (4 qubits),5,92097,0,0.3432468303666535
depression,PennyLane VQC (4 qubits),5,92105,0,0.5977532078168286
depression,PennyLane VQC (4 qubits),5,92114,0,0.24904733540713297
depression,PennyLane VQC (4 qubits),5,92123,0,0.28788571019201675
depression,PennyLane VQC (4 qubits),5,92131,0,0.4134465969126165
depression,PennyLane VQC (4 qubits),5,92138,0,0.32405822265905926
depression,PennyLane VQC (4 qubits),5,92141,0,0.5141496457589412
depression,PennyLane VQC (4 qubits),5,92157,1,0.5519433501986417
depression,PennyLane VQC (4 qubits),5,92167,0,0.47806448362036363
depression,PennyLane VQC (4 qubits),5,92170,0,0.41552298810704297
depression,PennyLane VQC (4 qubits),5,92186,0,0.5210218978739969
depression,PennyLane VQC (4 qubits),5,92199,0,0.6054693743793131
depression,PennyLane VQC (4 qubits),5,92206,1,0.13352546538544285
depression,PennyLane VQC (4 qubits),5,92218,0,0.4402492820658685
depression,PennyLane VQC (4 qubits),5,92234,0,0.5491094785470458
depression,PennyLane VQC (4 qubits),5,92242,0,0.42358152289019135
depression,PennyLane VQC (4 qubits),5,92254,0,0.4719076069412198
depression,PennyLane VQC (4 qubits),5,92259,0,0.4330867450062536
depression,PennyLane VQC (4 qubits),5,92260,0,0.6286386007264544
depression,PennyLane VQC (4 qubits),5,92275,0,0.5384523954948494
depression,PennyLane VQC (4 qubits),5,92294,0,0.4849890410431633
depression,PennyLane VQC (4 qubits),5,92299,0,0.5778088964099537
depression,PennyLane VQC (4 qubits),5,92319,0,0.3875355072096567
depression,PennyLane VQC (4 qubits),5,92333,0,0.2980935420970595
depression,PennyLane VQC (4 qubits),5,92347,0,0.5554643475103476
depression,PennyLane VQC (4 qubits),5,92358,0,0.45457735781929604
depression,PennyLane VQC (4 qubits),5,92365,0,0.5300987605417767
depression,PennyLane VQC (4 qubits),5,92373,0,0.19868891997106264
depression,PennyLane VQC (4 qubits),5,92386,0,0.43945881981188073
depression,PennyLane VQC (4 qubits),5,92397,0,0.4990919623171275
depression,PennyLane VQC (4 qubits),5,92407,0,0.5024526818827559
depression,PennyLane VQC (4 qubits),5,92415,0,0.1831551521992083
depression,PennyLane VQC (4 qubits),5,92420,0,0.627006345737652
depression,PennyLane VQC (4 qubits),5,92429,0,0.5991760094392387
depression,PennyLane VQC (4 qubits),5,92438,0,0.575369941089648
depression,PennyLane VQC (4 qubits),5,92450,0,0.5957874597525827
depression,PennyLane VQC (4 qubits),5,92463,0,0.5087235090528324
depression,PennyLane VQC (4 qubits),5,92482,0,0.5278705864738304
depression,PennyLane VQC (4 qubits),5,92485,0,0.6069999744474216
depression,PennyLane VQC (4 qubits),5,92495,0,0.48712507813002603
depression,PennyLane VQC (4 qubits),5,92510,0,0.35795190744949995
depression,PennyLane VQC (4 qubits),5,92522,1,0.6974203456854334
depression,PennyLane VQC (4 qubits),5,92530,0,0.2413477547814759
depression,PennyLane VQC (4 qubits),5,92538,0,0.3394210970646103
depression,PennyLane VQC (4 qubits),5,92541,0,0.3490787539062581
depression,PennyLane VQC (4 qubits),5,92551,0,0.4866549327277758
depression,PennyLane VQC (4 qubits),5,92557,0,0.24738623061423914
depression,PennyLane VQC (4 qubits),5,92567,0,0.7191437034620084
depression,PennyLane VQC (4 qubits),5,92579,0,0.2812034873115273
depression,PennyLane VQC (4 qubits),5,92591,0,0.27259116923272625
depression,PennyLane VQC (4 qubits),5,92602,1,0.34230174045486006
depression,PennyLane VQC (4 qubits),5,92609,0,0.40386983006279326
depression,PennyLane VQC (4 qubits),5,92619,0,0.23101037168389826
depression,PennyLane VQC (4 qubits),5,92628,0,0.4963876081299172
depression,PennyLane VQC (4 qubits),5,92641,0,0.5490059436488548
depression,PennyLane VQC (4 qubits),5,92649,0,0.4615011827050902
depression,PennyLane VQC (4 qubits),5,92662,0,0.5007063257754637
depression,PennyLane VQC (4 qubits),5,92670,0,0.4762069136509298
depression,PennyLane VQC (4 qubits),5,92681,0,0.15157116086582334
depression,PennyLane VQC (4 qubits),5,92690,0,0.5136679905705956
depression,PennyLane VQC (4 qubits),5,92700,0,0.625432244464344
depression,PennyLane VQC (4 qubits),5,92709,0,0.3819542145021758
depression,PennyLane VQC (4 qubits),5,92722,0,0.28908868607338306
depression,PennyLane VQC (4 qubits),5,92731,0,0.5659560908125174
depression,PennyLane VQC (4 qubits),5,92743,1,0.5342163043239634
depression,PennyLane VQC (4 qubits),5,92745,1,0.206303319651859
depression,PennyLane VQC (4 qubits),5,92762,0,0.49287825023880927
depression,PennyLane VQC (4 qubits),5,92774,0,0.4842946405027688
depression,PennyLane VQC (4 qubits),5,92785,0,0.37888885095603847
depression,PennyLane VQC (4 qubits),5,92795,0,0.4253650656656821
depression,PennyLane VQC (4 qubits),5,92808,0,0.5283009898348451
depression,PennyLane VQC (4 qubits),5,92818,0,0.4975206183067278
depression,PennyLane VQC (4 qubits),5,92826,0,0.1255622653080226
depression,PennyLane VQC (4 qubits),5,92832,0,0.6183352157153374
depression,PennyLane VQC (4 qubits),5,92846,1,0.2358892819399825
depression,PennyLane VQC (4 qubits),5,92849,0,0.47953105017987924
depression,PennyLane VQC (4 qubits),5,92854,0,0.40990991121756687
depression,PennyLane VQC (4 qubits),5,92880,0,0.4089266583711864
depression,PennyLane VQC (4 qubits),5,92883,0,0.49675245725962336
depression,PennyLane VQC (4 qubits),5,92891,0,0.5516149494951194
depression,PennyLane VQC (4 qubits),5,92899,0,0.31204676597238934
depression,PennyLane VQC (4 qubits),5,92905,0,0.26550540484306595
depression,PennyLane VQC (4 qubits),5,92912,0,0.45818860413743145
depression,PennyLane VQC (4 qubits),5,92922,1,0.4239929988941781
depression,PennyLane VQC (4 qubits),5,92930,0,0.5829714788282722
depression,PennyLane VQC (4 qubits),5,92941,0,0.28816719988378875
depression,PennyLane VQC (4 qubits),5,92952,0,0.46922752728526096
depression,PennyLane VQC (4 qubits),5,92960,0,0.09740664203515964
depression,PennyLane VQC (4 qubits),5,92971,0,0.4733680404808652
depression,PennyLane VQC (4 qubits),5,92981,1,0.5638436314404471
depression,PennyLane VQC (4 qubits),5,92988,0,0.6051230326200246
depression,PennyLane VQC (4 qubits),5,92994,0,0.5816202003422426
depression,PennyLane VQC (4 qubits),5,93002,0,0.4949074052214288
depression,PennyLane VQC (4 qubits),5,93010,1,0.4782973586427385
depression,PennyLane VQC (4 qubits),5,93013,0,0.746248093081471
depression,PennyLane VQC (4 qubits),5,93024,0,0.5272512391424332
depression,PennyLane VQC (4 qubits),5,93034,0,0.5062008076522406
depression,PennyLane VQC (4 qubits),5,93036,0,0.6176627377662534
depression,PennyLane VQC (4 qubits),5,93052,0,0.5419246284697161
depression,PennyLane VQC (4 qubits),5,93068,1,0.6620117618913914
depression,PennyLane VQC (4 qubits),5,93074,1,0.5271846272085714
depression,PennyLane VQC (4 qubits),5,93083,0,0.4754012018999162
depression,PennyLane VQC (4 qubits),5,93092,0,0.570645698114449
depression,PennyLane VQC (4 qubits),5,93099,0,0.4116592256293658
depression,PennyLane VQC (4 qubits),5,93109,0,0.5146268615338491
depression,PennyLane VQC (4 qubits),5,93120,0,0.4802142977465203
depression,PennyLane VQC (4 qubits),5,93131,0,0.42227360083921783
depression,PennyLane VQC (4 qubits),5,93145,0,0.24829697502877918
depression,PennyLane VQC (4 qubits),5,93157,0,0.4886254677562865
depression,PennyLane VQC (4 qubits),5,93172,0,0.27259116923272625
depression,PennyLane VQC (4 qubits),5,93180,0,0.3511050177249374
depression,PennyLane VQC (4 qubits),5,93191,0,0.4943968064683088
depression,PennyLane VQC (4 qubits),5,93202,0,0.6286991385407749
depression,PennyLane VQC (4 qubits),5,93209,0,0.520876326642576
depression,PennyLane VQC (4 qubits),5,93220,0,0.4671022581525887
depression,PennyLane VQC (4 qubits),5,93235,0,0.5989663909512488
depression,PennyLane VQC (4 qubits),5,93244,0,0.4863457372455331
depression,PennyLane VQC (4 qubits),5,93247,0,0.43918712789330705
depression,PennyLane VQC (4 qubits),5,93267,0,0.5339277596998856
depression,PennyLane VQC (4 qubits),5,93274,0,0.14420947926896677
depression,PennyLane VQC (4 qubits),5,93279,0,0.6410060262366977
depression,PennyLane VQC (4 qubits),5,93285,0,0.3291520287060731
depression,PennyLane VQC (4 qubits),5,93297,0,0.5235851518665053
depression,PennyLane VQC (4 qubits),5,93307,0,0.37301254363112046
depression,PennyLane VQC (4 qubits),5,93313,1,0.6217918560140593
depression,PennyLane VQC (4 qubits),5,93322,0,0.16424757745107993
depression,PennyLane VQC (4 qubits),5,93334,0,0.5966296395586324
depression,PennyLane VQC (4 qubits),5,93336,0,0.20695709561417142
depression,PennyLane VQC (4 qubits),5,93354,0,0.4937878768655703
depression,PennyLane VQC (4 qubits),5,93364,0,0.3970283510773528
depression,PennyLane VQC (4 qubits),5,93370,0,0.44150175311552575
depression,PennyLane VQC (4 qubits),5,93381,0,0.43199112494247066
depression,PennyLane VQC (4 qubits),5,93395,1,0.3412272539473159
depression,PennyLane VQC (4 qubits),5,93415,0,0.45375354266324064
depression,PennyLane VQC (4 qubits),5,93427,0,0.4382071044626826
depression,PennyLane VQC (4 qubits),5,93429,0,0.43358569979898565
depression,PennyLane VQC (4 qubits),5,93441,0,0.4181511360721851
depression,PennyLane VQC (4 qubits),5,93454,1,0.4432810876385553
depression,PennyLane VQC (4 qubits),5,93463,0,0.3882216901920701
depression,PennyLane VQC (4 qubits),5,93482,0,0.1729455908121293
depression,PennyLane VQC (4 qubits),5,93489,0,0.48424530664073445
depression,PennyLane VQC (4 qubits),5,93496,0,0.29886165114351504
depression,PennyLane VQC (4 qubits),5,93504,0,0.43232859262282225
depression,PennyLane VQC (4 qubits),5,93514,0,0.30171219084710443
depression,PennyLane VQC (4 qubits),5,93528,0,0.1827943893537498
depression,PennyLane VQC (4 qubits),5,93535,0,0.5197713880597333
depression,PennyLane VQC (4 qubits),5,93549,0,0.45530744181277505
depression,PennyLane VQC (4 qubits),5,93557,0,0.48877607521201705
depression,PennyLane VQC (4 qubits),5,93560,0,0.5783508069796195
depression,PennyLane VQC (4 qubits),5,93567,0,0.42899541398043084
depression,PennyLane VQC (4 qubits),5,93577,0,0.386167065787468
depression,PennyLane VQC (4 qubits),5,93589,0,0.3785922882195439
depression,PennyLane VQC (4 qubits),5,93598,0,0.4208148283138158
depression,PennyLane VQC (4 qubits),5,93609,0,0.4688061641457897
depression,PennyLane VQC (4 qubits),5,93620,0,0.5091645759742321
depression,PennyLane VQC (4 qubits),5,93626,0,0.21032305619662978
depression,PennyLane VQC (4 qubits),5,93639,0,0.4891403677393363
depression,PennyLane VQC (4 qubits),5,93652,0,0.5378611931128595
depression,PennyLane VQC (4 qubits),5,93659,0,0.5198687113884393
depression,PennyLane VQC (4 qubits),5,93670,0,0.3240589345559822
depression,PennyLane VQC (4 qubits),5,93677,0,0.42241689964445694
depression,PennyLane VQC (4 qubits),5,93690,0,0.44510140605058535
